Collection_name,full_form,collection_category,collection_description,primary_entity,key_fields,fields,blueprint,likely_relationships,data_sensitivity,status
accdrivers,Accident Drivers,Safety & Accidents,"Stores detailed information about individual drivers involved in road accidents, including their demographics, injuries sustained, traffic violations committed, and safety measures taken. Each record is linked to a specific accident event.",Accident Driver,"accidentId, injuryType, trafficViolation, safetyDevice","__v, _id, accidentId, age, createdAt, createdBy, injuryType, licenseNumber, licenseType, roadId, safetyDevice, sex, trafficViolation, updatedAt, updatedBy","{'age': {'types': ['int'], 'presence_rate': '75%', 'sample_values': []}, 'sex': {'types': ['str'], 'presence_rate': '94%', 'sample_values': ['Female', 'Male', 'Unknown']}, 'injuryType': {'types': ['str'], 'presence_rate': '95%', 'sample_values': ['Fatal', 'Grievous Injured', 'Minor Injured', 'Non-Injured', 'Not known']}, 'accidentId': {'types': ['ObjectId'], 'presence_rate': '100%', 'sample_values': []}, 'createdAt': {'types': ['datetime'], 'presence_rate': '100%', 'sample_values': []}, 'createdBy': {'types': ['ObjectId'], 'presence_rate': '100%', 'sample_values': []}, 'updatedAt': {'types': ['datetime'], 'presence_rate': '100%', 'sample_values': []}, 'updatedBy': {'types': ['ObjectId'], 'presence_rate': '100%', 'sample_values': []}, '__v': {'types': ['int'], 'presence_rate': '100%', 'sample_values': []}, 'roadId': {'types': ['ObjectId'], 'presence_rate': '100%', 'sample_values': []}, 'licenseType': {'types': ['str'], 'presence_rate': '77%', 'sample_values': ['Not Known', 'Valid Permanent Licence', 'Valid Permanent License', 'Without Licence']}, 'licenseNumber': {'types': ['str'], 'presence_rate': '23%', 'sample_values': ['', '123', '20070085398', '783/01', 'HR 0120150127779', 'HR28-20170000306 ']}, 'trafficViolation': {'types': ['str'], 'presence_rate': '93%', 'sample_values': ['Driving on Wrong Side', 'Drunken Driving', 'No Violation', 'Not Known', 'Over Speeding', 'Use of Mobile Phone']}, 'safetyDevice': {'types': ['str'], 'presence_rate': '83%', 'sample_values': ['Helmet', 'No', 'Not Known (In case of Hit & Run)', 'Seat Belt', 'UnKnown', 'Yes']}}","accidentidentifications, roads, users",Confidential,ok
acchistories,Accident Histories,Safety & Accidents,"This collection serves as an audit log, recording the history of changes and events related to accident reports. Each document captures a single action, such as creation, edits to details, or comments, along with who performed the action and when.",Accident History Record,"accId, userId, field, action, createdAt","__v, _id, accId, action, createdAt, field, roadId, userId, valueAfter, valueBefore","{'userId': {'types': ['ObjectId'], 'presence_rate': '96%', 'sample_values': []}, 'accId': {'types': ['ObjectId'], 'presence_rate': '94%', 'sample_values': []}, 'valueBefore': {'types': ['str'], 'presence_rate': '28%', 'sample_values': ['', '0', 'APPROVED', 'Bad', 'CHC Hospital Bulandshahar by', 'Can be driven away']}, 'valueAfter': {'types': ['str'], 'presence_rate': '85%', 'sample_values': ['', '0', '1', '150.07', '2', '204.5']}, 'field': {'types': ['str'], 'presence_rate': '100%', 'sample_values': ['COMMENT', 'NEW ACCIDENT', 'NEW DRIVER DETAILS', 'NEW ROAD DETAILS', 'NEW SHIFT REPORT', 'NEW VEHICLE DETAILS']}, 'action': {'types': ['str'], 'presence_rate': '100%', 'sample_values': ['Added a comment - ""Nature of Accident* Vehicle run-off*""', 'Edited AMB Vehicle  to ""AMB-2""\'', 'Edited AMB Vehicle  to ""AMB-3""\'', 'Edited Amb Last Chainage to ""90.53"" ', 'Edited Area Type to ""Rural"" ', 'Edited Causes to ""Fault of Pedestrian/Animal/other road users"" ']}, 'createdAt': {'types': ['datetime'], 'presence_rate': '100%', 'sample_values': []}, 'roadId': {'types': ['ObjectId'], 'presence_rate': '100%', 'sample_values': []}, '__v': {'types': ['int'], 'presence_rate': '100%', 'sample_values': []}}","accidentidentifications, users, roads",Confidential,ok
accidentidentifications,Accident Identifications,Safety & Accidents,"This collection stores detailed records of traffic accidents occurring on the managed highways. Each document contains information about the accident's location, date, severity, type of crash, number of injuries or fatalities, and involved parties.",Accident Report,"accidentId, accidentDate, accidentType, chainage, location","__v, _id, accTitle, accidentDate, accidentId, accidentLocation, accidentType, accidentVideoLink, accidentWorkZoneLocation, ambLastChainage, ambLastDirection, ambResponseDate, ambVehicle, ambulanceResponseTime, areaType, atmsAccEntryId, audioURL, causes, chainage, collisionType, crashType, createdAt, createdBy, description, detailDescription, direction, dprCreatedBeforeAccident, dprId, driverIds, fatalityNumber, fir, firNumber, hitAndRun, hospitalName, hydraLastChainage, hydraLastDirection, hydraResponseDate, hydraVehicle, images, imsUnit, infoReceivedFrom, injuredAnimalNumber, isAnimalInvolved, isAtmsInstalled, isDprRaised, isLaboursInvolved, isOtherAmbVehicle, isPedestriansInvolved, isSpvOrVendorInvolved, issueId, junctionType, killedAnimalNumber, labourFatalityNumber, labourGreviousInjuryNumber, labourMinorInjuryNumber, labourNonInjuryNumber, labourUnknownPersonNumber, lightingCondition, location, majorContributingFactor, majorFactorDescription, majorInjuryNumber, mediaPublication, minorInjuryNumber, minorOrSeverityIncreasingFactor, minorOrSeverityIncreasingFactorDescription, motorVehiclesInvolved, nameOfTollPlaza, natureOfAccident, noOfVehiclesInvolved, nonInjuredAnimalNumber, nonInjuryNumber, nonMotorVehiclesInvolved, observationComments, observationStatus, otherAccidentLocation, otherAmbVehicle, otherCauseOfAccident, otherNatureOfAccident, pedestrianFatalityNumber, pedestrianGreviousInjuryNumber, pedestrianIds, pedestrianMinorInjuryNumber, pedestrianNonInjuryNumber, pedestrianUnknownPersonNumber, pedestriansInvolved, policeStation, preventiveMeasure, preventiveMeasureType, propertyDamage, reason, remarks, remarksByRpvTeam, roadDetailId, roadId, roadTollPlaza, roadType, roadWayClearanceTime, rpvLastChainage, rpvLastDirection, rpvResponseDate, rpvResponseTime, rpvVehicle, safetyCoordinator, safetyHelmetRequired, safetyHelmetUsed, safetyInCharge, safetyJacketsRequired, safetyJacketsUsed, safetyShoesRequired, safetyShoesUsed, siteSafetyCoordinator, spvOrVendorVehicleInvolved, status, timeOfInfoReceivedAMB, timeOfInfoReceivedCRO, timeOfInfoReceivedHydra, timeOfInfoReceivedRPO, tollPlazaAccidentLocation, tollPlazaLane, trafficChannelizingArrangements, typeOfActivity, unknownPersonNumber, updatedAt, updatedBy, vehicleIds, vehicleInvolvedOne, vehicleInvolvedTwo, vendorName, videoCapture, workZone, workZoneActivityStatus, workZoneArrangementSafetyChecklistShared, workZoneArrangementVideoShared, workZoneLocation, workZoneStage, workZoneType","{'fatalityNumber': {'types': ['int'], 'presence_rate': '95%', 'sample_values': []}, 'majorInjuryNumber': {'types': ['int'], 'presence_rate': '96%', 'sample_values': []}, 'minorInjuryNumber': {'types': ['int'], 'presence_rate': '96%', 'sample_values': []}, 'nonInjuryNumber': {'types': ['int'], 'presence_rate': '95%', 'sample_values': []}, 'unknownPersonNumber': {'types': ['int'], 'presence_rate': '73%', 'sample_values': []}, 'vehicleIds': {'types': ['list'], 'presence_rate': '100%', 'sample_values': []}, 'driverIds': {'types': ['list'], 'presence_rate': '100%', 'sample_values': []}, 'pedestrianIds': {'types': ['list'], 'presence_rate': '100%', 'sample_values': []}, 'status': {'types': ['str'], 'presence_rate': '100%', 'sample_values': ['APPROVED', 'CLOSED', 'DUPLICATE', 'ON-GOING', 'SUBMITTED']}, 'imsUnit': {'types': ['list'], 'presence_rate': '93%', 'sample_values': []}, 'preventiveMeasureType': {'types': ['list'], 'presence_rate': '93%', 'sample_values': []}, 'isSpvOrVendorInvolved': {'types': ['str'], 'presence_rate': '27%', 'sample_values': ['No']}, 'accidentLocation': {'types': ['str'], 'presence_rate': '27%', 'sample_values': ['Others', 'Toll Plaza', 'Work Zone']}, 'majorContributingFactor': {'types': ['list'], 'presence_rate': '27%', 'sample_values': []}, 'minorOrSeverityIncreasingFactor': {'types': ['list'], 'presence_rate': '27%', 'sample_values': []}, 'isDprRaised': {'types': ['str'], 'presence_rate': '27%', 'sample_values': ['Not Applicable', 'Not Raised', 'Raised']}, 'chainage': {'types': ['int', 'float'], 'presence_rate': '100%', 'sample_values': []}, 'direction': {'types': ['str'], 'presence_rate': '100%', 'sample_values': ['LHS', 'RHS']}, 'roadType': {'types': ['str'], 'presence_rate': '100%', 'sample_values': ['CR', 'MCW', 'SR']}, 'accidentType': {'types': ['str'], 'presence_rate': '99%', 'sample_values': ['Fatal', 'Grevious Injury (Need Hospitalization)', 'Grievous Injured', 'Minor Injured', 'Non Injury', 'Non-Injured']}, 'crashType': {'types': ['str'], 'presence_rate': '93%', 'sample_values': ['Multiple Vehicles', 'Others', 'Single Vehicle', 'Unknown', 'Vehicle-Animal', 'Vehicle-Parked Vehicle']}, 'description': {'types': ['str'], 'presence_rate': '99%', 'sample_values': ['.', 'A Grievous Injured accident happened at km 164+450 LHS', 'A non injured accedent', 'A non injured accident happened at ch 60+620 Rhs palwal flyover', 'A unknown vehicle hit to pedestrian, pedestrian death on the spot', 'Accident happened due to over speed.']}, 'hitAndRun': {'types': ['str'], 'presence_rate': '96%', 'sample_values': ['No', 'Not Applicable', 'Yes']}, 'dprId': {'types': ['ObjectId'], 'presence_rate': '1%', 'sample_values': []}, 'location': {'types': ['dict'], 'presence_rate': '100%', 'sample_values': []}, 'location.type': {'types': ['str'], 'presence_rate': '100%', 'sample_values': ['Point']}, 'location.coordinates': {'types': ['list'], 'presence_rate': '100%', 'sample_values': []}, 'location._id': {'types': ['ObjectId'], 'presence_rate': '100%', 'sample_values': []}, 'roadId': {'types': ['ObjectId'], 'presence_rate': '100%', 'sample_values': []}, 'images': {'types': ['list'], 'presence_rate': '100%', 'sample_values': []}, 'createdBy': {'types': ['ObjectId'], 'presence_rate': '100%', 'sample_values': []}, 'createdAt': {'types': ['datetime'], 'presence_rate': '100%', 'sample_values': []}, 'updatedAt': {'types': ['datetime'], 'presence_rate': '100%', 'sample_values': []}, 'updatedBy': {'types': ['ObjectId'], 'presence_rate': '100%', 'sample_values': []}, 'accidentDate': {'types': ['datetime'], 'presence_rate': '100%', 'sample_values': []}, 'isAnimalInvolved': {'types': ['str'], 'presence_rate': '93%', 'sample_values': ['No', 'Yes']}, 'isPedestriansInvolved': {'types': ['str'], 'presence_rate': '93%', 'sample_values': ['No', 'Yes']}, 'isLaboursInvolved': {'types': ['str'], 'presence_rate': '84%', 'sample_values': ['No']}, 'roadTollPlaza': {'types': ['ObjectId'], 'presence_rate': '86%', 'sample_values': []}, 'siteSafetyCoordinator': {'types': ['ObjectId'], 'presence_rate': '82%', 'sample_values': []}, 'accidentId': {'types': ['str'], 'presence_rate': '100%', 'sample_values': ['ACC-10', 'ACC-102', 'ACC-105', 'ACC-1051', 'ACC-1055', 'ACC-1105']}, '__v': {'types': ['int'], 'presence_rate': '100%', 'sample_values': []}, 'fir': {'types': ['str'], 'presence_rate': '73%', 'sample_values': ['No', 'Yes']}, 'firNumber': {'types': ['str'], 'presence_rate': '61%', 'sample_values': ['', '12345', 'NO']}, 'policeStation': {'types': ['str'], 'presence_rate': '95%', 'sample_values': ['Aaraniya', 'Aaraniya Thana', 'Addanki', 'BICHKUNDA', 'Badnawar Police Station', 'Baharampore']}, 'areaType': {'types': ['str'], 'presence_rate': '95%', 'sample_values': ['Rural', 'Urban']}, 'junctionType': {'types': ['str'], 'presence_rate': '41%', 'sample_values': ['1-T-Junction', '2-Y-Junction', '3-Four Arm Junction', 'Nil']}, 'otherAccidentLocation': {'types': ['str'], 'presence_rate': '25%', 'sample_values': ['Non-Work Zone Accident', 'Road User Accidents']}, 'workZoneLocation': {'types': ['str'], 'presence_rate': '72%', 'sample_values': ['MM workzone', 'No Workzone']}, 'infoReceivedFrom': {'types': ['str'], 'presence_rate': '92%', 'sample_values': ['1033-Helpline', 'ATMS', 'Emergency numbers', 'Internal team', 'Local Person', 'No info received']}, 'ambVehicle': {'types': ['ObjectId'], 'presence_rate': '55%', 'sample_values': []}, 'isOtherAmbVehicle': {'types': ['bool'], 'presence_rate': '57%', 'sample_values': []}, 'ambLastChainage': {'types': ['int', 'float'], 'presence_rate': '57%', 'sample_values': []}, 'timeOfInfoReceivedAMB': {'types': ['datetime'], 'presence_rate': '57%', 'sample_values': []}, 'ambResponseDate': {'types': ['datetime'], 'presence_rate': '57%', 'sample_values': []}, 'roadWayClearanceTime': {'types': ['datetime'], 'presence_rate': '92%', 'sample_values': []}, 'hospitalName': {'types': ['str'], 'presence_rate': '73%', 'sample_values': ['', '0', '108 Admitted', '108 Ambulance took the victim to the hospital', 'Addanki Govt hospital', 'Admitted to Nearest hospital in a private vehicle by locals.. ']}, 'natureOfAccident': {'types': ['str'], 'presence_rate': '95%', 'sample_values': ['Chain Reaction', 'Crossing the road', 'Head on Collision', 'Others', 'Rear end collision', 'Side Impact']}, 'causes': {'types': ['str'], 'presence_rate': '95%', 'sample_values': ['Drunk Driving', 'Fault of Pedestrian/Animal/other road users', 'Others', 'Overspeed', 'Unknown', 'Vehicle Out of Control']}, 'mediaPublication': {'types': ['str'], 'presence_rate': '65%', 'sample_values': ['No', 'Yes']}, 'roadDetailId': {'types': ['ObjectId', 'str'], 'presence_rate': '96%', 'sample_values': ['5deb4059f76f7b067104b2c7', '5ed23e48326c3715c3717e87', '5ed4e29541ede823cd756234', '5f0086c43b0ff40868585143']}, 'isAtmsInstalled': {'types': ['str'], 'presence_rate': '33%', 'sample_values': ['N/A', 'No', 'Yes']}, 'ambLastDirection': {'types': ['str'], 'presence_rate': '57%', 'sample_values': ['LHS', 'RHS']}, 'timeOfInfoReceivedCRO': {'types': ['datetime'], 'presence_rate': '92%', 'sample_values': []}, 'detailDescription': {'types': ['str'], 'presence_rate': '93%', 'sample_values': ['Nil']}, 'videoCapture': {'types': ['str'], 'presence_rate': '19%', 'sample_values': ['No', 'Yes']}, 'reason': {'types': ['str'], 'presence_rate': '12%', 'sample_values': ['Camera In Patrolling Mode', 'Device Offline', 'Incident Location Behind Camera', 'Others', 'Stretch Out Of Range']}, 'atmsAccEntryId': {'types': ['str'], 'presence_rate': '19%', 'sample_values': ['274', '391', '93', 'ACC-293', 'ACC-418', 'ACCIDENT-331']}, 'accTitle': {'types': ['str'], 'presence_rate': '92%', 'sample_values': ['ADTPL-35-Nd1R2', 'ADTPL-53-Gn4G2', 'APEL-1618-Ge3O3', 'APEL-2243-Nn3J1', 'APEL-2615-Gd1R2', 'APEL-2621-Gd1R1']}, 'preventiveMeasure': {'types': ['str'], 'presence_rate': '90%', 'sample_values': ['. Accidental vehicles removed from the road by Crane TP-1 ', '..', 'Accidental vehicles were shifted to safer place by RPV-4 staff pvt Hydra', 'Avoid lane violations & Drive with limited speed.', 'Avoid over speeding.', 'Be careful while driving']}, 'observationComments': {'types': ['str'], 'presence_rate': '43%', 'sample_values': ['AMB Response time 17 Mints', 'Above information are correct', 'Add picture of the accident vehicle.', 'Bike and Bike Head on collision', 'CRO, Kindly submit the FIR Copy.', 'Close UMO']}, 'hydraVehicle': {'types': ['ObjectId'], 'presence_rate': '15%', 'sample_values': []}, 'timeOfInfoReceivedHydra': {'types': ['datetime'], 'presence_rate': '15%', 'sample_values': []}, 'hydraResponseDate': {'types': ['datetime'], 'presence_rate': '15%', 'sample_values': []}, 'hydraLastChainage': {'types': ['int', 'float'], 'presence_rate': '15%', 'sample_values': []}, 'hydraLastDirection': {'types': ['str'], 'presence_rate': '15%', 'sample_values': ['LHS', 'RHS']}, 'rpvVehicle': {'types': ['ObjectId'], 'presence_rate': '71%', 'sample_values': []}, 'timeOfInfoReceivedRPO': {'types': ['datetime'], 'presence_rate': '71%', 'sample_values': []}, 'rpvResponseDate': {'types': ['datetime'], 'presence_rate': '71%', 'sample_values': []}, 'rpvLastChainage': {'types': ['int', 'float'], 'presence_rate': '71%', 'sample_values': []}, 'rpvLastDirection': {'types': ['str'], 'presence_rate': '71%', 'sample_values': ['LHS', 'RHS']}, 'workZone': {'types': ['str'], 'presence_rate': '22%', 'sample_values': ['No']}, 'killedAnimalNumber': {'types': ['int'], 'presence_rate': '5%', 'sample_values': []}, 'injuredAnimalNumber': {'types': ['int'], 'presence_rate': '5%', 'sample_values': []}, 'nonInjuredAnimalNumber': {'types': ['int'], 'presence_rate': '5%', 'sample_values': []}, 'tollPlazaAccidentLocation': {'types': ['str'], 'presence_rate': '1%', 'sample_values': ['Toll Plaza Approach', 'Toll Plaza Departure']}, 'observationStatus': {'types': ['str'], 'presence_rate': '3%', 'sample_values': ['CLOSED', 'IN-PROGRESS']}, 'nameOfTollPlaza': {'types': ['str'], 'presence_rate': '3%', 'sample_values': ['Elchuru', 'Parsoni Khem', 'Personikhem']}, 'safetyInCharge': {'types': ['str'], 'presence_rate': '2%', 'sample_values': ['Mr Shashikant Verma', 'Mr. Shashikant Verma\xa0', 'Mr.Shashikant Verma']}, 'safetyCoordinator': {'types': ['str'], 'presence_rate': '2%', 'sample_values': ['Mr Abhishek Kumar', 'Mr. Abhishek Kumar', 'Mr.Abhishek Kumar']}, 'collisionType': {'types': ['str'], 'presence_rate': '6%', 'sample_values': ['Fixed /Stationary Object', 'Head on Collision', 'Hit from Back', 'Hit from Side', 'Others (Specify)', 'Pedestrian']}, 'motorVehiclesInvolved': {'types': ['int'], 'presence_rate': '5%', 'sample_values': []}, 'vehicleInvolvedOne': {'types': ['str'], 'presence_rate': '4%', 'sample_values': ['2-wheeler', 'Mini LCV', 'Others', 'Truck']}, 'remarksByRpvTeam': {'types': ['str'], 'presence_rate': '3%', 'sample_values': ['hydra time 80 minutes']}, 'otherNatureOfAccident': {'types': ['str'], 'presence_rate': '1%', 'sample_values': ['Dozed off']}, 'otherCauseOfAccident': {'types': ['str'], 'presence_rate': '9%', 'sample_values': ['Dozed Off', 'Driver Sleeping', 'Drowsy Driving', 'Drowsy driving ', 'Fallen Asleep', 'Fault of the Car Driver']}, 'accidentVideoLink': {'types': ['str'], 'presence_rate': '9%', 'sample_values': ['video not available']}, 'lightingCondition': {'types': ['str'], 'presence_rate': '4%', 'sample_values': ['Day light', 'No streetlight']}, 'noOfVehiclesInvolved': {'types': ['int'], 'presence_rate': '3%', 'sample_values': []}, 'vehicleInvolvedTwo': {'types': ['str'], 'presence_rate': '3%', 'sample_values': ['2-wheeler', 'Truck']}, 'propertyDamage': {'types': ['str'], 'presence_rate': '2%', 'sample_values': ['Others', 'Private', 'Public']}, 'pedestriansInvolved': {'types': ['int'], 'presence_rate': '1%', 'sample_values': []}, 'ambulanceResponseTime': {'types': ['int', 'str'], 'presence_rate': '3%', 'sample_values': ['10', '5', '6']}, 'rpvResponseTime': {'types': ['int', 'str'], 'presence_rate': '2%', 'sample_values': ['06']}, 'tollPlazaLane': {'types': ['int'], 'presence_rate': '1%', 'sample_values': []}, 'pedestrianFatalityNumber': {'types': ['int'], 'presence_rate': '2%', 'sample_values': []}, 'pedestrianGreviousInjuryNumber': {'types': ['int'], 'presence_rate': '4%', 'sample_values': []}, 'pedestrianMinorInjuryNumber': {'types': ['int'], 'presence_rate': '5%', 'sample_values': []}, 'pedestrianNonInjuryNumber': {'types': ['int'], 'presence_rate': '5%', 'sample_values': []}, 'pedestrianUnknownPersonNumber': {'types': ['int'], 'presence_rate': '5%', 'sample_values': []}, 'issueId': {'types': ['ObjectId'], 'presence_rate': '1%', 'sample_values': []}, 'labourGreviousInjuryNumber': {'types': ['int'], 'presence_rate': '1%', 'sample_values': []}, 'labourMinorInjuryNumber': {'types': ['int'], 'presence_rate': '1%', 'sample_values': []}, 'labourUnknownPersonNumber': {'types': ['int'], 'presence_rate': '1%', 'sample_values': []}, 'labourNonInjuryNumber': {'types': ['int'], 'presence_rate': '1%', 'sample_values': []}, 'otherAmbVehicle': {'types': ['str'], 'presence_rate': '1%', 'sample_values': ['1033 AMBULANCE RJ11PA7113', 'NHAI Ambulance RJ11PA7113  ']}, 'nonMotorVehiclesInvolved': {'types': ['int'], 'presence_rate': '1%', 'sample_values': []}}","roads, users, accvehicles, accdrivers, accpeople, accroaddetails, roadtollplazas",Internal,ok
accpeople,Accident Involved Persons,Safety & Accidents,"This collection holds records for each individual involved in a road accident, detailing their demographic information, role in the incident, and the severity of any injuries sustained.",Accident Involved Person,"accidentId, injuryType, type, age, sex","__v, _id, aadharNumber, accidentId, address, age, contractorName, createdAt, createdBy, files, injuryType, name, passengerPositionType, roadId, safetyDevice, sex, type, updatedAt, updatedBy, vehicleType, vendorCardNumber","{'type': {'types': ['str'], 'presence_rate': '98%', 'sample_values': ['Passenger', 'Pedestrian']}, 'sex': {'types': ['str'], 'presence_rate': '99%', 'sample_values': ['Female', 'Male', 'Unknown']}, 'injuryType': {'types': ['NoneType', 'str'], 'presence_rate': '99%', 'sample_values': ['Fatal', 'Grievous Injured', 'Minor Injured', 'Non-Injured', 'Not known']}, 'vehicleType': {'types': ['str'], 'presence_rate': '83%', 'sample_values': ['2-wheeler', '2-wheeler( KA 04  HS 2408)', '2-wheeler( UP81AZ4039)', '2-wheeler(MH 09 AR 4857)', '2-wheeler(MH 13 AD 2613)', '2-wheeler(MH06X0245)']}, 'safetyDevice': {'types': ['str'], 'presence_rate': '80%', 'sample_values': ['Helmet', 'No', 'Not Known (In case of Hit & Run)', 'Seat Belt', 'UnKnown', 'Yes']}, 'passengerPositionType': {'types': ['str'], 'presence_rate': '48%', 'sample_values': ['Front', 'Rear', 'Unknown']}, 'accidentId': {'types': ['ObjectId'], 'presence_rate': '100%', 'sample_values': []}, 'files': {'types': ['list'], 'presence_rate': '91%', 'sample_values': []}, 'createdAt': {'types': ['datetime'], 'presence_rate': '100%', 'sample_values': []}, 'createdBy': {'types': ['ObjectId'], 'presence_rate': '100%', 'sample_values': []}, 'updatedAt': {'types': ['datetime'], 'presence_rate': '100%', 'sample_values': []}, 'updatedBy': {'types': ['ObjectId'], 'presence_rate': '100%', 'sample_values': []}, 'roadId': {'types': ['ObjectId'], 'presence_rate': '100%', 'sample_values': []}, '__v': {'types': ['int'], 'presence_rate': '100%', 'sample_values': []}, 'age': {'types': ['int'], 'presence_rate': '75%', 'sample_values': []}}","accidentidentifications, roads, users",Internal,ok
accroaddetails,Accident Road Details,Safety & Accidents,"Records detailed road, environmental, and traffic control conditions associated with a specific vehicle accident. This data is used for analyzing the factors contributing to accidents on the highway network.",Accident Road Details,"accidentId, roadId, roadFeature, weatherType, speedLimit","__v, _id, accidentId, accidentSpot, createdAt, createdBy, insuranceId, landUse, lightingCondition, propertyDamageLossAmount, propertyDamaged, propertyDamagedRemark, roadChainage, roadCondition, roadFeature, roadId, roadIssueId, roadJunction, roadName, roadNumber, roadType, speedLimit, surfaceCondition, totalLanes, trafficControlType, updatedAt, updatedBy, visiblity, weatherType","{'roadFeature': {'types': ['str'], 'presence_rate': '100%', 'sample_values': ['Curved', 'Curved Road', 'Others', 'Straight Road', 'Structure']}, 'weatherType': {'types': ['str'], 'presence_rate': '100%', 'sample_values': ['Cloudy', 'Fine & Clear', 'Foggy/Misty', 'Mist/Fog', 'Others', 'Rainy']}, 'visiblity': {'types': ['str'], 'presence_rate': '100%', 'sample_values': ['Bad', 'Good', 'Not Known', 'Poor']}, 'roadCondition': {'types': ['str'], 'presence_rate': '88%', 'sample_values': ['Bad', 'Good']}, 'speedLimit': {'types': ['str'], 'presence_rate': '96%', 'sample_values': ['40 – 60', '60 – 80', '>80', 'More than 80kmph', 'No Speed Sign', 'Unknown']}, 'propertyDamaged': {'types': ['str'], 'presence_rate': '87%', 'sample_values': ['No', 'Yes']}, 'propertyDamagedRemark': {'types': ['str'], 'presence_rate': '13%', 'sample_values': ['', ' Approx. 05 Mtr. separator damage ', '02 avenue plants damaged ', '05 Meters MBCB Got Damaged', '1.5 meter PGR Damaged in this accident', '26 Meter MBCB Damage ']}, 'accidentId': {'types': ['ObjectId'], 'presence_rate': '100%', 'sample_values': []}, 'createdAt': {'types': ['datetime'], 'presence_rate': '100%', 'sample_values': []}, 'createdBy': {'types': ['ObjectId'], 'presence_rate': '100%', 'sample_values': []}, 'updatedAt': {'types': ['datetime'], 'presence_rate': '100%', 'sample_values': []}, 'updatedBy': {'types': ['ObjectId'], 'presence_rate': '100%', 'sample_values': []}, 'roadId': {'types': ['ObjectId'], 'presence_rate': '100%', 'sample_values': []}, '__v': {'types': ['int'], 'presence_rate': '100%', 'sample_values': []}, 'roadIssueId': {'types': ['list'], 'presence_rate': '75%', 'sample_values': []}, 'lightingCondition': {'types': ['str'], 'presence_rate': '69%', 'sample_values': ['Day light', 'No streetlight', 'Streetlight present and lit', 'Streetlight present but unlit']}, 'roadName': {'types': ['str'], 'presence_rate': '12%', 'sample_values': ['AndhraPradesh Expressway Limited', 'Bangalore Mangalore', 'JAIPUR MAHVA', 'Mahuwa Bharatpur Expressways ', 'Mahuwa Bharatpur Expressways Limited ', 'NAMEL']}, 'roadChainage': {'types': ['int', 'NoneType', 'float'], 'presence_rate': '11%', 'sample_values': []}, 'surfaceCondition': {'types': ['str'], 'presence_rate': '13%', 'sample_values': ['Paved']}, 'accidentSpot': {'types': ['str'], 'presence_rate': '14%', 'sample_values': ['Market/Commercial Area', 'Open Area', 'Residential']}, 'roadNumber': {'types': ['str'], 'presence_rate': '13%', 'sample_values': ['2', '21', '44', '544', '58', '75']}, 'trafficControlType': {'types': ['str'], 'presence_rate': '7%', 'sample_values': ['Flashing Signal/Blinker', 'Uncontrolled']}, 'roadType': {'types': ['str'], 'presence_rate': '14%', 'sample_values': ['National Highway', 'State Highway']}, 'totalLanes': {'types': ['str'], 'presence_rate': '13%', 'sample_values': ['2 Lanes or Less', 'More than 2 Lanes']}, 'landUse': {'types': ['str'], 'presence_rate': '7%', 'sample_values': ['Built up', 'Open']}, 'propertyDamageLossAmount': {'types': ['int'], 'presence_rate': '1%', 'sample_values': []}}","accidentidentifications, roads, issues, users",Internal,ok
accvehicles,Accident Vehicles,Safety & Accidents,"This collection contains detailed records of individual vehicles involved in road accidents. It captures information such as vehicle type, damage sustained, load conditions, and the number of injuries or fatalities associated with the vehicle for a specific accident event.",Accident Vehicle,"accidentId, vehicleType, noOfFatalities, noOfGreviousInjury, disposition","__v, _id, accidentId, createdAt, createdBy, damageSide, disposition, driverId, identificationDetails, loadCondition, mechanicalFailure, noOfFatalities, noOfGreviousInjury, noOfMinorInjury, noOfNonInjury, noOfUnknownPerson, otherTypeInfo, registrationNumber, roadId, rupdsCondition, updatedAt, updatedBy, vehicleAge, vehicleType, vrusInvolved","{'loadCondition': {'types': ['dict'], 'presence_rate': '100%', 'sample_values': []}, 'loadCondition._id': {'types': ['ObjectId'], 'presence_rate': '100%', 'sample_values': []}, 'loadCondition.type': {'types': ['str'], 'presence_rate': '93%', 'sample_values': ['Goods', 'Passenger', 'Unknown']}, 'loadCondition.quantity': {'types': ['str'], 'presence_rate': '88%', 'sample_values': ['Empty', 'Normal', 'Normally Loaded', 'Overloaded', 'Unknown']}, 'damageSide': {'types': ['list'], 'presence_rate': '93%', 'sample_values': []}, 'vehicleType': {'types': ['str'], 'presence_rate': '99%', 'sample_values': ['2-wheeler', '3-Wheeler', 'Bus', 'Car', 'Car/Jeep/Van/Taxi', 'LCV']}, 'identificationDetails': {'types': ['str'], 'presence_rate': '81%', 'sample_values': [' TN 84 J 7457', '(NL01AA4293)', '.HR 30 AD 8459', '03wheeler E-rik', 'A/F', 'AP 16TA 1695']}, 'disposition': {'types': ['str'], 'presence_rate': '99%', 'sample_values': ['Can be Driven Away', 'Can be driven away', 'Needs to be Towed', 'Unknown']}, 'noOfMinorInjury': {'types': ['int', 'NoneType'], 'presence_rate': '51%', 'sample_values': []}, 'noOfNonInjury': {'types': ['int'], 'presence_rate': '81%', 'sample_values': []}, 'accidentId': {'types': ['ObjectId'], 'presence_rate': '100%', 'sample_values': []}, 'createdAt': {'types': ['datetime'], 'presence_rate': '100%', 'sample_values': []}, 'createdBy': {'types': ['ObjectId'], 'presence_rate': '100%', 'sample_values': []}, 'updatedAt': {'types': ['datetime'], 'presence_rate': '100%', 'sample_values': []}, 'updatedBy': {'types': ['ObjectId'], 'presence_rate': '100%', 'sample_values': []}, 'roadId': {'types': ['ObjectId'], 'presence_rate': '100%', 'sample_values': []}, '__v': {'types': ['int'], 'presence_rate': '100%', 'sample_values': []}, 'registrationNumber': {'types': ['str'], 'presence_rate': '10%', 'sample_values': ['0579', '5321', '6543', '7316', '8825', '9620']}, 'vehicleAge': {'types': ['int'], 'presence_rate': '3%', 'sample_values': []}, 'mechanicalFailure': {'types': ['str'], 'presence_rate': '9%', 'sample_values': ['No']}, 'vrusInvolved': {'types': ['str'], 'presence_rate': '25%', 'sample_values': ['No', 'Yes']}, 'noOfGreviousInjury': {'types': ['int', 'NoneType'], 'presence_rate': '32%', 'sample_values': []}, 'noOfUnknownPerson': {'types': ['int'], 'presence_rate': '57%', 'sample_values': []}, 'driverId': {'types': ['ObjectId'], 'presence_rate': '79%', 'sample_values': []}, 'noOfFatalities': {'types': ['int', 'NoneType'], 'presence_rate': '9%', 'sample_values': []}, 'rupdsCondition': {'types': ['str'], 'presence_rate': '15%', 'sample_values': ['Damaged', 'Normal', 'Not Present', 'Partially Damaged']}, 'otherTypeInfo': {'types': ['str'], 'presence_rate': '2%', 'sample_values': ['Hydra', 'Tempo Traveller', 'un known']}}","accidentidentifications, drivers, roads, users",Internal,ok
alertusers,User Alert Subscriptions,Safety & Accidents,"Stores user-configured alert subscriptions. Each document defines a rule for a specific user to receive notifications (via app or email) when a certain event, such as an accident, occurs on a designated segment of a highway.",Alert Subscription,"userId, entity, roadId, status","__v, _id, action, chainageFrom, chainageTo, entity, notificationType, roadId, status, userId","{'status': {'types': ['str'], 'presence_rate': '100%', 'sample_values': ['DISABLE', 'ENABLE']}, 'notificationType': {'types': ['str'], 'presence_rate': '100%', 'sample_values': ['APP', 'EMAIL']}, 'userId': {'types': ['ObjectId'], 'presence_rate': '100%', 'sample_values': []}, 'entity': {'types': ['str'], 'presence_rate': '100%', 'sample_values': ['ACCIDENT', 'SAFETY']}, 'chainageTo': {'types': ['int', 'float'], 'presence_rate': '100%', 'sample_values': []}, 'chainageFrom': {'types': ['int', 'float'], 'presence_rate': '100%', 'sample_values': []}, 'action': {'types': ['str'], 'presence_rate': '100%', 'sample_values': ['CREATE']}, 'roadId': {'types': ['ObjectId'], 'presence_rate': '100%', 'sample_values': []}, '__v': {'types': ['int'], 'presence_rate': '77%', 'sample_values': []}}","users, roads",Confidential,ok
approvedpurchaseorders,Approved Purchase Orders,Resources & Inventory,"This collection contains detailed records for each line item of an approved purchase order. It tracks the item's journey from purchase requisition and request for quotation (RFQ) to the final PO, including quantities, rates, vendors, and links to goods receipt notes (GRNs).",Approved Purchase Order Line Item,"poId, vendorId, materialId, poAmount, roadId","_id, bidRateId, latestGRN, lineItemId, materialId, plantCode, poAmount, poId, poLineNumber, poQty, poRate, poSubLineItemNumber, prId, prLineItemNo, prSubLineItemNo, rfqApprovedDate, rfqId, rfqInprogressDate, rfqPublisedDate, rfqRejectedDate, rfqRequestType, rfqUnderApprovalDate, rfqUnderReviewDate, rfqWithdrawDate, roadId, storageLocationId, subLineItemId, totalGrnQty, vendorId, wbsBudgetHead","{'roadId': {'types': ['ObjectId'], 'presence_rate': '100%', 'sample_values': []}, 'plantCode': {'types': ['ObjectId'], 'presence_rate': '100%', 'sample_values': []}, 'storageLocationId': {'types': ['ObjectId'], 'presence_rate': '86%', 'sample_values': []}, 'prId': {'types': ['ObjectId'], 'presence_rate': '86%', 'sample_values': []}, 'prLineItemNo': {'types': ['int'], 'presence_rate': '86%', 'sample_values': []}, 'wbsBudgetHead': {'types': ['str'], 'presence_rate': '86%', 'sample_values': ['AT', 'BW', 'ES', 'IC', 'IT', 'MM']}, 'materialId': {'types': ['ObjectId'], 'presence_rate': '98%', 'sample_values': []}, 'lineItemId': {'types': ['ObjectId'], 'presence_rate': '86%', 'sample_values': []}, 'rfqId': {'types': ['ObjectId'], 'presence_rate': '86%', 'sample_values': []}, 'rfqPublisedDate': {'types': ['datetime'], 'presence_rate': '86%', 'sample_values': []}, 'rfqUnderReviewDate': {'types': ['datetime'], 'presence_rate': '85%', 'sample_values': []}, 'rfqUnderApprovalDate': {'types': ['datetime'], 'presence_rate': '86%', 'sample_values': []}, 'rfqRejectedDate': {'types': ['datetime'], 'presence_rate': '12%', 'sample_values': []}, 'rfqApprovedDate': {'types': ['datetime'], 'presence_rate': '83%', 'sample_values': []}, 'rfqRequestType': {'types': ['str'], 'presence_rate': '73%', 'sample_values': ['Emergency Procurement', 'Labor Contract', 'Labour Rate Changes', 'MSA Or Rate Contract', 'Quantity Variation', 'Repeat Order']}, 'poId': {'types': ['ObjectId'], 'presence_rate': '100%', 'sample_values': []}, 'poLineNumber': {'types': ['int'], 'presence_rate': '100%', 'sample_values': []}, 'poQty': {'types': ['int', 'float'], 'presence_rate': '100%', 'sample_values': []}, 'poRate': {'types': ['int', 'float'], 'presence_rate': '100%', 'sample_values': []}, 'poAmount': {'types': ['int', 'float'], 'presence_rate': '100%', 'sample_values': []}, 'vendorId': {'types': ['ObjectId'], 'presence_rate': '100%', 'sample_values': []}, 'bidRateId': {'types': ['ObjectId'], 'presence_rate': '86%', 'sample_values': []}, 'totalGrnQty': {'types': ['int', 'float'], 'presence_rate': '100%', 'sample_values': []}, 'latestGRN': {'types': ['ObjectId'], 'presence_rate': '61%', 'sample_values': []}, 'rfqInprogressDate': {'types': ['datetime'], 'presence_rate': '23%', 'sample_values': []}, 'prSubLineItemNo': {'types': ['int'], 'presence_rate': '51%', 'sample_values': []}, 'subLineItemId': {'types': ['ObjectId'], 'presence_rate': '51%', 'sample_values': []}, 'poSubLineItemNumber': {'types': ['int'], 'presence_rate': '60%', 'sample_values': []}}","roads, plantcodes, storagelocations",Internal,ok
assetmonitorhistories,Asset Monitor Histories,Infrastructure & Assets,"This collection serves as an audit log, recording the history of all changes made to asset monitor records. It tracks which user performed an action, what field was changed, and when the change occurred.",Asset Monitor History,"assetMonitorId, userId, field, action, createdAt","__v, _id, action, assetMonitorId, createdAt, field, roadId, userId, valueAfter","{'userId': {'types': ['ObjectId'], 'presence_rate': '100%', 'sample_values': []}, 'assetMonitorId': {'types': ['ObjectId'], 'presence_rate': '100%', 'sample_values': []}, 'field': {'types': ['str'], 'presence_rate': '100%', 'sample_values': ['NEW ASSET MONITOR', 'images']}, 'action': {'types': ['str'], 'presence_rate': '100%', 'sample_values': ['New Asset Monitor added', 'User added a new Image']}, 'createdAt': {'types': ['datetime'], 'presence_rate': '100%', 'sample_values': []}, 'roadId': {'types': ['ObjectId'], 'presence_rate': '100%', 'sample_values': []}, '__v': {'types': ['int'], 'presence_rate': '100%', 'sample_values': []}, 'valueAfter': {'types': ['str'], 'presence_rate': '61%', 'sample_values': []}}","users, assetmonitors, roads",Internal,ok
assetmonitors,Asset Monitoring Records,Infrastructure & Assets,"Stores records from the monitoring of highway assets. Each document captures the operational status and physical condition of an asset at a specific point in time, including photographic evidence and links to the relevant road and inventory item.",Asset Monitoring Record,"status, roadId, inventoryId, roadAssetId, createdAt","__v, _id, createdAt, createdBy, images, inventoryId, roadAssetId, roadId, status, title, updatedAt, updatedBy","{'roadAssetId': {'types': ['ObjectId'], 'presence_rate': '27%', 'sample_values': []}, 'status': {'types': ['str'], 'presence_rate': '100%', 'sample_values': ['Not working and physical damage', 'Not working but no physical damage', 'Working and no physical damage', 'Working but some physical damage']}, 'roadId': {'types': ['ObjectId'], 'presence_rate': '100%', 'sample_values': []}, 'images': {'types': ['list'], 'presence_rate': '100%', 'sample_values': []}, 'createdBy': {'types': ['ObjectId'], 'presence_rate': '100%', 'sample_values': []}, 'createdAt': {'types': ['datetime'], 'presence_rate': '100%', 'sample_values': []}, 'updatedAt': {'types': ['datetime'], 'presence_rate': '100%', 'sample_values': []}, 'updatedBy': {'types': ['ObjectId'], 'presence_rate': '100%', 'sample_values': []}, 'title': {'types': ['str'], 'presence_rate': '100%', 'sample_values': ['APEL-AM-119', 'APEL-AM-210', 'APEL-AM-224', 'APEL-AM-395', 'APEL-AM-476', 'BFHL-AM-291']}, '__v': {'types': ['int'], 'presence_rate': '100%', 'sample_values': []}, 'inventoryId': {'types': ['ObjectId'], 'presence_rate': '73%', 'sample_values': []}}","inventories, roads, users, roadassets",Internal,ok
assets,Assets,Infrastructure & Assets,"This collection serves as a master inventory of all physical assets located along the highways. Each document represents a single asset, such as a light, toll plaza, or median opening, detailing its type, name, and specific location.",Highway Asset,"assetId, assetType, chainageFrom, roadId","__v, _id, assetId, assetType, chainageFrom, createdAt, createdBy, name, roadId, updatedAt, updatedBy","{'assetId': {'types': ['str'], 'presence_rate': '100%', 'sample_values': ['Ast-1014', 'Ast-1026', 'Ast-1072', 'Ast-1076', 'Ast-1083', 'Ast-1144']}, 'assetType': {'types': ['str'], 'presence_rate': '100%', 'sample_values': ['Junction', 'MedianOpening', 'MeterStone', 'Tbm', 'Underpass', 'light']}, 'chainageFrom': {'types': ['int', 'float'], 'presence_rate': '100%', 'sample_values': []}, 'name': {'types': ['str'], 'presence_rate': '100%', 'sample_values': ['A-J-14', 'A-L-124', 'A-L-137', 'A-L-161', 'A-L-18', 'A-L-189']}, 'createdAt': {'types': ['datetime'], 'presence_rate': '97%', 'sample_values': []}, 'createdBy': {'types': ['ObjectId'], 'presence_rate': '97%', 'sample_values': []}, 'updatedAt': {'types': ['datetime'], 'presence_rate': '97%', 'sample_values': []}, 'updatedBy': {'types': ['ObjectId'], 'presence_rate': '97%', 'sample_values': []}, '__v': {'types': ['int'], 'presence_rate': '100%', 'sample_values': []}, 'roadId': {'types': ['ObjectId'], 'presence_rate': '100%', 'sample_values': []}}","roads, users",Internal,ok
atmsinspectionhistories,ATMS Inspection History,Inspections & Tasks,"Stores a historical log of actions and changes made to Advanced Traffic Management System (ATMS) inspections, serving as an audit trail.",ATMS Inspection History Event,"atmsInspectionId, userId, action, field, createdAt","__v, _id, action, atmsInspectionId, createdAt, field, roadId, userId","{'userId': {'types': ['ObjectId'], 'presence_rate': '100%', 'sample_values': []}, 'atmsInspectionId': {'types': ['ObjectId'], 'presence_rate': '100%', 'sample_values': []}, 'field': {'types': ['str'], 'presence_rate': '100%', 'sample_values': ['NEW ATMS INSPECTION']}, 'action': {'types': ['str'], 'presence_rate': '100%', 'sample_values': ['Atms Inspection Added']}, 'createdAt': {'types': ['datetime'], 'presence_rate': '100%', 'sample_values': []}, 'roadId': {'types': ['ObjectId'], 'presence_rate': '100%', 'sample_values': []}, '__v': {'types': ['int'], 'presence_rate': '100%', 'sample_values': []}}","atmsinspections, users, roads",Internal,ok
atmsinspectionquestions,ATMS Inspection Questions,Inspections & Tasks,Stores individual questions and their corresponding answers that are part of a larger Advanced Traffic Management System (ATMS) inspection. Each document represents a single checklist item for an inspection.,Inspection Question,"questionName, answer, atmsInspectionId, activityType","__v, _id, activityType, answer, atmsInspectionId, createdAt, createdBy, images, questionName, roadId, serialNumber, updatedAt, updatedBy","{'serialNumber': {'types': ['str'], 'presence_rate': '100%', 'sample_values': ['1', '10', '2', '3', '4', '5']}, 'questionName': {'types': ['str'], 'presence_rate': '100%', 'sample_values': ['Anchor Bolts: Corrosion to steel components', 'Anchor Bolts: Cracked, incomplete or missing mortar or grout under base plates', 'Anchor Bolts: Failed or missing holding down bolts', 'Anchor Bolts: Nuts missing, not fully tightened or unevenly seated', 'Anchor Bolts: Washers missing or insufficiently covering the hole', 'Are all cables connected correctly?']}, 'answer': {'types': ['str'], 'presence_rate': '100%', 'sample_values': ['N/A', 'NO', 'YES']}, 'atmsInspectionId': {'types': ['ObjectId'], 'presence_rate': '100%', 'sample_values': []}, 'images': {'types': ['list'], 'presence_rate': '100%', 'sample_values': []}, 'activityType': {'types': ['str'], 'presence_rate': '48%', 'sample_values': ['Cables and wire', 'RSU', 'Structure and Foundation']}, 'roadId': {'types': ['ObjectId'], 'presence_rate': '100%', 'sample_values': []}, 'createdBy': {'types': ['ObjectId'], 'presence_rate': '100%', 'sample_values': []}, 'createdAt': {'types': ['datetime'], 'presence_rate': '100%', 'sample_values': []}, 'updatedAt': {'types': ['datetime'], 'presence_rate': '100%', 'sample_values': []}, 'updatedBy': {'types': ['ObjectId'], 'presence_rate': '100%', 'sample_values': []}, '__v': {'types': ['int'], 'presence_rate': '100%', 'sample_values': []}}","atmsinspections, roads, users",Internal,ok
atmsinspectionquestionshistories,ATMS Inspection Question Histories,Inspections & Tasks,"This collection stores a detailed audit log of changes made to individual questions within Advanced Traffic Management System (ATMS) inspections. Each document represents a single modification, capturing the user who made the change, the specific field that was altered, its new value, and a timestamp for the action.",Inspection Question History Record,"atmsInspectionId, atmsInspectionQuestionsId, userId, field, createdAt","__v, _id, action, atmsInspectionId, atmsInspectionQuestionsId, createdAt, field, roadId, userId, valueAfter","{'userId': {'types': ['ObjectId'], 'presence_rate': '100%', 'sample_values': []}, 'atmsInspectionId': {'types': ['ObjectId'], 'presence_rate': '100%', 'sample_values': []}, 'atmsInspectionQuestionsId': {'types': ['ObjectId'], 'presence_rate': '100%', 'sample_values': []}, 'valueAfter': {'types': ['str'], 'presence_rate': '100%', 'sample_values': []}, 'field': {'types': ['str'], 'presence_rate': '100%', 'sample_values': ['images']}, 'action': {'types': ['str'], 'presence_rate': '100%', 'sample_values': ['User added a new Image for question(1)\n                            ', 'User added a new Image for question(1)\n                            in RSU', 'User added a new Image for question(2)\n                            ', 'User added a new Image for question(3)\n                            ', 'User added a new Image for question(3)\n                            in RSU', 'User added a new Image for question(4)\n                            ']}, 'createdAt': {'types': ['datetime'], 'presence_rate': '100%', 'sample_values': []}, 'roadId': {'types': ['ObjectId'], 'presence_rate': '100%', 'sample_values': []}, '__v': {'types': ['int'], 'presence_rate': '100%', 'sample_values': []}}","users, atmsinspections, atmsinspectionquestions, roads",Internal,ok
atmsinspections,ATMS Inspections,Inspections & Tasks,"This collection stores records of scheduled inspections for components of the Advanced Traffic Management System (ATMS). Each document captures details like the type of equipment inspected, frequency, findings or remarks, and links to the specific asset and road.",ATMS Inspection,"inspectionType, createdAt, roadId, atmsMasterDataId, remarks","__v, _id, atmsMasterDataId, createdAt, createdBy, frequencyType, inspectionSubType, inspectionType, remarks, roadId, title, updatedAt, updatedBy","{'frequencyType': {'types': ['str'], 'presence_rate': '100%', 'sample_values': ['Monthly', 'Weekly', 'Yearly']}, 'atmsMasterDataId': {'types': ['ObjectId'], 'presence_rate': '97%', 'sample_values': []}, 'remarks': {'types': ['str'], 'presence_rate': '37%', 'sample_values': ['All OK ', 'All Ok', 'All Ok ', 'All ok', 'All ok ', 'All the functionalities working normal ']}, 'inspectionType': {'types': ['str'], 'presence_rate': '100%', 'sample_values': ['ATCC', 'Control Room', 'MET', 'PTZ', 'VASD', 'VIDS']}, 'roadId': {'types': ['ObjectId'], 'presence_rate': '100%', 'sample_values': []}, 'createdBy': {'types': ['ObjectId'], 'presence_rate': '100%', 'sample_values': []}, 'createdAt': {'types': ['datetime'], 'presence_rate': '100%', 'sample_values': []}, 'updatedAt': {'types': ['datetime'], 'presence_rate': '100%', 'sample_values': []}, 'updatedBy': {'types': ['ObjectId'], 'presence_rate': '100%', 'sample_values': []}, 'title': {'types': ['str'], 'presence_rate': '100%', 'sample_values': ['ATCC-CL-13', 'ATCC-CL-25', 'ATCC-CL-37', 'ATCC-CL-55', 'ATCC-CL-9', 'CTR-CL-31']}, '__v': {'types': ['int'], 'presence_rate': '100%', 'sample_values': []}, 'inspectionSubType': {'types': ['str'], 'presence_rate': '3%', 'sample_values': ['ATCC Server', 'Video Wall', 'Workstations']}}","atmsmasterdatas, roads, users",Internal,ok
atmsmasterdatahistories,ATMS Master Data Histories,Infrastructure & Assets,"This collection functions as an audit log, recording the history of all changes made to the master data records of Advanced Traffic Management System (ATMS) assets. Each document captures a specific modification, including the field changed, the values before and after, the user who performed the action, and the timestamp of the change.",ATMS Master Data Change Record,"masterDataId, field, action, createdAt, userId","__v, _id, action, createdAt, field, masterDataId, roadId, userId, valueAfter, valueBefore","{'userId': {'types': ['ObjectId'], 'presence_rate': '100%', 'sample_values': []}, 'masterDataId': {'types': ['ObjectId'], 'presence_rate': '100%', 'sample_values': []}, 'valueAfter': {'types': ['str'], 'presence_rate': '63%', 'sample_values': [' XT-1', '0002D1AA84F1', '000D1B507F1', '120.01', '2024080101', '2128AP08J7D8']}, 'field': {'types': ['str'], 'presence_rate': '100%', 'sample_values': ['NEW ATMS MASTER DATA', 'acquiredDate', 'assetLocation', 'chainage', 'deviceStatus', 'direction']}, 'action': {'types': ['str'], 'presence_rate': '100%', 'sample_values': ['Atms Master Data Added', 'Edited Asset Location from ""LANE 10"" to ""TMS STORE""', 'Edited Asset Location from ""Lane 08"" to ""Lane 09""', 'Edited Asset Location from ""Lane no11"" to ""LANE NO 11""', 'Edited Chainage from ""122.01"" to ""120.01""', 'Edited Device Status from ""STOCK"" to ""IN-USE""']}, 'createdAt': {'types': ['datetime'], 'presence_rate': '100%', 'sample_values': []}, 'roadId': {'types': ['ObjectId'], 'presence_rate': '100%', 'sample_values': []}, '__v': {'types': ['int'], 'presence_rate': '100%', 'sample_values': []}, 'valueBefore': {'types': ['str'], 'presence_rate': '15%', 'sample_values': ['0001', '0002D198D0DD', '000D1B507C2', '122.01', '2128AP08J5D8', '53575335']}}","atmsmasterdatas, users, roads",Internal,ok
atmsmasterdatas,ATMS Master Data,Infrastructure & Assets,"This collection serves as a master inventory of all physical assets related to the Advanced Traffic Management System (ATMS) and Toll Management System (TMS). It contains detailed information for each asset, including its type, description, location, operational status, manufacturer, and lifecycle data like purchase and warranty details.",ATMS/TMS Asset,"assetType, deviceStatus, assetLocation, serialNumber, manufacturer","__v, _id, acquiredDate, assetDescription, assetLocation, assetOwner, assetType, chainage, cpu, createdAt, createdBy, deviceStatus, direction, images, maintenanceHistory, manufacturer, model, operatingSystem, poNumber, purchaseCost, purpose, ram, remarks, roadId, roadTollPlazaId, serialNumber, status, storage, subCategory, title, updatedAt, updatedBy, warrantyEndDate, warrantyStatus","{'assetOwner': {'types': ['str'], 'presence_rate': '100%', 'sample_values': ['ATMS', 'TMS']}, 'assetType': {'types': ['str'], 'presence_rate': '100%', 'sample_values': ['AVC', 'Barrier', 'CPU', 'Camera', 'Desktop', 'Display']}, 'assetDescription': {'types': ['str'], 'presence_rate': '100%', 'sample_values': ['12V', '24V', '3KVA', '4 Port Moxa Switch', 'ATCC', 'AVC RX Tower']}, 'deviceStatus': {'types': ['str'], 'presence_rate': '100%', 'sample_values': ['IN-USE', 'OBSOLETE', 'SPARE', 'STOCK']}, 'assetLocation': {'types': ['str'], 'presence_rate': '100%', 'sample_values': ['10.146', '109.840', '120.010 median ', '129.485', '15+930', '15+946']}, 'maintenanceHistory': {'types': ['str'], 'presence_rate': '18%', 'sample_values': ['01-28-2025', '28-05-2025', 'N/A', 'NA', 'Weekly ', 'every month ']}, 'remarks': {'types': ['str'], 'presence_rate': '32%', 'sample_values': ['23.150  POE RF device', 'Booth-7 ', 'Chhajarsi Tooll Plaza ', 'DB status ok', 'Faulty', 'Lane  06']}, 'manufacturer': {'types': ['str'], 'presence_rate': '52%', 'sample_values': ['A ONE PLUS', 'AIPHONE', 'AIPHONE ', 'ASHBEE', 'Acer', 'Advantech ']}, 'serialNumber': {'types': ['str'], 'presence_rate': '100%', 'sample_values': ['(21)1343394878', '(21)1879911996', '*ZQ501D2052*', '0', '00-02-D1-95-C0-A4', '00-02-D1-9E-02-E2']}, 'model': {'types': ['str'], 'presence_rate': '100%', 'sample_values': [' AIMB-708G2-00A1', ' AIMB-708G2-00A4', ' XT1', '01', '1', '19M38LB']}, 'images': {'types': ['list'], 'presence_rate': '100%', 'sample_values': []}, 'createdBy': {'types': ['ObjectId'], 'presence_rate': '100%', 'sample_values': []}, 'createdAt': {'types': ['datetime'], 'presence_rate': '100%', 'sample_values': []}, 'updatedAt': {'types': ['datetime'], 'presence_rate': '100%', 'sample_values': []}, 'updatedBy': {'types': ['ObjectId'], 'presence_rate': '100%', 'sample_values': []}, 'purpose': {'types': ['str'], 'presence_rate': '100%', 'sample_values': ['4 Nos Batterys for Servers and Network Switches', '55"" Inch 10 Nos Panels integrated with Controller Unit', 'Alert Users to ready to cross the lane', 'Automatic Barrier Gate', 'Connect multiple devices in industrial networks for reliable data communication', 'Customised Keyboard - Industrial grade']}, 'roadId': {'types': ['ObjectId'], 'presence_rate': '100%', 'sample_values': []}, 'title': {'types': ['str'], 'presence_rate': '100%', 'sample_values': ['ADTPL-TMS-252', 'ADTPL-TMS-433', 'ADTPL-TMS-48', 'ADTPL-TMS-90', 'BFHL-TMS-292', 'BFHL-TMS-332']}, '__v': {'types': ['int'], 'presence_rate': '100%', 'sample_values': []}, 'chainage': {'types': ['int', 'float'], 'presence_rate': '43%', 'sample_values': []}, 'direction': {'types': ['str'], 'presence_rate': '56%', 'sample_values': ['LHS', 'MEDIAN', 'RHS']}, 'roadTollPlazaId': {'types': ['ObjectId'], 'presence_rate': '53%', 'sample_values': []}, 'status': {'types': ['str'], 'presence_rate': '1%', 'sample_values': ['DUPLICATE']}, 'subCategory': {'types': ['str'], 'presence_rate': '4%', 'sample_values': ['15mtrs', 'Dialer Card', 'Mic', 'Push Button', 'VIDS']}, 'warrantyStatus': {'types': ['str'], 'presence_rate': '13%', 'sample_values': ['9E-IN1KXL ', 'Active', 'Active ', 'Expired', 'IN ACTIVE', 'In warranty ']}, 'acquiredDate': {'types': ['datetime'], 'presence_rate': '13%', 'sample_values': []}, 'poNumber': {'types': ['str'], 'presence_rate': '8%', 'sample_values': ['2900003551', '2900004596', '2900004637', '2900004658', '2900004794', '2900005867']}, 'purchaseCost': {'types': ['int', 'float'], 'presence_rate': '7%', 'sample_values': []}, 'warrantyEndDate': {'types': ['datetime'], 'presence_rate': '7%', 'sample_values': []}}","roads, roadtollplazas, users",Internal,ok
attendancelogs,Attendance Logs,Administration,"Contains daily attendance records for employees, including their punch-in/out times, shift details, work duration, and leave status. This collection tracks employee presence and work hours.",Employee Attendance Log,"EmployeeId, AttendanceDate, Status, Duration, OverTime","Absent, AttendanceDate, AttendanceLogId, BeginTime, Break1, Break1BeginTime, Break1EndTime, Break2, Break2BeginTime, Break2EndTime, C1, C2, C3, C4, C5, C7, CategoryId, CategorySName, CompanyId, CompanySName, DOC, DOJ, DOR, DepartmentId, DepartmentSName, Designation, Duration, EarlyBy, EmployeeCode, EmployeeId, EmployeeName, EmployeesStatus, EmployementType, EndTime, Gender, Holiday, InDeviceId, InTime, IsOnLeave, IsonSpecialOff, LateBy, LeaveDuration, LeaveRemarks, LeaveType, MissedInPunch, MissedOutPunch, NumericCode, OutDeviceId, OutTime, OverTime, OverTimeE, P1Status, P2Status, P3Status, Present, PunchRecords, ShiftFName, ShiftId, ShiftSName, SpecialOffDuration, SpecialOffRemark, SpecialOffType, Status, StatusCode, StringCode, WeeklyOff, _id","{'EmployeeName': {'types': ['str'], 'presence_rate': '100%', 'sample_values': ['A Selvaganesh', 'ANANDHAVALLI NEELAMEGAM', 'Aatheesh Kannan J', 'Ajit Kumar Das', 'Amit Mathur', 'Ananad Kumar maurya']}, 'EmployeeCode': {'types': ['str'], 'presence_rate': '100%', 'sample_values': ['11000649', '1103001949', '1108102', '1205001038', '1205001054', '1205001081']}, 'StringCode': {'types': ['str'], 'presence_rate': '100%', 'sample_values': ['', '1205005395.', '5113.', 'ASCMKTL', 'ASS', 'B']}, 'NumericCode': {'types': ['str'], 'presence_rate': '100%', 'sample_values': ['0', '100', '1004', '10309', '10384', '10814']}, 'Gender': {'types': ['str'], 'presence_rate': '100%', 'sample_values': ['FEMALE', 'Female', 'MALE', 'Male']}, 'Designation': {'types': ['str'], 'presence_rate': '100%', 'sample_values': ['', 'ADMIN GATE OPERATOR', 'Ambulance Driver', 'Ambulance Helper', 'Assistant Plaza Manager', 'CRO']}, 'DOJ': {'types': ['datetime'], 'presence_rate': '100%', 'sample_values': []}, 'DOR': {'types': ['datetime'], 'presence_rate': '100%', 'sample_values': []}, 'DOC': {'types': ['datetime'], 'presence_rate': '100%', 'sample_values': []}, 'EmployementType': {'types': ['str'], 'presence_rate': '100%', 'sample_values': ['Contract', 'Contractual', 'Permanent']}, 'EmployeesStatus': {'types': ['str'], 'presence_rate': '100%', 'sample_values': ['', 'Resigned', 'Working']}, 'ShiftFName': {'types': ['str'], 'presence_rate': '100%', 'sample_values': ['A', 'B', 'BB', 'C', 'General', 'NoShift']}, 'ShiftSName': {'types': ['str'], 'presence_rate': '100%', 'sample_values': ['A', 'B', 'BB', 'C', 'GS', 'NS']}, 'BeginTime': {'types': ['str'], 'presence_rate': '100%', 'sample_values': ['00:00', '08:00', '08:30', '14:00', '15:30', '16:00']}, 'EndTime': {'types': ['str'], 'presence_rate': '100%', 'sample_values': ['00:00', '08:00', '16:00', '18:00', '18:30', '22:00']}, 'Break1': {'types': ['int'], 'presence_rate': '100%', 'sample_values': []}, 'Break2': {'types': ['int'], 'presence_rate': '100%', 'sample_values': []}, 'Break1BeginTime': {'types': ['NoneType', 'str'], 'presence_rate': '100%', 'sample_values': ['10:55', '10:56', '11:05', '12:34', '17:22', '17:42']}, 'Break2BeginTime': {'types': ['NoneType', 'str'], 'presence_rate': '100%', 'sample_values': [' ', '10:55', '10:56', '11:05', '12:34', '17:22']}, 'Break1EndTime': {'types': ['NoneType', 'str'], 'presence_rate': '100%', 'sample_values': ['10:55', '10:56', '11:05', '12:34', '17:22', '17:42']}, 'Break2EndTime': {'types': ['NoneType', 'str'], 'presence_rate': '100%', 'sample_values': [' ', '10:55', '10:56', '11:05', '12:34', '17:22']}, 'DepartmentId': {'types': ['int'], 'presence_rate': '100%', 'sample_values': []}, 'CategoryId': {'types': ['int'], 'presence_rate': '100%', 'sample_values': []}, 'CompanyId': {'types': ['int'], 'presence_rate': '100%', 'sample_values': []}, 'CompanySName': {'types': ['str'], 'presence_rate': '100%', 'sample_values': ['BFHL', 'DATRL', 'DHMPL', 'Default', 'FRHL', 'GAEPL']}, 'CategorySName': {'types': ['str'], 'presence_rate': '100%', 'sample_values': ['Default', 'High Skilled', 'Semi Skilled', 'Semiskilled', 'Skilled', 'Un Skilled']}, 'DepartmentSName': {'types': ['str'], 'presence_rate': '100%', 'sample_values': ['Ambulance Services', 'Default', 'INCIDENT_MANAGEMENT', 'Incident Management Services', 'Inhouse Manpower', 'Maintenance']}, 'AttendanceLogId': {'types': ['int'], 'presence_rate': '100%', 'sample_values': []}, 'AttendanceDate': {'types': ['datetime'], 'presence_rate': '100%', 'sample_values': []}, 'EmployeeId': {'types': ['int'], 'presence_rate': '100%', 'sample_values': []}, 'InTime': {'types': ['str'], 'presence_rate': '100%', 'sample_values': ['1900-01-01 00:00:00', '2023-08-13 15:45:56', '2024-01-07 23:37:39', '2024-02-16 07:44:01', '2024-03-13 23:45:24', '2024-03-30 07:52:30']}, 'InDeviceId': {'types': ['str'], 'presence_rate': '100%', 'sample_values': ['', 'AMOLI', 'BFHL TP1', 'BFHL TP2', 'FRHLTP1', 'FRHLTP2']}, 'OutTime': {'types': ['str'], 'presence_rate': '100%', 'sample_values': ['1900-01-01 00:00:00', '2023-08-14 00:05:56', '2024-01-08 10:00:00', '2024-02-16 16:10:36', '2024-03-14 08:01:09', '2024-03-30 17:04:17']}, 'OutDeviceId': {'types': ['str'], 'presence_rate': '100%', 'sample_values': ['', 'AMOLI', 'BFHL TP1', 'BFHL TP2', 'FRHLTP1', 'FRHLTP2']}, 'Duration': {'types': ['int'], 'presence_rate': '100%', 'sample_values': []}, 'LateBy': {'types': ['int'], 'presence_rate': '100%', 'sample_values': []}, 'EarlyBy': {'types': ['int'], 'presence_rate': '100%', 'sample_values': []}, 'IsOnLeave': {'types': ['int'], 'presence_rate': '100%', 'sample_values': []}, 'LeaveType': {'types': ['str'], 'presence_rate': '100%', 'sample_values': ['']}, 'LeaveDuration': {'types': ['int'], 'presence_rate': '100%', 'sample_values': []}, 'WeeklyOff': {'types': ['int'], 'presence_rate': '100%', 'sample_values': []}, 'Holiday': {'types': ['int'], 'presence_rate': '100%', 'sample_values': []}, 'LeaveRemarks': {'types': ['str'], 'presence_rate': '100%', 'sample_values': ['']}, 'PunchRecords': {'types': ['str'], 'presence_rate': '100%', 'sample_values': ['', '00:01:in(Mobile),07:59:out(Mobile),', '00:04:in(MKTPL),08:10:out(MKTPL),', '00:05:in(MKTPL),08:11:out(MKTPL),', '00:06:in(Gadpuri),00:06:(Gadpuri),00:09:(Gadpuri),08:26:out(Gadpuri),', '00:07:in(Sikandara),00:12:(Sikandara),07:50:out(Sikandara),']}, 'ShiftId': {'types': ['int'], 'presence_rate': '100%', 'sample_values': []}, 'Present': {'types': ['int'], 'presence_rate': '100%', 'sample_values': []}, 'Absent': {'types': ['int'], 'presence_rate': '100%', 'sample_values': []}, 'Status': {'types': ['str'], 'presence_rate': '100%', 'sample_values': ['Absent', 'Holiday Present ', 'Present ', 'WeeklyOff ']}, 'StatusCode': {'types': ['str'], 'presence_rate': '100%', 'sample_values': ['A', 'HP', 'P', 'WO']}, 'P1Status': {'types': ['str'], 'presence_rate': '100%', 'sample_values': ['', 'A', 'Lt', 'P']}, 'P2Status': {'types': ['str'], 'presence_rate': '100%', 'sample_values': ['']}, 'P3Status': {'types': ['str'], 'presence_rate': '100%', 'sample_values': ['']}, 'IsonSpecialOff': {'types': ['int'], 'presence_rate': '100%', 'sample_values': []}, 'SpecialOffType': {'types': ['str'], 'presence_rate': '100%', 'sample_values': ['']}, 'SpecialOffRemark': {'types': ['str'], 'presence_rate': '100%', 'sample_values': ['']}, 'SpecialOffDuration': {'types': ['int'], 'presence_rate': '100%', 'sample_values': []}, 'OverTime': {'types': ['int'], 'presence_rate': '100%', 'sample_values': []}, 'OverTimeE': {'types': ['int'], 'presence_rate': '100%', 'sample_values': []}, 'MissedOutPunch': {'types': ['int'], 'presence_rate': '100%', 'sample_values': []}, 'MissedInPunch': {'types': ['NoneType'], 'presence_rate': '100%', 'sample_values': []}, 'C1': {'types': ['NoneType'], 'presence_rate': '100%', 'sample_values': []}, 'C3': {'types': ['NoneType'], 'presence_rate': '100%', 'sample_values': []}, 'C2': {'types': ['NoneType'], 'presence_rate': '100%', 'sample_values': []}, 'C4': {'types': ['NoneType'], 'presence_rate': '100%', 'sample_values': []}, 'C5': {'types': ['NoneType'], 'presence_rate': '100%', 'sample_values': []}, 'C7': {'types': ['NoneType'], 'presence_rate': '100%', 'sample_values': []}}",employees,Confidential,ok
bankguaranteehistories,Bank Guarantee Histories,Administration,"Records the historical changes and audit trail for bank guarantee documents. Each entry logs a specific action, such as creation or a status update, performed on a bank guarantee, including the user who performed the action and the timestamp.",Bank Guarantee History Record,"bankGuaranteeId, field, action, createdAt, userId","__v, _id, action, bankGuaranteeId, createdAt, field, roadId, userId, valueAfter, valueBefore","{'bankGuaranteeId': {'types': ['ObjectId'], 'presence_rate': '100%', 'sample_values': []}, 'field': {'types': ['str'], 'presence_rate': '100%', 'sample_values': ['NEW BANK GUARANTEE', 'files', 'status']}, 'action': {'types': ['str'], 'presence_rate': '100%', 'sample_values': ['Edited Status from ""CLAIM-PERIOD"" to ""CLAIM-EXPIRED""', 'New bank guarantee added', 'Updating file _id: 6880bbd70768afbdc2db9289 as not infected', 'Updating file _id: 6880bd7b0768afbdc2dba414 as not infected']}, 'createdAt': {'types': ['datetime'], 'presence_rate': '100%', 'sample_values': []}, 'valueBefore': {'types': ['str'], 'presence_rate': '20%', 'sample_values': ['CLAIM-PERIOD']}, 'valueAfter': {'types': ['str'], 'presence_rate': '60%', 'sample_values': ['CLAIM-EXPIRED']}, 'roadId': {'types': ['ObjectId'], 'presence_rate': '100%', 'sample_values': []}, '__v': {'types': ['int'], 'presence_rate': '60%', 'sample_values': []}, 'userId': {'types': ['ObjectId'], 'presence_rate': '40%', 'sample_values': []}}","bankguarantees, users, roads",Confidential,ok
bankguarantees,Bank Guarantees,Administration,"Stores records of bank guarantees issued by vendors or other parties to Cube Highways. Each document contains details such as the guarantee amount, issuing bank, key dates, and current status.",Bank Guarantee,"status, amount, bgExpiredDate, bankName, name","__v, _id, amount, bankConfirmationDate, bankName, bgExpiredDate, bgIssuedDate, bgNumber, ccPersons, claimClosureDate, concernPersons, createdAt, createdBy, files, issuedBy, name, nature, roadId, status, title, updatedAt, updatedBy","{'status': {'types': ['str'], 'presence_rate': '100%', 'sample_values': ['CLAIM-EXPIRED', 'CLAIM-PERIOD']}, 'concernPersons': {'types': ['list'], 'presence_rate': '100%', 'sample_values': []}, 'ccPersons': {'types': ['list'], 'presence_rate': '100%', 'sample_values': []}, 'issuedBy': {'types': ['str'], 'presence_rate': '100%', 'sample_values': ['VENDOR']}, 'name': {'types': ['str'], 'presence_rate': '100%', 'sample_values': ['Manvite Infra Buildcon Private Limited ', 'Pipal Tree Ventures Pvt Ltd ']}, 'bgNumber': {'types': ['str'], 'presence_rate': '100%', 'sample_values': ['009GT02242120013', '0281NDLG00031725']}, 'bgIssuedDate': {'types': ['datetime'], 'presence_rate': '100%', 'sample_values': []}, 'amount': {'types': ['int'], 'presence_rate': '100%', 'sample_values': []}, 'bgExpiredDate': {'types': ['datetime'], 'presence_rate': '100%', 'sample_values': []}, 'claimClosureDate': {'types': ['datetime'], 'presence_rate': '100%', 'sample_values': []}, 'bankName': {'types': ['str'], 'presence_rate': '100%', 'sample_values': ['HDFC Bank', 'ICICI Bank']}, 'nature': {'types': ['str'], 'presence_rate': '100%', 'sample_values': ['Performance Guarantee ', 'Performance Security']}, 'files': {'types': ['list'], 'presence_rate': '100%', 'sample_values': []}, 'roadId': {'types': ['ObjectId'], 'presence_rate': '100%', 'sample_values': []}, 'createdBy': {'types': ['ObjectId'], 'presence_rate': '100%', 'sample_values': []}, 'createdAt': {'types': ['datetime'], 'presence_rate': '100%', 'sample_values': []}, 'updatedAt': {'types': ['datetime'], 'presence_rate': '100%', 'sample_values': []}, 'updatedBy': {'types': ['ObjectId'], 'presence_rate': '100%', 'sample_values': []}, 'title': {'types': ['str'], 'presence_rate': '100%', 'sample_values': ['ADTPL-BG-1', 'ADTPL-BG-2']}, '__v': {'types': ['int'], 'presence_rate': '100%', 'sample_values': []}, 'bankConfirmationDate': {'types': ['datetime'], 'presence_rate': '50%', 'sample_values': []}}","roads, users",Confidential,ok
categories,Categories,Administration,"Stores a list of high-level categories used to classify other entities such as assets, incidents, and infrastructure components across the system.",Category,name,"_id, name","{'name': {'types': ['str'], 'presence_rate': '100%', 'sample_values': ['Highway', 'Incident', 'Pavement', 'Road Furniture', 'Structures', 'Toll Plaza']}}",,Internal,ok
chainages,Chainages,Infrastructure & Assets,"Stores specific, measured points (chainages) along highways, each with a unique ID, geographic coordinates, and a reference to the road it belongs to. These points are fundamental for locating assets and events on the road network.",Chainage Marker,"chainageNumber, location, assetId, roadId","__v, _id, assetId, chainageNumber, createdAt, createdBy, location, roadId, updatedAt, updatedBy","{'chainageNumber': {'types': ['int', 'float'], 'presence_rate': '100%', 'sample_values': []}, 'location': {'types': ['dict'], 'presence_rate': '100%', 'sample_values': []}, 'location.type': {'types': ['str'], 'presence_rate': '100%', 'sample_values': ['Point']}, 'location.coordinates': {'types': ['list'], 'presence_rate': '100%', 'sample_values': []}, 'location._id': {'types': ['ObjectId'], 'presence_rate': '100%', 'sample_values': []}, 'assetId': {'types': ['str'], 'presence_rate': '100%', 'sample_values': ['Chain-10693', 'Chain-1133', 'Chain-11351', 'Chain-1152', 'Chain-11526', 'Chain-1171']}, 'roadId': {'types': ['ObjectId'], 'presence_rate': '100%', 'sample_values': []}, 'createdAt': {'types': ['datetime'], 'presence_rate': '100%', 'sample_values': []}, 'createdBy': {'types': ['ObjectId'], 'presence_rate': '100%', 'sample_values': []}, 'updatedAt': {'types': ['datetime'], 'presence_rate': '100%', 'sample_values': []}, 'updatedBy': {'types': ['ObjectId'], 'presence_rate': '100%', 'sample_values': []}, '__v': {'types': ['int'], 'presence_rate': '100%', 'sample_values': []}}","roads, users",Internal,ok
checklisthistories,Checklist Change History,Inspections & Tasks,"This collection functions as an audit trail, logging every modification made to inspection checklists. Each document captures a specific change, including the field affected, the values before and after the change, the user who performed the action, and the timestamp.",Checklist History Record,"checklistId, field, action, userId, createdAt","__v, _id, action, checklistId, createdAt, field, roadId, userId, valueAfter, valueBefore","{'userId': {'types': ['ObjectId'], 'presence_rate': '100%', 'sample_values': []}, 'checklistId': {'types': ['ObjectId'], 'presence_rate': '100%', 'sample_values': []}, 'valueAfter': {'types': ['str'], 'presence_rate': '84%', 'sample_values': ['0', '100', '63e37a71108845de44ccd0aa', '64.19', '71.94', '77.98']}, 'field': {'types': ['str'], 'presence_rate': '100%', 'sample_values': ['NEW CHECKLIST', 'checkListStatus', 'images', 'imsCRO', 'lhsOpenTollLanes', 'remarks']}, 'action': {'types': ['str'], 'presence_rate': '100%', 'sample_values': ['Checklist created', 'Edited Check List Status from ""ON-GOING""\n                        to ""SUBMITTED""', 'Edited Check List Status from ""SUBMITTED""\n                        to ""APPROVED""', 'Edited Check List Status from ""SUBMITTED""\n                        to ""ON-GOING""', 'Edited Lhs Open Toll Lanes from ""2""\n                        to ""0""', 'Edited Remarks\n                        to ""Dashboard Camera not provided.""']}, 'createdAt': {'types': ['datetime'], 'presence_rate': '100%', 'sample_values': []}, 'roadId': {'types': ['ObjectId'], 'presence_rate': '94%', 'sample_values': []}, '__v': {'types': ['int'], 'presence_rate': '100%', 'sample_values': []}, 'valueBefore': {'types': ['NoneType', 'str'], 'presence_rate': '30%', 'sample_values': ['2', '60', '62b4074b5ad8834cf974354a', '94.22', '99.62', 'As per Checklist ']}}","checklists, users, roads",Internal,ok
checklists,Inspection Checklists,Inspections & Tasks,"Stores records of completed inspection checklists for various company assets, including vehicles (ambulances, patrol vehicles) and infrastructure (toll plazas). Each document contains the checklist status, type, asset details, and inspection results.",Inspection Checklist,"checkListType, checkListStatus, createdAt, roadId, vehicleCode","__v, _id, chainage, checkListStatus, checkListType, createdAt, createdBy, driver, emergencyAssistance, gpsStatus, images, imsCRO, imsHelper, imsRPO, lhsOpenTollLanes, location, logBookAndIncident, nearestLocations, odometerReading, plazaManager, registrationNumber, remarks, rhsOpenTollLanes, roadId, safetyIncharge, shift, status, tollPlaza, totalWeightage, updatedAt, updatedBy, vehicleCode, vehicleCondition, vehicleRegistrationNumber","{'checkListStatus': {'types': ['str'], 'presence_rate': '100%', 'sample_values': ['APPROVED', 'DUPLICATE', 'ON-GOING', 'SUBMITTED']}, 'checkListType': {'types': ['str'], 'presence_rate': '100%', 'sample_values': ['Ambulance', 'Hydra', 'RPV', 'Tollplaza']}, 'chainage': {'types': ['int', 'float'], 'presence_rate': '93%', 'sample_values': []}, 'odometerReading': {'types': ['int', 'float'], 'presence_rate': '93%', 'sample_values': []}, 'vehicleCondition': {'types': ['str'], 'presence_rate': '93%', 'sample_values': ['NO', 'YES', 'Yes']}, 'shift': {'types': ['str'], 'presence_rate': '90%', 'sample_values': ['A', 'B', 'C']}, 'logBookAndIncident': {'types': ['str'], 'presence_rate': '89%', 'sample_values': ['No', 'Yes']}, 'emergencyAssistance': {'types': ['str'], 'presence_rate': '89%', 'sample_values': ['No', 'Yes']}, 'nearestLocations': {'types': ['str'], 'presence_rate': '89%', 'sample_values': ['No', 'Yes']}, 'remarks': {'types': ['NoneType', 'str'], 'presence_rate': '81%', 'sample_values': ['', 'Adequate', 'Adequate ', 'Adequate But insurance Expire 26 March 2024 RC not available ', 'As per Audit', 'As per Audit ']}, 'status': {'types': ['str'], 'presence_rate': '93%', 'sample_values': ['Operational']}, 'registrationNumber': {'types': ['str'], 'presence_rate': '93%', 'sample_values': ['AP 39 AY 6662', 'AP 39 TN 7569', 'AP 39 UE 0108', 'AP 39 UE 1033', 'AP 39 UK 9385', 'AP 39 UK 9386']}, 'vehicleCode': {'types': ['ObjectId'], 'presence_rate': '93%', 'sample_values': []}, 'location': {'types': ['dict'], 'presence_rate': '99%', 'sample_values': []}, 'location.type': {'types': ['str'], 'presence_rate': '99%', 'sample_values': ['Point']}, 'location.coordinates': {'types': ['list'], 'presence_rate': '99%', 'sample_values': []}, 'location._id': {'types': ['ObjectId'], 'presence_rate': '99%', 'sample_values': []}, 'imsCRO': {'types': ['ObjectId'], 'presence_rate': '69%', 'sample_values': []}, 'imsHelper': {'types': ['ObjectId'], 'presence_rate': '83%', 'sample_values': []}, 'driver': {'types': ['ObjectId'], 'presence_rate': '83%', 'sample_values': []}, 'images': {'types': ['list'], 'presence_rate': '100%', 'sample_values': []}, 'createdAt': {'types': ['datetime'], 'presence_rate': '100%', 'sample_values': []}, 'createdBy': {'types': ['ObjectId'], 'presence_rate': '100%', 'sample_values': []}, 'updatedAt': {'types': ['datetime'], 'presence_rate': '100%', 'sample_values': []}, 'updatedBy': {'types': ['ObjectId'], 'presence_rate': '99%', 'sample_values': []}, 'roadId': {'types': ['ObjectId'], 'presence_rate': '100%', 'sample_values': []}, '__v': {'types': ['int'], 'presence_rate': '100%', 'sample_values': []}, 'totalWeightage': {'types': ['int', 'float'], 'presence_rate': '84%', 'sample_values': []}, 'imsRPO': {'types': ['ObjectId'], 'presence_rate': '65%', 'sample_values': []}, 'gpsStatus': {'types': ['str'], 'presence_rate': '2%', 'sample_values': ['Working']}, 'plazaManager': {'types': ['ObjectId'], 'presence_rate': '7%', 'sample_values': []}, 'safetyIncharge': {'types': ['ObjectId'], 'presence_rate': '7%', 'sample_values': []}, 'tollPlaza': {'types': ['ObjectId'], 'presence_rate': '7%', 'sample_values': []}, 'lhsOpenTollLanes': {'types': ['int'], 'presence_rate': '7%', 'sample_values': []}, 'rhsOpenTollLanes': {'types': ['int'], 'presence_rate': '7%', 'sample_values': []}}","vehicles, users, roads, tollplazas",Internal,ok
compliancehistories,Compliance Histories,Administration,"This collection serves as an audit log, recording the history of actions and changes made to compliance documents. It specifically tracks updates to associated files, such as the results of security scans.",Compliance History Record,"complianceId, action, createdAt","_id, action, complianceId, createdAt, field, valueAfter","{'complianceId': {'types': ['ObjectId'], 'presence_rate': '100%', 'sample_values': []}, 'field': {'types': ['str'], 'presence_rate': '100%', 'sample_values': ['files']}, 'action': {'types': ['str'], 'presence_rate': '100%', 'sample_values': ['Updating file: NA.rtf file _id: 655da2f59a1d3960af56df33 as not infected', 'Updating file: NA.rtf file _id: 655da385217f5b5f098e0b6f as not infected', 'Updating file: NA.rtf file _id: 65cb3e3469d1fa9f81e0b49a as not infected', 'Updating file: NA.xlsx file _id: 655da2149a1d3960af56d854 as not infected', 'Updating file: NA.xlsx file _id: 655da2959a1d3960af56db69 as not infected', 'Updating file: Trading.docx file _id: 6931c8204d129aaaf9832bcd as not infected']}, 'createdAt': {'types': ['datetime'], 'presence_rate': '100%', 'sample_values': []}, 'valueAfter': {'types': ['str'], 'presence_rate': '100%', 'sample_values': []}}",compliances,Internal,ok
compliances,Employee Compliance Declarations,Administration,"Stores quarterly compliance declarations submitted by employees. These records contain personal and financial details such as beneficiaries and demat accounts, likely for regulatory or internal policy adherence.",Compliance Declaration,"employeeId, quarter, status, email","__v, _id, beneficiaries, companies, companyName, createdAt, dematAccounts, designation, email, employeeId, entities, files, name, otp, quarter, status, updatedAt, updatedBy","{'status': {'types': ['str'], 'presence_rate': '69%', 'sample_values': ['EDITED', 'SUBMITTED']}, 'name': {'types': ['str'], 'presence_rate': '69%', 'sample_values': ['ARVIND KUMAR', 'Abdul Salam', 'Abhijeet Singh Bal', 'Abhishek Tomar', 'Adarsh Singh', 'Akkulagari Jagan Mohan Reddy']}, 'designation': {'types': ['str'], 'presence_rate': '69%', 'sample_values': [' ENGINEER TMS MAINTANACE', 'AM', 'ANALYST', 'ASST MANAGER ', 'ASST. MANAGER (ERP)', 'ATMS Executive']}, 'companyName': {'types': ['str'], 'presence_rate': '69%', 'sample_values': [' Cube Highways and Transportation Assets Advisors Pvt Ltd', 'Andhra Pradesh Expressway Ltd.', 'CHATAAPL', 'CHTAAPL', 'CUBE HIGHWAYS & TRANSPORTATION ASSETS ADVISORS PVT. LTD.', 'CUBE HIGHWAYS AND TRANSPORTATION ASSET ADVISORS PVT LTD']}, 'email': {'types': ['str'], 'presence_rate': '100%', 'sample_values': ['Mahima.chaudhary@cubehighways.com', 'OM.PRAKASH@DATRL.IN', 'Pandi.Veerappan@mktl.co.in', 'ROHIT.GUPTA@CUBEHIGHWAYS.COM', 'Selvam30794@gmail.com', 'Suhaib.khan@wuptl.com']}, 'files': {'types': ['list'], 'presence_rate': '100%', 'sample_values': []}, 'beneficiaries': {'types': ['list'], 'presence_rate': '100%', 'sample_values': []}, 'dematAccounts': {'types': ['list'], 'presence_rate': '100%', 'sample_values': []}, 'entities': {'types': ['list'], 'presence_rate': '100%', 'sample_values': []}, 'companies': {'types': ['list'], 'presence_rate': '100%', 'sample_values': []}, 'quarter': {'types': ['str'], 'presence_rate': '100%', 'sample_values': ['Q1-FY24', 'Q1-FY25', 'Q1-FY26', 'Q2-FY24', 'Q2-FY25', 'Q2-FY26']}, 'employeeId': {'types': ['ObjectId'], 'presence_rate': '100%', 'sample_values': []}, 'createdAt': {'types': ['datetime'], 'presence_rate': '100%', 'sample_values': []}, 'updatedAt': {'types': ['datetime'], 'presence_rate': '100%', 'sample_values': []}, '__v': {'types': ['int'], 'presence_rate': '100%', 'sample_values': []}, 'otp': {'types': ['dict'], 'presence_rate': '47%', 'sample_values': []}, 'otp.otpCode': {'types': ['int'], 'presence_rate': '47%', 'sample_values': []}, 'otp.generatedTime': {'types': ['datetime'], 'presence_rate': '47%', 'sample_values': []}, 'otp.limit': {'types': ['int'], 'presence_rate': '47%', 'sample_values': []}}","employees, users",Confidential,ok
contractorhistories,Contractor Change History,Resources & Inventory,"An audit trail logging all historical changes to contractor records. It captures the specific field modified, the values before and after the change, the user who made the update, and the timestamp of the event.",Contractor History Record,"contractorId, field, action, createdAt, userId","__v, _id, action, contractorId, createdAt, field, roadId, userId, valueAfter, valueBefore","{'userId': {'types': ['ObjectId'], 'presence_rate': '87%', 'sample_values': []}, 'contractorId': {'types': ['ObjectId'], 'presence_rate': '100%', 'sample_values': []}, 'valueBefore': {'types': ['str'], 'presence_rate': '24%', 'sample_values': ['8619570427', 'ACTIVE', 'CHAKSEHERDI, BAISHNABNAGAR,\nMalda 732210', 'Fri Oct 14 2022 00:00:00 GMT+0530 (India Standard Time)', 'Fri Sep 30 2022 00:00:00 GMT+0530 (India Standard Time)', 'Hiranmay Acharjee']}, 'valueAfter': {'types': ['str'], 'presence_rate': '48%', 'sample_values': ['8145482675', '9099454748', '9140990758', '9414151695', '9534870066', '9794394865']}, 'field': {'types': ['str'], 'presence_rate': '100%', 'sample_values': ['NEW CONTRACTOR', 'address', 'chainages', 'dateOfContract', 'files', 'status']}, 'action': {'types': ['str'], 'presence_rate': '100%', 'sample_values': ['Contractor Added', 'Edited Address from ""Internal SPV team"" to ""Racy project""', 'Edited Chainages from ""[ 0.001-50 ]"" to ""[ 0.001-50, 50.001-52.3 ]""', 'Edited Chainages from ""[ 120.9-145 ]"" to ""[ 120.012-145 ]""', 'Edited Chainages from ""[ 120.9-145.5 ]"" to ""[ 120.9-145 ]""', 'Edited Chainages from ""[ 130-170 ]"" to ""[ 130-170, 170-200 ]""']}, 'createdAt': {'types': ['datetime'], 'presence_rate': '100%', 'sample_values': []}, '__v': {'types': ['int'], 'presence_rate': '87%', 'sample_values': []}, 'roadId': {'types': ['ObjectId'], 'presence_rate': '100%', 'sample_values': []}}","contractors, roads, users",Confidential,ok
contractors,Contractors,Resources & Inventory,"Stores records of third-party contractors engaged by the company. It includes contract details like start and end dates, assigned road sections, and supervisor contact information.",Contractor,"contractorName, status, validityOfContract, roadId, chainages","__v, _id, address, chainages, contractorName, createdAt, createdBy, dateOfContract, files, roadId, status, supervisorManager, supervisorName, supervisorNumber, updatedAt, updatedBy, validityOfContract","{'chainages': {'types': ['list'], 'presence_rate': '100%', 'sample_values': []}, 'dateOfContract': {'types': ['datetime'], 'presence_rate': '100%', 'sample_values': []}, 'validityOfContract': {'types': ['datetime'], 'presence_rate': '100%', 'sample_values': []}, 'contractorName': {'types': ['str'], 'presence_rate': '100%', 'sample_values': ['AR ENTERPRISES', 'AUTOMARK INDUSTRIES INDIA PVT LTD', 'Classic Chem Solution', 'DHARA SINGH CONSTRUCTION', 'Dhara singh', 'EGIS']}, 'address': {'types': ['str'], 'presence_rate': '100%', 'sample_values': ['', '#6-3-1186', '123', '2-19, BOGAPURAM VILLAGE, ACHUTAPURAM\n, 531011\nIndia\nM', '66+700, O&M Building, Nizampet, ', '8-61,1 Vidyanagar Colony;111,T Visakapattnam;530003']}, 'files': {'types': ['list'], 'presence_rate': '100%', 'sample_values': []}, 'status': {'types': ['str'], 'presence_rate': '100%', 'sample_values': ['ACTIVE', 'NON-ACTIVE']}, 'supervisorName': {'types': ['ObjectId'], 'presence_rate': '100%', 'sample_values': []}, 'supervisorNumber': {'types': ['str'], 'presence_rate': '88%', 'sample_values': ['6304809291', '7032672345', '7684976596', '7717770398', '7739565207', '7871275430']}, 'supervisorManager': {'types': ['ObjectId'], 'presence_rate': '88%', 'sample_values': []}, 'createdAt': {'types': ['datetime'], 'presence_rate': '100%', 'sample_values': []}, 'createdBy': {'types': ['ObjectId'], 'presence_rate': '100%', 'sample_values': []}, 'updatedAt': {'types': ['datetime'], 'presence_rate': '100%', 'sample_values': []}, 'updatedBy': {'types': ['ObjectId'], 'presence_rate': '100%', 'sample_values': []}, 'roadId': {'types': ['ObjectId'], 'presence_rate': '100%', 'sample_values': []}, '__v': {'types': ['int'], 'presence_rate': '100%', 'sample_values': []}}","users, roads",Internal,ok
customerhistories,Customer History,Administration,"Stores an audit log of all create and update operations performed on customer records. Each document represents a single change, detailing the field modified, the previous and new values, and the user who made the change.",Customer History Record,"customerId, userId, field, createdAt","__v, _id, action, createdAt, customerId, field, roadId, userId, valueAfter, valueBefore","{'userId': {'types': ['ObjectId'], 'presence_rate': '100%', 'sample_values': []}, 'customerId': {'types': ['ObjectId'], 'presence_rate': '100%', 'sample_values': []}, 'valueBefore': {'types': ['str'], 'presence_rate': '65%', 'sample_values': ['9999999999', '@aaaa', 'AAAA', 'AAAAA', 'AAAAAA', 'AAAAAAA']}, 'valueAfter': {'types': ['str'], 'presence_rate': '65%', 'sample_values': ['7428797105', '7894446170', '8291087709', '8830233212', '9449699242', '9582000236']}, 'field': {'types': ['str'], 'presence_rate': '100%', 'sample_values': ['NEW CUSTOMER', 'address', 'contactPersonDesignation', 'contactPersonEmail', 'contactPersonName', 'contactPersonNumber']}, 'action': {'types': ['str'], 'presence_rate': '100%', 'sample_values': ['Edited Contact Person Designation from ""AAAA"" to ""NA""', 'Edited Contact Person Designation from ""AAAAAA"" to ""NA""', 'Edited Contact Person Designation from ""NA"" to ""Asst. Manager""', 'Edited Contact Person Designation from ""NA"" to ""CFO""', 'Edited Contact Person Designation from ""NA"" to ""Finance Executive""', 'Edited Contact Person Designation from ""WWWW"" to ""NA""']}, 'createdAt': {'types': ['datetime'], 'presence_rate': '100%', 'sample_values': []}, 'roadId': {'types': ['ObjectId'], 'presence_rate': '100%', 'sample_values': []}, '__v': {'types': ['int'], 'presence_rate': '100%', 'sample_values': []}}","users, customers, roads",Confidential,ok
customers,Customers,Administration,"Stores information about business customers of Cube Highways, including their company details, GST information, and contact persons. Each customer is typically associated with a specific road project.",Customer,"fullName, gstNumber, status, roadId","__v, _id, address, contactPersonDesignation, contactPersonEmail, contactPersonName, contactPersonNumber, createdAt, createdBy, fullName, gstNumber, gstState, roadId, shortName, status, updatedAt, updatedBy","{'status': {'types': ['str'], 'presence_rate': '100%', 'sample_values': ['ACTIVE']}, 'fullName': {'types': ['str'], 'presence_rate': '100%', 'sample_values': ['Amrutha Constructions Private Limited', 'Angul Sukinda Railway Project', 'Ashoka Kandi Ramsanpalle Road Private Limited', 'Barwa Adda Expressway Limited', 'Canara Bank', 'Dewas Ujjain Highway Private Limited']}, 'shortName': {'types': ['str'], 'presence_rate': '100%', 'sample_values': ['Acpl', 'Akrrpl', 'Bael', 'Canara Bank', 'Cb', 'Ddipl']}, 'gstNumber': {'types': ['str'], 'presence_rate': '100%', 'sample_values': ['01AAOCS8901P1ZV', '02AAJCG0709L1ZS', '02AAJCG7015P1ZF', '03AAICV4890Q1ZK', '06AABCL1136G1ZZ', '06AACCM9567H1Z4']}, 'gstState': {'types': ['str'], 'presence_rate': '98%', 'sample_values': ['BIHAR', 'Bihar', 'Chhattisgarh', 'DELHI', 'GUJARAT', 'HARYANA']}, 'contactPersonName': {'types': ['str'], 'presence_rate': '100%', 'sample_values': ['G NAGASRINIVASA RAO', 'Mr. Ashok Shetty', 'Mr. Dibyadyuti Bera', 'Mr. Durga Prasad', 'Mr. Kaivan Vora', 'Mr. Mahpal Panwar']}, 'contactPersonEmail': {'types': ['str'], 'presence_rate': '100%', 'sample_values': ['NA', 'Narendrareddy@lntidpl.com', 'RRRRRRRR', 'accounts@metroinfrasys.com', 'akshay.matale@ashokabuildcon.in', 'anjali.kumawat@gawar.in']}, 'contactPersonNumber': {'types': ['str'], 'presence_rate': '100%', 'sample_values': ['6281748679', '7428797105', '7894446170', '8291087709', '8830233212', '9342137358']}, 'contactPersonDesignation': {'types': ['str'], 'presence_rate': '100%', 'sample_values': ['Asst. Manager', 'CFO', 'Finance Executive', 'NA', 'Project Manager', 'Regional Head']}, 'address': {'types': ['str'], 'presence_rate': '100%', 'sample_values': ['120, NH-45, VEPPANTHATTAI\nTAMIL NADU-621133', '205,Sector-4, Channi Himmat\nJammu & Kashmir- 180015', '205-206, KRISHNA TOWER, 2/1 NEW\nPALASIA, INDORE, Indore, Madhya\nPradesh, 452001', '22, TIE, Bala Nagar, Medchal Malkajgiri\nTelangana, Hyderabad-500037', '26 PH/ABA EXPRESSWAY\nPO Box No. 967, NIGERIA', '443/9, PARI NAGAR, CHINNANDANKOIL ROAD\nKarur, Tamil Nadu-639002']}, 'createdAt': {'types': ['datetime'], 'presence_rate': '100%', 'sample_values': []}, 'createdBy': {'types': ['ObjectId'], 'presence_rate': '100%', 'sample_values': []}, 'updatedAt': {'types': ['datetime'], 'presence_rate': '100%', 'sample_values': []}, 'updatedBy': {'types': ['ObjectId'], 'presence_rate': '100%', 'sample_values': []}, 'roadId': {'types': ['ObjectId'], 'presence_rate': '100%', 'sample_values': []}, '__v': {'types': ['int'], 'presence_rate': '100%', 'sample_values': []}}","roads, users",Confidential,ok
dailyprogresses,Daily Progress Reports,Inspections & Tasks,"Records daily progress reports for maintenance and operational tasks performed on highways. Each document details the work type, location (chainage), resources utilized (labor, supervisors), and includes safety compliance information and photographic evidence.",Daily Progress Report,"dpId, createdAt, workCategory, workType, chainageFrom","__v, _id, activityCompletionPercentage, activityCompletionRemarks, activityLocation, additionalInformation, approverId, chainageFrom, chainageTo, checklistId, completionDate, contractorId, coveredAspects, createdAt, createdBy, description, direction, dpId, dprType, finalWorkImage, highSkilledLabors, images, isMultipleDayDPRsAllowed, isToolBoxTalkConducted, issueId, labors, labourImage, location, mlProcessed, mlVersion, noOfPlants, onGoingImage, personalEquipment, personsInvolvedFemale, personsInvolvedMale, ppeMatrix, qualityRating, randomObservationChecklistIds, rating, reporterId, reportingManagerId, roadId, safetyCheckListImage, safetyChecklistType, safetyImage, safetyRating, skilledWorkers, sourceOfWater, status, supervisorId, supervisors, suppliedTankers, tankerCapacity, toolBoxImage, toolBoxLabors, trafficManagementArrangement, typeOfPlants, updatedAt, updatedBy, workAreaSubType, workAreaType, workCarriedOut, workCategory, workStartImage, workType","{'roadId': {'types': ['ObjectId'], 'presence_rate': '100%', 'sample_values': []}, 'chainageFrom': {'types': ['int', 'float'], 'presence_rate': '100%', 'sample_values': []}, 'chainageTo': {'types': ['int', 'float'], 'presence_rate': '100%', 'sample_values': []}, 'direction': {'types': ['str'], 'presence_rate': '99%', 'sample_values': ['BHS', 'LHS', 'MEDIAN', 'RHS']}, 'workAreaType': {'types': ['str'], 'presence_rate': '80%', 'sample_values': ['', 'Avenue Plantation', 'Facilities', 'Main Carriageway', 'Median', 'Median Plantation']}, 'workAreaSubType': {'types': ['str'], 'presence_rate': '55%', 'sample_values': ['Administrative Building', 'Bus Bay', 'Grass Cutting', 'New Plantation', 'Prunning / Trimming', 'Toilet Block']}, 'workType': {'types': ['str'], 'presence_rate': '100%', 'sample_values': ['Cleaning/Disposal of Garbage', 'Other', 'Other Civil Repairs', 'Plantation Work', 'Repairing of Drain', 'Repairing of Pavement Defects']}, 'labors': {'types': ['dict'], 'presence_rate': '100%', 'sample_values': []}, 'labors._id': {'types': ['ObjectId'], 'presence_rate': '99%', 'sample_values': []}, 'labors.male': {'types': ['dict'], 'presence_rate': '100%', 'sample_values': []}, 'labors.male.count': {'types': ['int'], 'presence_rate': '100%', 'sample_values': []}, 'labors.male.hours': {'types': ['int'], 'presence_rate': '100%', 'sample_values': []}, 'labors.male._id': {'types': ['ObjectId'], 'presence_rate': '99%', 'sample_values': []}, 'labors.female': {'types': ['dict'], 'presence_rate': '100%', 'sample_values': []}, 'labors.female.count': {'types': ['int'], 'presence_rate': '100%', 'sample_values': []}, 'labors.female.hours': {'types': ['int'], 'presence_rate': '100%', 'sample_values': []}, 'labors.female._id': {'types': ['ObjectId'], 'presence_rate': '99%', 'sample_values': []}, 'highSkilledLabors': {'types': ['dict'], 'presence_rate': '82%', 'sample_values': []}, 'highSkilledLabors.count': {'types': ['int'], 'presence_rate': '82%', 'sample_values': []}, 'highSkilledLabors.hours': {'types': ['int'], 'presence_rate': '82%', 'sample_values': []}, 'highSkilledLabors._id': {'types': ['ObjectId'], 'presence_rate': '82%', 'sample_values': []}, 'skilledWorkers': {'types': ['dict'], 'presence_rate': '99%', 'sample_values': []}, 'skilledWorkers._id': {'types': ['ObjectId'], 'presence_rate': '99%', 'sample_values': []}, 'skilledWorkers.mason': {'types': ['dict'], 'presence_rate': '99%', 'sample_values': []}, 'skilledWorkers.mason.count': {'types': ['int'], 'presence_rate': '99%', 'sample_values': []}, 'skilledWorkers.mason.hours': {'types': ['int'], 'presence_rate': '99%', 'sample_values': []}, 'skilledWorkers.mason._id': {'types': ['ObjectId'], 'presence_rate': '99%', 'sample_values': []}, 'skilledWorkers.painter': {'types': ['dict'], 'presence_rate': '99%', 'sample_values': []}, 'skilledWorkers.painter.count': {'types': ['int'], 'presence_rate': '99%', 'sample_values': []}, 'skilledWorkers.painter.hours': {'types': ['int'], 'presence_rate': '99%', 'sample_values': []}, 'skilledWorkers.painter._id': {'types': ['ObjectId'], 'presence_rate': '99%', 'sample_values': []}, 'skilledWorkers.electrician': {'types': ['dict'], 'presence_rate': '99%', 'sample_values': []}, 'skilledWorkers.electrician.count': {'types': ['int'], 'presence_rate': '99%', 'sample_values': []}, 'skilledWorkers.electrician.hours': {'types': ['int'], 'presence_rate': '99%', 'sample_values': []}, 'skilledWorkers.electrician._id': {'types': ['ObjectId'], 'presence_rate': '99%', 'sample_values': []}, 'skilledWorkers.plumber': {'types': ['dict'], 'presence_rate': '99%', 'sample_values': []}, 'skilledWorkers.plumber.count': {'types': ['int'], 'presence_rate': '99%', 'sample_values': []}, 'skilledWorkers.plumber.hours': {'types': ['int'], 'presence_rate': '99%', 'sample_values': []}, 'skilledWorkers.plumber._id': {'types': ['ObjectId'], 'presence_rate': '99%', 'sample_values': []}, 'skilledWorkers.others': {'types': ['dict'], 'presence_rate': '99%', 'sample_values': []}, 'skilledWorkers.others.count': {'types': ['int'], 'presence_rate': '99%', 'sample_values': []}, 'skilledWorkers.others.hours': {'types': ['int'], 'presence_rate': '99%', 'sample_values': []}, 'skilledWorkers.others._id': {'types': ['ObjectId'], 'presence_rate': '99%', 'sample_values': []}, 'supervisors': {'types': ['dict'], 'presence_rate': '99%', 'sample_values': []}, 'supervisors.count': {'types': ['int'], 'presence_rate': '99%', 'sample_values': []}, 'supervisors.hours': {'types': ['int'], 'presence_rate': '99%', 'sample_values': []}, 'supervisors._id': {'types': ['ObjectId'], 'presence_rate': '99%', 'sample_values': []}, 'createdAt': {'types': ['datetime'], 'presence_rate': '100%', 'sample_values': []}, 'status': {'types': ['str'], 'presence_rate': '100%', 'sample_values': ['APPROVED', 'DUPLICATE']}, 'description': {'types': ['str'], 'presence_rate': '93%', 'sample_values': ['', '6309137076', 'Amoli toll plaza Admin building Lane and toilet block cleaning', 'B/S Drinking watering at bus stops', 'B/S Sing Boards Cleaning', 'BHS']}, 'workCarriedOut': {'types': ['str'], 'presence_rate': '84%', 'sample_values': ['', '1375 Mtr Watering Work ', '1500 mtr work done', '5 drain cover +1 antiglare casting', '53.500 to 53.800 median grass cutting and plants hoeing ', '5meter']}, 'labourImage': {'types': ['int'], 'presence_rate': '99%', 'sample_values': []}, 'workStartImage': {'types': ['int'], 'presence_rate': '99%', 'sample_values': []}, 'safetyImage': {'types': ['int'], 'presence_rate': '99%', 'sample_values': []}, 'onGoingImage': {'types': ['int'], 'presence_rate': '99%', 'sample_values': []}, 'finalWorkImage': {'types': ['int'], 'presence_rate': '99%', 'sample_values': []}, 'toolBoxImage': {'types': ['int'], 'presence_rate': '89%', 'sample_values': []}, 'safetyCheckListImage': {'types': ['int'], 'presence_rate': '97%', 'sample_values': []}, 'images': {'types': ['list'], 'presence_rate': '100%', 'sample_values': []}, 'reporterId': {'types': ['ObjectId'], 'presence_rate': '100%', 'sample_values': []}, 'location': {'types': ['dict'], 'presence_rate': '99%', 'sample_values': []}, 'location.type': {'types': ['str'], 'presence_rate': '99%', 'sample_values': ['Point']}, 'location.coordinates': {'types': ['list'], 'presence_rate': '99%', 'sample_values': []}, 'location._id': {'types': ['ObjectId'], 'presence_rate': '99%', 'sample_values': []}, 'dprType': {'types': ['str'], 'presence_rate': '99%', 'sample_values': ['Inhouse Work', 'Routine Maintenance', 'Sub Contract Activities']}, 'isToolBoxTalkConducted': {'types': ['str'], 'presence_rate': '84%', 'sample_values': ['NO', 'YES']}, 'toolBoxLabors': {'types': ['dict'], 'presence_rate': '74%', 'sample_values': []}, 'toolBoxLabors._id': {'types': ['ObjectId'], 'presence_rate': '74%', 'sample_values': []}, 'toolBoxLabors.male': {'types': ['dict'], 'presence_rate': '74%', 'sample_values': []}, 'toolBoxLabors.male.count': {'types': ['int'], 'presence_rate': '74%', 'sample_values': []}, 'toolBoxLabors.male.hours': {'types': ['int'], 'presence_rate': '74%', 'sample_values': []}, 'toolBoxLabors.male._id': {'types': ['ObjectId'], 'presence_rate': '74%', 'sample_values': []}, 'toolBoxLabors.female': {'types': ['dict'], 'presence_rate': '74%', 'sample_values': []}, 'toolBoxLabors.female.count': {'types': ['int'], 'presence_rate': '74%', 'sample_values': []}, 'toolBoxLabors.female.hours': {'types': ['int'], 'presence_rate': '74%', 'sample_values': []}, 'toolBoxLabors.female._id': {'types': ['ObjectId'], 'presence_rate': '74%', 'sample_values': []}, 'dpId': {'types': ['str'], 'presence_rate': '100%', 'sample_values': ['DP-10196', 'DP-102904', 'DP-103650', 'DP-10402', 'DP-1041', 'DP-10411']}, 'reportingManagerId': {'types': ['ObjectId'], 'presence_rate': '100%', 'sample_values': []}, 'createdBy': {'types': ['ObjectId'], 'presence_rate': '99%', 'sample_values': []}, 'updatedAt': {'types': ['datetime'], 'presence_rate': '99%', 'sample_values': []}, 'updatedBy': {'types': ['ObjectId'], 'presence_rate': '99%', 'sample_values': []}, '__v': {'types': ['int'], 'presence_rate': '100%', 'sample_values': []}, 'completionDate': {'types': ['datetime'], 'presence_rate': '96%', 'sample_values': []}, 'mlProcessed': {'types': ['bool'], 'presence_rate': '95%', 'sample_values': []}, 'mlVersion': {'types': ['int'], 'presence_rate': '95%', 'sample_values': []}, 'qualityRating': {'types': ['int'], 'presence_rate': '95%', 'sample_values': []}, 'rating': {'types': ['int'], 'presence_rate': '95%', 'sample_values': []}, 'safetyRating': {'types': ['int', 'float'], 'presence_rate': '95%', 'sample_values': []}, 'workCategory': {'types': ['str'], 'presence_rate': '100%', 'sample_values': ['Routine Maintenance']}, 'coveredAspects': {'types': ['str'], 'presence_rate': '14%', 'sample_values': ['About Safety', 'Breifing about wearing PPE', 'Discussed about Safety and Health Condition and work Details', 'Explain about safety', 'General safety talk ', 'Imp']}, 'personalEquipment': {'types': ['dict'], 'presence_rate': '65%', 'sample_values': []}, 'personalEquipment.safetyJacket': {'types': ['dict'], 'presence_rate': '65%', 'sample_values': []}, 'personalEquipment.safetyJacket.usage': {'types': ['int'], 'presence_rate': '65%', 'sample_values': []}, 'personalEquipment.safetyJacket.required': {'types': ['int'], 'presence_rate': '65%', 'sample_values': []}, 'personalEquipment.safetyHelmet': {'types': ['dict'], 'presence_rate': '65%', 'sample_values': []}, 'personalEquipment.safetyHelmet.usage': {'types': ['int'], 'presence_rate': '65%', 'sample_values': []}, 'personalEquipment.safetyHelmet.required': {'types': ['int'], 'presence_rate': '65%', 'sample_values': []}, 'personalEquipment.safetyShoes': {'types': ['dict'], 'presence_rate': '65%', 'sample_values': []}, 'personalEquipment.safetyShoes.usage': {'types': ['int'], 'presence_rate': '65%', 'sample_values': []}, 'personalEquipment.safetyShoes.required': {'types': ['int'], 'presence_rate': '65%', 'sample_values': []}, 'personalEquipment.safetyGloves': {'types': ['dict'], 'presence_rate': '65%', 'sample_values': []}, 'personalEquipment.safetyGloves.usage': {'types': ['int', 'NoneType'], 'presence_rate': '65%', 'sample_values': []}, 'personalEquipment.safetyGloves.required': {'types': ['int'], 'presence_rate': '65%', 'sample_values': []}, 'personalEquipment.safetyGoggles': {'types': ['dict'], 'presence_rate': '65%', 'sample_values': []}, 'personalEquipment.safetyGoggles.usage': {'types': ['int', 'NoneType'], 'presence_rate': '65%', 'sample_values': []}, 'personalEquipment.safetyGoggles.required': {'types': ['int'], 'presence_rate': '65%', 'sample_values': []}, 'personalEquipment._id': {'types': ['ObjectId'], 'presence_rate': '65%', 'sample_values': []}, 'additionalInformation': {'types': ['str'], 'presence_rate': '16%', 'sample_values': ['Amoli toll plaza Admin building Lane and toilet block cleaning', 'B/S Bus Stops & Junctions Cleaning', 'B/S Drinking watering at bus stops', 'B/S Sing Boards Cleaning', 'CH 363.100 Lhs Avenue plantation', 'Ch.64+570 Ludhawai toll plaza and admin office cleaning work sweeper 2 nos.']}, 'contractorId': {'types': ['ObjectId'], 'presence_rate': '28%', 'sample_values': []}, 'checklistId': {'types': ['ObjectId'], 'presence_rate': '15%', 'sample_values': []}, 'randomObservationChecklistIds': {'types': ['list'], 'presence_rate': '15%', 'sample_values': []}, 'isMultipleDayDPRsAllowed': {'types': ['str'], 'presence_rate': '7%', 'sample_values': ['NO', 'YES']}, 'issueId': {'types': ['ObjectId', 'list'], 'presence_rate': '9%', 'sample_values': []}, 'activityLocation': {'types': ['str'], 'presence_rate': '5%', 'sample_values': ['MCW', 'Others', 'ROW', 'SR', 'Toll Plazas']}, 'trafficManagementArrangement': {'types': ['str'], 'presence_rate': '5%', 'sample_values': ['Not Applicable', 'Slow Lane Closure']}, 'personalEquipment.safetyJacket.ppeType': {'types': ['str'], 'presence_rate': '5%', 'sample_values': ['Basic PPE']}, 'personalEquipment.safetyHelmet.ppeType': {'types': ['str'], 'presence_rate': '5%', 'sample_values': ['Basic PPE']}, 'personalEquipment.safetyShoes.ppeType': {'types': ['str'], 'presence_rate': '5%', 'sample_values': ['Basic PPE']}, 'personalEquipment.gumBoots': {'types': ['dict'], 'presence_rate': '5%', 'sample_values': []}, 'personalEquipment.gumBoots.usage': {'types': ['int', 'NoneType'], 'presence_rate': '5%', 'sample_values': []}, 'personalEquipment.gumBoots.required': {'types': ['int'], 'presence_rate': '5%', 'sample_values': []}, 'personalEquipment.gumBoots.ppeType': {'types': ['str'], 'presence_rate': '5%', 'sample_values': ['Additional PPE']}, 'personalEquipment.safetyMask': {'types': ['dict'], 'presence_rate': '5%', 'sample_values': []}, 'personalEquipment.safetyMask.usage': {'types': ['int', 'NoneType'], 'presence_rate': '5%', 'sample_values': []}, 'personalEquipment.safetyMask.required': {'types': ['int'], 'presence_rate': '5%', 'sample_values': []}, 'personalEquipment.safetyMask.ppeType': {'types': ['str'], 'presence_rate': '5%', 'sample_values': ['Additional PPE']}, 'personalEquipment.safetyGloves.ppeType': {'types': ['str'], 'presence_rate': '5%', 'sample_values': ['Additional PPE']}, 'personalEquipment.safetyGoggles.ppeType': {'types': ['str'], 'presence_rate': '5%', 'sample_values': ['Additional PPE']}, 'personalEquipment.safetyHarnessBelt': {'types': ['dict'], 'presence_rate': '5%', 'sample_values': []}, 'personalEquipment.safetyHarnessBelt.usage': {'types': ['int', 'NoneType'], 'presence_rate': '5%', 'sample_values': []}, 'personalEquipment.safetyHarnessBelt.required': {'types': ['int'], 'presence_rate': '5%', 'sample_values': []}, 'personalEquipment.safetyHarnessBelt.ppeType': {'types': ['str'], 'presence_rate': '5%', 'sample_values': ['Additional PPE']}, 'personalEquipment.safetyLadderLock': {'types': ['dict'], 'presence_rate': '5%', 'sample_values': []}, 'personalEquipment.safetyLadderLock.usage': {'types': ['int', 'NoneType'], 'presence_rate': '5%', 'sample_values': []}, 'personalEquipment.safetyLadderLock.required': {'types': ['int'], 'presence_rate': '5%', 'sample_values': []}, 'personalEquipment.safetyLadderLock.ppeType': {'types': ['str'], 'presence_rate': '5%', 'sample_values': ['Additional PPE']}, 'ppeMatrix': {'types': ['int'], 'presence_rate': '5%', 'sample_values': []}, 'noOfPlants': {'types': ['int'], 'presence_rate': '1%', 'sample_values': []}, 'typeOfPlants': {'types': ['str'], 'presence_rate': '1%', 'sample_values': ['Bougainvillea', 'Calendra']}, 'sourceOfWater': {'types': ['str'], 'presence_rate': '7%', 'sample_values': ['Private Borewell', 'Tollplaza Borewell']}, 'suppliedTankers': {'types': ['int'], 'presence_rate': '4%', 'sample_values': []}, 'tankerCapacity': {'types': ['int'], 'presence_rate': '4%', 'sample_values': []}, 'safetyChecklistType': {'types': ['str'], 'presence_rate': '4%', 'sample_values': ['Basic', 'Dynamic Workzone', 'Static Work Zone', 'Water Tanker']}, 'activityCompletionPercentage': {'types': ['int'], 'presence_rate': '1%', 'sample_values': []}, 'activityCompletionRemarks': {'types': ['str'], 'presence_rate': '1%', 'sample_values': ['cleaning garbage ', 'ok']}, 'personsInvolvedFemale': {'types': ['int'], 'presence_rate': '1%', 'sample_values': []}, 'personsInvolvedMale': {'types': ['int'], 'presence_rate': '1%', 'sample_values': []}, 'supervisorId': {'types': ['ObjectId'], 'presence_rate': '1%', 'sample_values': []}, 'approverId': {'types': ['ObjectId'], 'presence_rate': '1%', 'sample_values': []}}","users, roads, contractors, dprchecklists, issues, dprrandomobservationchecklists",Internal,ok
dailyprogresshistories,Daily Progress History,Inspections & Tasks,"An audit log that records the history of all changes made to Daily Progress Reports (DPRs). Each document represents a single modification, detailing the field changed, the values before and after, the user responsible, and the timestamp of the change.",Daily Progress Report History Record,"dprId, field, action, createdAt, userId","__v, _id, action, createdAt, createdBy, dprId, field, roadId, updatedAt, updatedBy, userId, valueAfter, valueBefore","{'userId': {'types': ['ObjectId'], 'presence_rate': '100%', 'sample_values': []}, 'dprId': {'types': ['ObjectId'], 'presence_rate': '100%', 'sample_values': []}, 'valueBefore': {'types': ['str'], 'presence_rate': '19%', 'sample_values': ['', '1', '2.6', '210+400 TO 210+700 MEDIAM PLANTES TRIMMING', '3.1', 'Ch.64+680 L.H.S static weigh bridge load cell chaining work Labour 2nos ']}, 'valueAfter': {'types': ['str'], 'presence_rate': '89%', 'sample_values': ['174+000 to 174+300 median gress cutting and trimming ', '2', '3', '4', '4.8', '5']}, 'field': {'types': ['str'], 'presence_rate': '100%', 'sample_values': ['COMMENT', 'NEW DPR', 'checklistId', 'completionDate', 'coveredAspects', 'description']}, 'action': {'types': ['str'], 'presence_rate': '100%', 'sample_values': ['Added a comment - ""Completed Sir ""', 'DPR created', 'Edited Completion Date to ""16-02-2026 00:07:27""', 'Edited Completion Date to ""17-03-2026 20:58:36""', 'Edited Covered Aspects to ""Safety conversation with labour about work plan""', 'Edited Description to ""LHS median karb painting work""']}, 'createdAt': {'types': ['datetime'], 'presence_rate': '100%', 'sample_values': []}, 'roadId': {'types': ['ObjectId'], 'presence_rate': '100%', 'sample_values': []}, '__v': {'types': ['int'], 'presence_rate': '100%', 'sample_values': []}}","dailyprogresses, users, roads",Internal,ok
devices,User Devices,Administration,"This collection stores records of user devices, both mobile apps and web browsers, that have logged into the system. It includes technical specifications like device model, OS version, app version, and the last login date, associated with a user's mobile number.",User Device,"mobileNumber, deviceType, loginDate, appVersion, deviceInfo","__v, _id, androidVersion, appVersion, browserUA, createdAt, createdBy, deviceInfo, deviceType, isFlutterLogin, loginDate, mobileNumber, updatedAt, updatedBy","{'isFlutterLogin': {'types': ['bool'], 'presence_rate': '75%', 'sample_values': []}, 'mobileNumber': {'types': ['str'], 'presence_rate': '99%', 'sample_values': ['6000110027', '6000110143', '6000110404', '6000110439', '6000110604', '6000110607']}, 'browserUA': {'types': ['str'], 'presence_rate': '43%', 'sample_values': []}, 'deviceType': {'types': ['str'], 'presence_rate': '100%', 'sample_values': ['APP', 'WEB']}, 'loginDate': {'types': ['datetime'], 'presence_rate': '100%', 'sample_values': []}, 'createdAt': {'types': ['datetime'], 'presence_rate': '100%', 'sample_values': []}, 'updatedAt': {'types': ['datetime'], 'presence_rate': '100%', 'sample_values': []}, '__v': {'types': ['int'], 'presence_rate': '100%', 'sample_values': []}, 'deviceInfo': {'types': ['str'], 'presence_rate': '57%', 'sample_values': ['2201116TI Xiaomi', '23124RN87I Xiaomi', '2312DRAABI Xiaomi', '2411DRN47I Xiaomi', 'A015 Nothing', 'A063 Nothing']}, 'androidVersion': {'types': ['NoneType', 'str'], 'presence_rate': '66%', 'sample_values': ['10', '11', '12', '13', '13.undefined', '14']}, 'createdBy': {'types': ['ObjectId'], 'presence_rate': '15%', 'sample_values': []}, 'updatedBy': {'types': ['ObjectId'], 'presence_rate': '15%', 'sample_values': []}, 'appVersion': {'types': ['str'], 'presence_rate': '57%', 'sample_values': ['', '3.0.0', '3.1.1', '3.1.11', '3.1.12', '3.1.13']}}",users,Confidential,ok
dieselgenerators,Diesel Generator Readings,Infrastructure & Assets,"This collection stores periodic readings and logs for diesel generators located at various toll plazas. Each document captures operational data like meter readings, diesel fuel levels, and servicing information for a specific generator unit.",Diesel Generator Reading,"tollPlazaName, serialNumber, meterReading, dieselWeight, createdAt","__v, _id, createdAt, createdBy, dateOfSelling, dateOfServicing, dieselWeight, images, meterReading, plazaCode, roadId, serialNumber, shift, tollPlazaName, updatedAt, updatedBy, usedOilGeneratedQuantity","{'plazaCode': {'types': ['str'], 'presence_rate': '91%', 'sample_values': ['TP-1', 'TP-2', 'TP-3']}, 'tollPlazaName': {'types': ['str'], 'presence_rate': '100%', 'sample_values': ['18th Mile Toll Plaza (DG-2)', 'Amoli', 'Bagsarai', 'Chandermore', 'Elechuru', 'Laxmipur']}, 'shift': {'types': ['str'], 'presence_rate': '99%', 'sample_values': ['A', 'B', 'C']}, 'serialNumber': {'types': ['str'], 'presence_rate': '100%', 'sample_values': ['1914', 'CJES 14015093', 'CJES 14015094', 'CJES 14015276', 'CJES 14015276 ', 'CJES-14025300']}, 'meterReading': {'types': ['int', 'float'], 'presence_rate': '100%', 'sample_values': []}, 'dieselWeight': {'types': ['int', 'float'], 'presence_rate': '100%', 'sample_values': []}, 'createdAt': {'types': ['datetime'], 'presence_rate': '100%', 'sample_values': []}, 'images': {'types': ['list'], 'presence_rate': '100%', 'sample_values': []}, 'createdBy': {'types': ['ObjectId'], 'presence_rate': '100%', 'sample_values': []}, 'updatedAt': {'types': ['datetime'], 'presence_rate': '100%', 'sample_values': []}, 'updatedBy': {'types': ['ObjectId'], 'presence_rate': '99%', 'sample_values': []}, 'roadId': {'types': ['ObjectId'], 'presence_rate': '100%', 'sample_values': []}, '__v': {'types': ['int'], 'presence_rate': '100%', 'sample_values': []}, 'usedOilGeneratedQuantity': {'types': ['int', 'float'], 'presence_rate': '9%', 'sample_values': []}, 'dateOfServicing': {'types': ['datetime'], 'presence_rate': '9%', 'sample_values': []}, 'dateOfSelling': {'types': ['datetime'], 'presence_rate': '9%', 'sample_values': []}}","roads, users, tollplazas",Internal,ok
dprchecklisthistories,DPR Checklist Histories,Inspections & Tasks,"This collection functions as an audit log, recording the history of changes and actions performed on Daily Progress Report (DPR) checklists. Each document captures a specific event, such as a field update or an approval, including the user responsible and the timestamp.",DPR Checklist Change Log,"dprChecklistId, field, action, userId, createdAt","__v, _id, action, createdAt, dprChecklistId, field, roadId, userId, valueAfter, valueBefore","{'dprChecklistId': {'types': ['ObjectId'], 'presence_rate': '100%', 'sample_values': []}, 'userId': {'types': ['ObjectId'], 'presence_rate': '100%', 'sample_values': []}, 'field': {'types': ['str'], 'presence_rate': '100%', 'sample_values': ['NEW DPR CHECKLIST DATA', 'approvedBy', 'images', 'isWorkingInBufferZone', 'isWorkingInOutsideWorkZone', 'isWorkingInTaperArea']}, 'action': {'types': ['str'], 'presence_rate': '100%', 'sample_values': ['Checklist approved by Abhisekh Kumar', 'Checklist approved by Amit Pal', 'Checklist approved by Ginni Balaraju', 'Checklist approved by Md Faiyaz Alam', 'Checklist approved by Ram Prabhu', 'Checklist approved by Tasleem Ahmad']}, 'valueAfter': {'types': ['str'], 'presence_rate': '93%', 'sample_values': [' Add all mandatory photos to the checklist.', '3.\tPaste reflective tape on the dummy flag men', '61ed62fb3e08c401f0d71c0c', '61ed62fb3e08c401f0d71c87', '61ed62fb3e08c401f0d71cf5', '61ed62fb3e08c401f0d71d9b']}, 'createdAt': {'types': ['datetime'], 'presence_rate': '100%', 'sample_values': []}, 'roadId': {'types': ['ObjectId'], 'presence_rate': '100%', 'sample_values': []}, '__v': {'types': ['int'], 'presence_rate': '100%', 'sample_values': []}, 'valueBefore': {'types': ['str'], 'presence_rate': '28%', 'sample_values': ['Indra Gopal Singh', 'ON-GOING', 'SUBMITTED', 'Seems good ', 'VERIFIED']}}","dprchecklists, users, roads",Internal,ok
dprchecklistquestions,DPR Checklist Questions,Inspections & Tasks,This collection stores individual questions and their corresponding answers that form part of a Daily Progress Report (DPR) checklist. Each document represents a single check performed during highway operations or safety audits.,DPR Checklist Question,"questionName, answer, questionType, dprChecklistId, roadId","__v, _id, answer, createdAt, createdBy, description, dprChecklistId, images, previousToolboxTalkDprId, questionName, questionSubType, questionType, roadId, serialNumber, tbtConductedBy, topicsCoveredInTBT, updatedAt, updatedBy","{'serialNumber': {'types': ['str'], 'presence_rate': '100%', 'sample_values': ['1', '1.1', '1.2', '1.3', '1.4', '10']}, 'questionType': {'types': ['str'], 'presence_rate': '100%', 'sample_values': ['Arrangement on Material Vehicle (MV)', 'General', 'Safe Arrangement', 'Shadow Vehicle Class Meet the Specification (LCV)', 'Tool Box Talk', 'Water Tanker']}, 'dprChecklistId': {'types': ['ObjectId'], 'presence_rate': '100%', 'sample_values': []}, 'answer': {'types': ['str'], 'presence_rate': '94%', 'sample_values': ['1', '2', '4', '6', '8', 'Adequate']}, 'questionName': {'types': ['str'], 'presence_rate': '100%', 'sample_values': ['30Kmph Speed limit Signboard', 'Advance Warning Signboard', 'Arrangements in SV', 'Blinker (yellow)', 'Buffer Space', 'Buffer Zone Arranagements']}, 'description': {'types': ['str'], 'presence_rate': '94%', 'sample_values': [' Laminated list', ' Minimum 01 with each safety labour/supervisor', ""01 no's in the vehicle"", '01 nos. at middle back of the vehicle', '01 nos. below the flasher light', '01 nos. in taper']}, 'roadId': {'types': ['ObjectId'], 'presence_rate': '100%', 'sample_values': []}, 'createdBy': {'types': ['ObjectId'], 'presence_rate': '100%', 'sample_values': []}, 'createdAt': {'types': ['datetime'], 'presence_rate': '100%', 'sample_values': []}, 'updatedAt': {'types': ['datetime'], 'presence_rate': '100%', 'sample_values': []}, 'updatedBy': {'types': ['ObjectId'], 'presence_rate': '100%', 'sample_values': []}, '__v': {'types': ['int'], 'presence_rate': '100%', 'sample_values': []}, 'topicsCoveredInTBT': {'types': ['list'], 'presence_rate': '23%', 'sample_values': []}, 'tbtConductedBy': {'types': ['list'], 'presence_rate': '23%', 'sample_values': []}, 'images': {'types': ['list'], 'presence_rate': '23%', 'sample_values': []}, 'questionSubType': {'types': ['str'], 'presence_rate': '34%', 'sample_values': ['Advance Warning Zone - Signboard', 'Termination Zone', 'Transition Zone', 'Work Zone', 'Work-End Zone']}}","dprchecklists, users, roads",Internal,ok
dprchecklistquestionshistories,DPR Checklist Question History,Inspections & Tasks,"An audit log that records the history of changes made to questions within Daily Progress Report (DPR) checklists. It tracks the field that was modified, the action taken, and the user who performed the action.",Checklist Question Change Record,"dprChecklistQuestionId, field, action, userId, createdAt","__v, _id, action, createdAt, dprChecklistId, dprChecklistQuestionId, field, roadId, userId, valueAfter, valueBefore","{'userId': {'types': ['ObjectId'], 'presence_rate': '100%', 'sample_values': []}, 'dprChecklistId': {'types': ['ObjectId'], 'presence_rate': '57%', 'sample_values': []}, 'dprChecklistQuestionId': {'types': ['ObjectId'], 'presence_rate': '100%', 'sample_values': []}, 'valueAfter': {'types': ['str'], 'presence_rate': '19%', 'sample_values': ['As Per SOP', 'NO', 'Not As Per SOP', 'Not Provided']}, 'field': {'types': ['str'], 'presence_rate': '100%', 'sample_values': ['NEW DPR CHECKLIST QUESTION', 'answer', 'images']}, 'action': {'types': ['str'], 'presence_rate': '100%', 'sample_values': ['Edited Answer from ""Adequate"" to ""Not Provided""', 'Edited Answer from ""As Per SOP"" to ""Not As Per SOP""', 'Edited Answer from ""Not Applicable"" to ""As Per SOP""', 'Edited Answer from ""YES"" to ""NO""', 'New Dpr Checklist Question Added', 'User added a new Image for question(1)\n                            in Plank']}, '__v': {'types': ['int'], 'presence_rate': '100%', 'sample_values': []}, 'createdAt': {'types': ['datetime'], 'presence_rate': '85%', 'sample_values': []}, 'roadId': {'types': ['ObjectId'], 'presence_rate': '85%', 'sample_values': []}, 'valueBefore': {'types': ['str'], 'presence_rate': '4%', 'sample_values': ['Adequate', 'As Per SOP', 'Not Applicable', 'YES']}}","users, dprchecklists, dprchecklistquestions, roads",Internal,ok
dprchecklists,DPR Safety Checklists,Safety & Accidents,"Stores records of safety checklists associated with Daily Progress Reports (DPRs). These documents detail safety measures, observations, traffic management arrangements, and approval statuses for various on-road activities.",DPR Safety Checklist,"status, safetyChecklistType, activityLocation, safetyObservations, roadId","__v, _id, activityLocation, approvedBy, arrangementScore, createdAt, createdBy, dprs, endTime, equipmentUsed, images, isAutoApprove, isSafetyVideoShared, isWorkingInBufferZone, isWorkingInOutsideWorkZone, isWorkingInTaperArea, observationStatus, operationHeight, otherEquipmentUsed, remarks, roadId, safetyChecklistType, safetyObservations, startTime, status, taskDescription, title, trafficManagementArrangement, updatedAt, updatedBy, vehicleCode, verifiedBy, videoSharedTime","{'status': {'types': ['str'], 'presence_rate': '100%', 'sample_values': ['APPROVED', 'DUPLICATE']}, 'dprs': {'types': ['list'], 'presence_rate': '100%', 'sample_values': []}, 'isAutoApprove': {'types': ['bool'], 'presence_rate': '18%', 'sample_values': []}, 'safetyChecklistType': {'types': ['str'], 'presence_rate': '100%', 'sample_values': ['Basic', 'Basic Checklist', 'Dynamic Work Zone', 'Dynamic Workzone', 'RM Checklist (MCW)', 'RM Checklist (ROW)']}, 'startTime': {'types': ['datetime'], 'presence_rate': '100%', 'sample_values': []}, 'endTime': {'types': ['datetime'], 'presence_rate': '100%', 'sample_values': []}, 'isSafetyVideoShared': {'types': ['str'], 'presence_rate': '94%', 'sample_values': ['N/A', 'NO', 'YES']}, 'videoSharedTime': {'types': ['NoneType', 'datetime'], 'presence_rate': '65%', 'sample_values': []}, 'remarks': {'types': ['str'], 'presence_rate': '98%', 'sample_values': [' ', '.', '. ', '16 mtr Highmasst light foundation ', '343+000 to 344+400', '351.440 ']}, 'roadId': {'types': ['ObjectId'], 'presence_rate': '100%', 'sample_values': []}, 'images': {'types': ['list'], 'presence_rate': '100%', 'sample_values': []}, 'createdBy': {'types': ['ObjectId'], 'presence_rate': '100%', 'sample_values': []}, 'createdAt': {'types': ['datetime'], 'presence_rate': '100%', 'sample_values': []}, 'updatedAt': {'types': ['datetime'], 'presence_rate': '100%', 'sample_values': []}, 'updatedBy': {'types': ['ObjectId'], 'presence_rate': '100%', 'sample_values': []}, 'title': {'types': ['str'], 'presence_rate': '100%', 'sample_values': ['ADTPL-DPR-CL-1506', 'APEL-DPR-CL-12492', 'APEL-DPR-CL-180', 'APEL-DPR-CL-1884', 'APEL-DPR-CL-5213', 'APEL-DPR-CL-636']}, '__v': {'types': ['int'], 'presence_rate': '100%', 'sample_values': []}, 'approvedBy': {'types': ['ObjectId'], 'presence_rate': '99%', 'sample_values': []}, 'observationStatus': {'types': ['str'], 'presence_rate': '18%', 'sample_values': ['Not Applicable', 'Safe Act Observed', 'Unsafe Act Observed & Not Improved']}, 'safetyObservations': {'types': ['str'], 'presence_rate': '97%', 'sample_values': [' ', '.', 'Approach taper and buffer zone are not provided as per SOP.', 'Approach taper of 70m & Buffer zone of 60m required.', 'Blinker, Water filled Barrier are not provided', 'Cordon this area with safety arrangements.  Red flag not provided.']}, 'activityLocation': {'types': ['str'], 'presence_rate': '82%', 'sample_values': ['MCW', 'Office Building', 'Others', 'ROW', 'SR', 'Toll Plazas']}, 'trafficManagementArrangement': {'types': ['NoneType', 'str'], 'presence_rate': '82%', 'sample_values': ['', 'Carriageway Closure', 'Dynamic Work (Moving)', 'Fast Lane Closure', 'Fast lane Closure (Both Side)', 'Junction Area']}, 'verifiedBy': {'types': ['ObjectId'], 'presence_rate': '81%', 'sample_values': []}, 'isWorkingInBufferZone': {'types': ['str'], 'presence_rate': '81%', 'sample_values': ['N/A', 'NO']}, 'isWorkingInOutsideWorkZone': {'types': ['str'], 'presence_rate': '81%', 'sample_values': ['N/A', 'NO', 'YES']}, 'isWorkingInTaperArea': {'types': ['str'], 'presence_rate': '81%', 'sample_values': ['N/A', 'NO']}, 'arrangementScore': {'types': ['int'], 'presence_rate': '9%', 'sample_values': []}, 'vehicleCode': {'types': ['ObjectId'], 'presence_rate': '5%', 'sample_values': []}}","dailyprogresses, roads, users, vehicles",Internal,ok
dprplans,DPR Maintenance Plans,Inspections & Tasks,"This collection stores monthly maintenance plans for highway sections. Each document details a specific type of work, such as vegetation management or cleaning, and schedules the activities at specific chainage points along a designated road.",Maintenance Work Plan,"planType, workType, roadId, month, year","__v, _id, chainageWise, createdAt, createdBy, direction, month, planType, roadId, updatedAt, updatedBy, version, workType, year","{'planType': {'types': ['str'], 'presence_rate': '100%', 'sample_values': ['CLEANING', 'VEGITATION WORKS PLANNED DATE', 'Watering']}, 'workType': {'types': ['str'], 'presence_rate': '100%', 'sample_values': ['AVENUE/SHOULDER EDGE GRASS CUTTING AND CLEANING', 'Grass Cutting', 'MAIN CARRIAGEWAY', 'MEDIAN TRIMMING AND PRUNING', 'PLANT WATERING', 'ROW']}, 'direction': {'types': ['str'], 'presence_rate': '100%', 'sample_values': ['LHS', 'MEDIAN', 'RHS']}, 'chainageWise': {'types': ['list'], 'presence_rate': '100%', 'sample_values': []}, 'version': {'types': ['int'], 'presence_rate': '100%', 'sample_values': []}, 'month': {'types': ['int'], 'presence_rate': '100%', 'sample_values': []}, 'year': {'types': ['int'], 'presence_rate': '100%', 'sample_values': []}, 'createdBy': {'types': ['ObjectId'], 'presence_rate': '100%', 'sample_values': []}, 'createdAt': {'types': ['datetime'], 'presence_rate': '100%', 'sample_values': []}, 'updatedAt': {'types': ['datetime'], 'presence_rate': '100%', 'sample_values': []}, 'updatedBy': {'types': ['ObjectId'], 'presence_rate': '100%', 'sample_values': []}, 'roadId': {'types': ['ObjectId'], 'presence_rate': '100%', 'sample_values': []}, '__v': {'types': ['int'], 'presence_rate': '100%', 'sample_values': []}}","roads, users",Internal,ok
dprrandomchecklistquestionshistories,DPR Random Checklist Question Histories,Inspections & Tasks,"This collection serves as an audit log, recording the history of creations and modifications made to questions within Daily Progress Report (DPR) random observation checklists. Each document represents a single change event, tracking the field modified, the values before and after the change, and the user responsible.",Checklist Question History Record,"dprRandomChecklistQuestionId, action, field, userId, createdAt","__v, _id, action, createdAt, dprRandomChecklistId, dprRandomChecklistQuestionId, field, roadId, userId, valueAfter, valueBefore","{'userId': {'types': ['ObjectId'], 'presence_rate': '100%', 'sample_values': []}, 'dprRandomChecklistId': {'types': ['ObjectId'], 'presence_rate': '100%', 'sample_values': []}, 'dprRandomChecklistQuestionId': {'types': ['ObjectId'], 'presence_rate': '100%', 'sample_values': []}, 'field': {'types': ['str'], 'presence_rate': '100%', 'sample_values': ['NEW DPR RANDOM OBSERVATION CHECKLIST QUESTION DATA', 'comments', 'riskNo', 'safe']}, 'action': {'types': ['str'], 'presence_rate': '100%', 'sample_values': ['Dpr Random Observation Checklist Question Data Added', 'Edited Comments to """" for Question(1)\n                    in Arrangements']}, 'createdAt': {'types': ['datetime'], 'presence_rate': '100%', 'sample_values': []}, 'roadId': {'types': ['ObjectId'], 'presence_rate': '100%', 'sample_values': []}, '__v': {'types': ['int'], 'presence_rate': '100%', 'sample_values': []}, 'valueBefore': {'types': ['str'], 'presence_rate': '1%', 'sample_values': ['0', '15']}, 'valueAfter': {'types': ['str'], 'presence_rate': '2%', 'sample_values': ['', '17', '18']}}","users, dprrandomobservationchecklists, dprrandomobservationchecklistquestions, roads",Internal,ok
dprrandomobservationchecklisthistories,DPR Random Observation Checklist Histories,Inspections & Tasks,"Stores an audit log of all changes made to DPR (Daily Progress Report) random observation checklists. Each document represents a single modification, including the field changed, the old and new values, the user who made the change, and the timestamp.",Checklist Change History,"dprRandomChecklistId, field, action, userId, createdAt","__v, _id, action, createdAt, dprRandomChecklistId, field, roadId, userId, valueAfter, valueBefore","{'userId': {'types': ['ObjectId'], 'presence_rate': '100%', 'sample_values': []}, 'dprRandomChecklistId': {'types': ['ObjectId'], 'presence_rate': '100%', 'sample_values': []}, 'field': {'types': ['str'], 'presence_rate': '100%', 'sample_values': ['NEW DPR RANDOM OBSERVATION CHECKLIST DATA', 'direction', 'dprs', 'status']}, 'action': {'types': ['str'], 'presence_rate': '100%', 'sample_values': ['Added new Dpr(s) - [ DP-13289 ]', 'Dpr Random Observation Checklist Data Added', 'Edited Direction to ""LHS""', 'Edited Status from ""DUPLICATE"" to ""ON-GOING""', 'Edited Status from ""ON-GOING"" to ""DUPLICATE""', 'Edited Status from ""ON-GOING"" to ""SUBMITTED""']}, 'createdAt': {'types': ['datetime'], 'presence_rate': '100%', 'sample_values': []}, 'roadId': {'types': ['ObjectId'], 'presence_rate': '100%', 'sample_values': []}, '__v': {'types': ['int'], 'presence_rate': '100%', 'sample_values': []}, 'valueBefore': {'types': ['str'], 'presence_rate': '56%', 'sample_values': ['6a03f0beacdd6bc1e78c50ab', 'DUPLICATE', 'ON-GOING', 'SUBMITTED']}, 'valueAfter': {'types': ['str'], 'presence_rate': '57%', 'sample_values': ['6a03f0beacdd6bc1e78c50ab,6a03e4381a7f46961b626d16', 'DUPLICATE', 'LHS', 'ON-GOING', 'SUBMITTED']}}","dprrandomobservationchecklists, users, roads",Internal,ok
dprrandomobservationchecklistquestions,DPR Random Observation Checklist Questions,Inspections & Tasks,Stores individual questions and their corresponding observations or answers as part of a Daily Progress Report (DPR) random observation checklist. Each document represents a single check performed during a safety or operational inspection on a highway.,Observation Checklist Question,"questionName, arrangementValue, questionType, dprRandomChecklistId, roadId","__v, _id, arrangementValue, comments, createdAt, createdBy, description, dprRandomChecklistId, images, isOnSpotCorrectionCarried, noOfSpotCorrection, questionName, questionType, riskNo, roadId, safe, serialNumber, updatedAt, updatedBy","{'serialNumber': {'types': ['str'], 'presence_rate': '100%', 'sample_values': ['1', '2', '3', '4', '5', '6']}, 'dprRandomChecklistId': {'types': ['ObjectId'], 'presence_rate': '100%', 'sample_values': []}, 'questionName': {'types': ['str'], 'presence_rate': '100%', 'sample_values': ['Advance Warning Signboard', 'Arrangements in SV', 'Attention on assigned duties', 'Buffer Zone Arrangements', 'Other', 'PPE Usage']}, 'questionType': {'types': ['str'], 'presence_rate': '100%', 'sample_values': ['Arrangements', 'Behaviour']}, 'description': {'types': ['str'], 'presence_rate': '100%', 'sample_values': ['Activity related PPE.', ""Availability & it's usage."", 'How they use the tools.Condition of the tools & equipment.', 'LED Chevron in working condition.', 'Length of Taper Zone As Per SOP.', 'Length of Taper Zone as per SOP.']}, 'safe': {'types': ['int'], 'presence_rate': '48%', 'sample_values': []}, 'riskNo': {'types': ['int'], 'presence_rate': '48%', 'sample_values': []}, 'comments': {'types': ['str'], 'presence_rate': '11%', 'sample_values': ['', 'Good', 'NO', 'No', 'Ok', 'Red flags are missing on shadow vehicle. kindly  install red flags.']}, 'roadId': {'types': ['ObjectId'], 'presence_rate': '100%', 'sample_values': []}, 'images': {'types': ['list'], 'presence_rate': '100%', 'sample_values': []}, 'createdBy': {'types': ['ObjectId'], 'presence_rate': '100%', 'sample_values': []}, 'createdAt': {'types': ['datetime'], 'presence_rate': '100%', 'sample_values': []}, 'updatedAt': {'types': ['datetime'], 'presence_rate': '100%', 'sample_values': []}, 'updatedBy': {'types': ['ObjectId'], 'presence_rate': '100%', 'sample_values': []}, 'noOfSpotCorrection': {'types': ['int'], 'presence_rate': '48%', 'sample_values': []}, '__v': {'types': ['int'], 'presence_rate': '100%', 'sample_values': []}, 'arrangementValue': {'types': ['str'], 'presence_rate': '52%', 'sample_values': ['As Per SOP', 'Not As Per SOP', 'Unable To Identify']}, 'isOnSpotCorrectionCarried': {'types': ['str'], 'presence_rate': '3%', 'sample_values': ['NO', 'YES']}}","dprrandomobservationchecklists, roads, users",Internal,ok
dprrandomobservationchecklists,DPR Random Observation Checklists,Inspections & Tasks,"Stores records of random observation checklists performed on highway work zones. Each document captures the status, type, and findings of an inspection, and links to daily progress reports (DPRs).",Random Observation Checklist,"status, observationsType, workZoneType, roadId, createdAt","__v, _id, createdAt, createdBy, direction, dprs, isDprRaised, noOfPersonPowerInspected, noOfWorkforceTrained, observationsType, observerType, roadId, status, title, updatedAt, updatedBy, videoRecordTime, workZoneType","{'status': {'types': ['str'], 'presence_rate': '100%', 'sample_values': ['DUPLICATE', 'SUBMITTED']}, 'dprs': {'types': ['list'], 'presence_rate': '100%', 'sample_values': []}, 'isDprRaised': {'types': ['str'], 'presence_rate': '100%', 'sample_values': ['Not Applicable', 'Not Raised', 'Raised']}, 'observerType': {'types': ['str'], 'presence_rate': '100%', 'sample_values': ['HO', 'SPV']}, 'observationsType': {'types': ['str'], 'presence_rate': '100%', 'sample_values': ['At Site', 'Dashcam', 'From Video']}, 'workZoneType': {'types': ['str'], 'presence_rate': '100%', 'sample_values': ['Dynamic Work Zone', 'Static Work Zone']}, 'noOfPersonPowerInspected': {'types': ['int'], 'presence_rate': '100%', 'sample_values': []}, 'videoRecordTime': {'types': ['datetime'], 'presence_rate': '83%', 'sample_values': []}, 'roadId': {'types': ['ObjectId'], 'presence_rate': '100%', 'sample_values': []}, 'createdBy': {'types': ['ObjectId'], 'presence_rate': '100%', 'sample_values': []}, 'createdAt': {'types': ['datetime'], 'presence_rate': '100%', 'sample_values': []}, 'updatedAt': {'types': ['datetime'], 'presence_rate': '100%', 'sample_values': []}, 'updatedBy': {'types': ['ObjectId'], 'presence_rate': '100%', 'sample_values': []}, 'title': {'types': ['str'], 'presence_rate': '100%', 'sample_values': ['APEL-HDS-575', 'APEL-HDS-684', 'APEL-HVS-637', 'APEL-SAS-304', 'APEL-SVS-107', 'BFHL-HVD-191']}, '__v': {'types': ['int'], 'presence_rate': '100%', 'sample_values': []}, 'direction': {'types': ['str'], 'presence_rate': '16%', 'sample_values': ['LHS', 'RHS']}, 'noOfWorkforceTrained': {'types': ['int'], 'presence_rate': '17%', 'sample_values': []}}","dailyprogresses, roads, users",Internal,ok
driverhistories,Driver History,Resources & Inventory,"Stores an audit trail of all changes made to driver records. Each document represents a single modification, including the field changed, the values before and after, the user who made the change, and the timestamp.",Driver History Record,"driverId, field, action, createdAt, userId","__v, _id, action, createdAt, driverId, field, roadId, userId, valueAfter, valueBefore","{'userId': {'types': ['ObjectId'], 'presence_rate': '100%', 'sample_values': []}, 'driverId': {'types': ['ObjectId'], 'presence_rate': '100%', 'sample_values': []}, 'valueAfter': {'types': ['str'], 'presence_rate': '80%', 'sample_values': ['10106', '1103060', '2503011', '2503034', '2503045', '437424168762']}, 'field': {'types': ['str'], 'presence_rate': '100%', 'sample_values': ['NEW DRIVER', 'aadharNumber', 'address', 'contractorId', 'contractorName', 'dateOfBirth']}, 'action': {'types': ['str'], 'presence_rate': '100%', 'sample_values': ['Driver created', 'Edited Aadhar Number from ""  -  "" to ""437424168762""', 'Edited Aadhar Number from ""  -  "" to ""506268134051""', 'Edited Aadhar Number from ""  -  "" to ""918724111771""', 'Edited Aadhar Number from ""  -  "" to ""960053197493""', 'Edited Contractor Id from ""  -  "" to ""10106""']}, 'createdAt': {'types': ['datetime'], 'presence_rate': '100%', 'sample_values': []}, 'roadId': {'types': ['ObjectId'], 'presence_rate': '100%', 'sample_values': []}, '__v': {'types': ['int'], 'presence_rate': '100%', 'sample_values': []}, 'valueBefore': {'types': ['str'], 'presence_rate': '31%', 'sample_values': ['  -  ', 'Approved', 'Hydra', 'Mon Apr 01 1974 00:00:00 GMT+0530 (India Standard Time)', 'New', 'Old']}}","drivers, users, roads, contractors",Confidential,ok
drivers,Drivers,Resources & Inventory,"This collection stores detailed records of drivers, including personal information, contact details, driver's license data, and contractor assignments.",Driver,"name, licenseNumber, licenseExpiryDate, status, contractorName","__v, _id, aadharNumber, address, contractorId, contractorName, createdAt, createdBy, dateOfBirth, dateOfJoining, gender, images, licenseExpiryDate, licenseIssuedDate, licenseNumber, licenseType, mobileNumber, name, otherVehicleType, roadId, status, updatedAt, updatedBy, vehicleType","{'status': {'types': ['str'], 'presence_rate': '100%', 'sample_values': ['Approved', 'New', 'Old']}, 'licenseType': {'types': ['list'], 'presence_rate': '100%', 'sample_values': []}, 'vehicleType': {'types': ['list'], 'presence_rate': '100%', 'sample_values': []}, 'name': {'types': ['str'], 'presence_rate': '100%', 'sample_values': ['ALAGARSAMY V', 'AMIT KUMAR', 'ARJUN SINGH', 'ASHOK KUMAR', 'AVDHESH KUMAR', 'Adla raju']}, 'gender': {'types': ['str'], 'presence_rate': '100%', 'sample_values': ['Male']}, 'mobileNumber': {'types': ['str'], 'presence_rate': '95%', 'sample_values': ['', '6299194089', '6300748158', '6350447263', '6375252193', '6375641636']}, 'dateOfBirth': {'types': ['datetime'], 'presence_rate': '100%', 'sample_values': []}, 'address': {'types': ['str'], 'presence_rate': '100%', 'sample_values': ['', '1-102 Rajulla bichkunda KAMAREDDY bodhan nizamabad -503185', '1/7 Keela Radha Veethi,\nVadapagam Nanguneri ', '1/99 SOUTH ELANTHAKULAM, \nMANANKATHAN, \nKOVILPATTI, THOOTHUKKUDI DT 628952', '11 vinayagar koil street\nKappalur aThirumangalam TK\nMadurai', '115B Muniseep Court Road\nThirumangalam TK\nMadurai']}, 'licenseNumber': {'types': ['str'], 'presence_rate': '100%', 'sample_values': ['1165/P/2011', '145/FDL/1999', '1833/NZB/2002', '2001/NZB/2000', '35/22C/1998', '4943/DL/1986']}, 'licenseExpiryDate': {'types': ['datetime'], 'presence_rate': '100%', 'sample_values': []}, 'otherVehicleType': {'types': ['str'], 'presence_rate': '100%', 'sample_values': ['', 'Bus driver.', 'RECOVERY DRIVER', 'Recovery Operator', 'Recovery Van', 'Recovery van  , He had retirement on dated: 13.04.2023']}, 'contractorId': {'types': ['str'], 'presence_rate': '64%', 'sample_values': ['', '00000', '000000', '0066', '0111', '0161']}, 'aadharNumber': {'types': ['float'], 'presence_rate': '61%', 'sample_values': []}, 'dateOfJoining': {'types': ['datetime'], 'presence_rate': '61%', 'sample_values': []}, 'licenseIssuedDate': {'types': ['datetime'], 'presence_rate': '100%', 'sample_values': []}, 'contractorName': {'types': ['ObjectId'], 'presence_rate': '75%', 'sample_values': []}, 'images': {'types': ['list'], 'presence_rate': '100%', 'sample_values': []}, 'createdAt': {'types': ['datetime'], 'presence_rate': '100%', 'sample_values': []}, 'createdBy': {'types': ['ObjectId'], 'presence_rate': '100%', 'sample_values': []}, 'updatedAt': {'types': ['datetime'], 'presence_rate': '100%', 'sample_values': []}, 'updatedBy': {'types': ['ObjectId'], 'presence_rate': '100%', 'sample_values': []}, 'roadId': {'types': ['ObjectId'], 'presence_rate': '100%', 'sample_values': []}, '__v': {'types': ['int'], 'presence_rate': '100%', 'sample_values': []}}","contractors, roads, users",Confidential,ok
ehsinspectionquestionhistories,EHS Inspection Question History,Inspections & Tasks,"This collection serves as an audit log, recording the history of changes made to individual questions within Environment, Health, and Safety (EHS) inspections. It tracks the specific field modified, the action taken, the values before and after the change, and links the event to the relevant user, inspection, question, and road.",Inspection Question History Record,"inspectionId, questionId, field, action, createdAt","__v, _id, action, createdAt, field, inspectionId, questionId, roadId, userId, valueAfter, valueBefore","{'userId': {'types': ['ObjectId'], 'presence_rate': '100%', 'sample_values': []}, 'questionId': {'types': ['ObjectId'], 'presence_rate': '100%', 'sample_values': []}, 'inspectionId': {'types': ['ObjectId'], 'presence_rate': '100%', 'sample_values': []}, 'valueAfter': {'types': ['str'], 'presence_rate': '67%', 'sample_values': ['Adequate number of DG sets are installed as per the requirement', 'Compiled', 'Complied', 'Complied. ', 'Firstaid kit availabile in toll plaza.', 'Good']}, 'field': {'types': ['str'], 'presence_rate': '100%', 'sample_values': ['NEW INSPECTION QUESTION', 'answer', 'images', 'observation', 'provision']}, 'action': {'types': ['str'], 'presence_rate': '100%', 'sample_values': ['Edited Answer from ""N/A"" to ""Yes""', 'Edited Answer from ""No"" to ""N/A""', 'Edited Answer from ""Yes"" to ""No""', 'Edited Observation from ""Yes. Sign Boards are also in place"" to ""Complied""', 'Edited Observation to ""Compiled""', 'Edited Observation to ""Complied""']}, 'createdAt': {'types': ['datetime'], 'presence_rate': '100%', 'sample_values': []}, 'roadId': {'types': ['ObjectId'], 'presence_rate': '100%', 'sample_values': []}, '__v': {'types': ['int'], 'presence_rate': '100%', 'sample_values': []}, 'valueBefore': {'types': ['str'], 'presence_rate': '21%', 'sample_values': ['', 'Due to limited area availability, premises is not properly cleaned.', 'N/A', 'No', 'There are few gaps observed ', 'Yes']}}","users, ehsinspections, roads",Internal,ok
ehsinspections,EHS Inspections,Inspections & Tasks,"Stores records of Environment, Health, and Safety (EHS) inspections conducted on various company assets like roads, toll plazas, camps, and work sites.",EHS Inspection,"status, inspectionType, inspectionSubType, roadId, createdAt","__v, _id, activity, contactNumber, contractorName, createdAt, createdBy, inspectionSubType, inspectionType, location, roadId, status, title, tollPlazaName, updatedAt, updatedBy","{'status': {'types': ['str'], 'presence_rate': '100%', 'sample_values': ['ON-GOING', 'SUBMITTED']}, 'tollPlazaName': {'types': ['str'], 'presence_rate': '53%', 'sample_values': ['Elchur', 'Elchuru', 'Gabhana Toll Plaza', 'Luharli Toll Plaza', 'Madgulapally', 'Madgulapally Toll Plaza']}, 'inspectionType': {'types': ['str'], 'presence_rate': '100%', 'sample_values': ['Camp Inspection', 'Road Inspection', 'Site Inspection', 'TP & Office']}, 'inspectionSubType': {'types': ['str'], 'presence_rate': '100%', 'sample_values': ['Bed arrangements and storage facilities', 'Contractor Labour Management', 'DG Sets Area', 'E&S Management System and procedures', 'Electrical Safety and Site Safety', 'Entrance, in and around the premises']}, 'location': {'types': ['dict'], 'presence_rate': '100%', 'sample_values': []}, 'location.type': {'types': ['str'], 'presence_rate': '100%', 'sample_values': ['Point']}, 'location.coordinates': {'types': ['list'], 'presence_rate': '100%', 'sample_values': []}, 'location._id': {'types': ['ObjectId'], 'presence_rate': '100%', 'sample_values': []}, 'createdAt': {'types': ['datetime'], 'presence_rate': '100%', 'sample_values': []}, 'createdBy': {'types': ['ObjectId'], 'presence_rate': '100%', 'sample_values': []}, 'updatedAt': {'types': ['datetime'], 'presence_rate': '100%', 'sample_values': []}, 'updatedBy': {'types': ['ObjectId'], 'presence_rate': '100%', 'sample_values': []}, 'roadId': {'types': ['ObjectId'], 'presence_rate': '100%', 'sample_values': []}, 'title': {'types': ['str'], 'presence_rate': '100%', 'sample_values': ['EHS-1', 'EHS-10', 'EHS-11', 'EHS-12', 'EHS-13', 'EHS-14']}, '__v': {'types': ['int'], 'presence_rate': '100%', 'sample_values': []}, 'activity': {'types': ['str'], 'presence_rate': '37%', 'sample_values': ['BC Overlay', 'BC overlay', 'MM', 'Micro Surfacing ', 'Micro surfacing ', 'Mm datel']}, 'contractorName': {'types': ['str'], 'presence_rate': '38%', 'sample_values': ['Blacktop infrastructure pvt ltd', 'Blactop infrastructure pvt ltd ', 'Incakh', 'Inckah - vikram', 'Inckah Vikram', 'Inckah vikram']}, 'contactNumber': {'types': ['float'], 'presence_rate': '38%', 'sample_values': []}}","roads, users",Internal,ok
emergencyservices,Emergency Services,Safety & Accidents,"This collection contains an inventory of emergency service providers and equipment, such as ambulances, cranes, and fire services, available along the highway. It includes their type, name, location, and contact details.",Emergency Service,"facilityType, facilityName, chainage, contactNumber","__v, _id, assetId, chainage, contactNumber, direction, facilityAddress, facilityName, facilityType, remark, roadId","{'chainage': {'types': ['int', 'float'], 'presence_rate': '100%', 'sample_values': []}, 'direction': {'types': ['str'], 'presence_rate': '100%', 'sample_values': ['BHS', 'LHS', 'RHS']}, 'facilityType': {'types': ['str'], 'presence_rate': '100%', 'sample_values': ['Ambulance', 'Ambulance ', 'Ambulance - I', 'Ambulance - II', 'Crane', 'Fire Service']}, 'facilityName': {'types': ['str'], 'presence_rate': '100%', 'sample_values': ['Ambulance', 'Chevrolet TAVERA ', 'Community Health Centre', 'Crane', 'Fire Station', 'Force Ambulance']}, 'facilityAddress': {'types': ['str'], 'presence_rate': '100%', 'sample_values': ['143', '178', '200', 'Brahmpura', 'Chakia', 'Elchuru Toll plaza']}, 'contactNumber': {'types': ['float'], 'presence_rate': '100%', 'sample_values': []}, 'assetId': {'types': ['str'], 'presence_rate': '100%', 'sample_values': ['A-ES-1', 'A-ES-10', 'A-ES-11', 'A-ES-12', 'A-ES-13', 'A-ES-14']}, '__v': {'types': ['int'], 'presence_rate': '100%', 'sample_values': []}, 'roadId': {'types': ['ObjectId'], 'presence_rate': '100%', 'sample_values': []}, 'remark': {'types': ['str'], 'presence_rate': '20%', 'sample_values': ['150.000 - 200.000', '200.000 - 243.470', 'Vehicle.no-TN 01 AW 2174', 'Vehicle.no-TN 69 AU 1078', 'Vehicle.no-TN 72 AW 8529', 'Vehicle.no-TN-11 S 1103']}}",roads,Internal,ok
employeehistories,Employee Histories,Administration,"An audit log that tracks historical changes made to employee records. Each document represents a single modification to a specific field, capturing the value before and after the change.",Employee History Record,"vendorEmployeeId, field, createdAt, action","__v, _id, action, createdAt, field, roadId, userId, valueAfter, valueBefore, vendorEmployeeId","{'vendorEmployeeId': {'types': ['ObjectId'], 'presence_rate': '100%', 'sample_values': []}, 'field': {'types': ['str'], 'presence_rate': '100%', 'sample_values': ['NEW EMPLOYEE', 'changeDate', 'department', 'effectiveDateOfDesignationChange', 'emailId', 'mobileNumber']}, 'action': {'types': ['str'], 'presence_rate': '100%', 'sample_values': ['Edited Department from ""Administration - Head Off"" to ""Administration""', 'Edited Department from ""Administration - Site Off"" to ""Administration""', 'Edited Department from ""FINANCE & ACCOUNTS"" to ""Finance & Accounts""', 'Edited Department from ""Finance & Accounts"" to ""Finance Controlling""', 'Edited Department from ""Finance Controlling"" to ""Finance & Accounts""', 'Edited Department from ""MAINTENANCE"" to ""Highways Design""']}, 'valueBefore': {'types': ['str', 'datetime'], 'presence_rate': '98%', 'sample_values': ['6395819628', '64e4fabc75cae7ebffd1c015', '65cb2d93c80e6ed044ce6eb6', '65d3540457c17ee8047d3664', '7008693281', '7013521634']}, 'valueAfter': {'types': ['str', 'datetime'], 'presence_rate': '98%', 'sample_values': ['0000000000', '0000091811', '6304959306', '6395819628', '6395956495', '64e4fabc75cae7ebffd1c015']}, 'createdAt': {'types': ['datetime'], 'presence_rate': '100%', 'sample_values': []}, '__v': {'types': ['int'], 'presence_rate': '95%', 'sample_values': []}, 'userId': {'types': ['ObjectId'], 'presence_rate': '45%', 'sample_values': []}}","imsusers, users",Confidential,ok
employees,Employees,Administration,"Contains comprehensive records of all company employees, including personal details, professional roles, reporting structure, and employment status. This serves as the master employee directory.",Employee,"employeeId, name, department, position, status","__v, _id, accountNumber, accountNumberIfsc, band, bankName, changeDate, company, country, createdAt, createdBy, currentFlat, currentOfficeLocation, currentPincode, currentStreet, darwinCode, dateOfBirth, dateOfJoining, department, effectiveDateOfDesignationChange, effectiveDateOfLocationChange, effectiveDateOfManagerChange, emailId, employeeId, endDate, firstName, functionalHeadEmployeeId, gender, grade, hod, id, isMappedEmployee, lastName, masterDataType, mobileNumber, name, nationality, pan, performanceHodEmployeeId, position, religion, reportingManager, roadId, separationDate, shiftName, shiftPolicy, state, status, updatedAt, updatedBy, userLocation","{'id': {'types': ['str'], 'presence_rate': '100%', 'sample_values': ['11000010', '11000049', '11000064', '11000082', '11000098', '11000101']}, 'masterDataType': {'types': ['int'], 'presence_rate': '100%', 'sample_values': []}, 'name': {'types': ['str'], 'presence_rate': '100%', 'sample_values': ['Abhijeet Singh Bal', 'Abhinav Prasad', 'Abhishek Kumar', 'Addanki Nagaraju', 'Ajay Bhadauriya', 'Ajay Kumar']}, 'department': {'types': ['str'], 'presence_rate': '100%', 'sample_values': ['ATMS Maintenance', 'Administration', 'Asset Management and Investor Relations', 'Business Development - HAM', 'Business Development - Project & Structured Finance', 'Business Solutions']}, 'position': {'types': ['str'], 'presence_rate': '100%', 'sample_values': ['Analyst', 'Assistant Manager', 'Assistant Plaza Manager', 'Assistant Vice President', 'Associate', 'Cashier Cum Validator']}, 'mobileNumber': {'types': ['str', 'float'], 'presence_rate': '100%', 'sample_values': ['6302674049', '6396149048', '7000944546', '7045349302', '7598313016', '7780944616']}, 'emailId': {'types': ['str'], 'presence_rate': '100%', 'sample_values': ['2215anuragyadav@gmail.com', 'ANCHIT.AGARWAL@CUBEHIGHWAYS.COM', 'Abhinav.Prasad@cubehighways.com', 'Abhishek.k@jmtl.co.in', 'Addanki.Nagaraju@ktipl.co.in', 'Aman.Lalwani@cubehighways.com']}, 'status': {'types': ['str'], 'presence_rate': '100%', 'sample_values': ['Active', 'In-Active']}, 'isMappedEmployee': {'types': ['bool'], 'presence_rate': '97%', 'sample_values': []}, 'createdAt': {'types': ['datetime'], 'presence_rate': '100%', 'sample_values': []}, 'createdBy': {'types': ['ObjectId'], 'presence_rate': '96%', 'sample_values': []}, 'updatedAt': {'types': ['datetime'], 'presence_rate': '100%', 'sample_values': []}, 'updatedBy': {'types': ['ObjectId'], 'presence_rate': '97%', 'sample_values': []}, '__v': {'types': ['int'], 'presence_rate': '96%', 'sample_values': []}, 'userLocation': {'types': ['str'], 'presence_rate': '99%', 'sample_values': ['HO', 'SITE']}, 'band': {'types': ['str'], 'presence_rate': '99%', 'sample_values': ['A', 'B', 'C', 'D', 'E', 'F']}, 'company': {'types': ['str'], 'presence_rate': '99%', 'sample_values': ['1100', '1200', '1300', '1500', '1700', '2010']}, 'country': {'types': ['str'], 'presence_rate': '97%', 'sample_values': ['India']}, 'currentOfficeLocation': {'types': ['str'], 'presence_rate': '99%', 'sample_values': ['Amoli', 'Babina', 'Bamuha', 'Bellure', 'Chenani', 'Chikliya']}, 'currentPincode': {'types': ['str'], 'presence_rate': '99%', 'sample_values': ['110015', '110031', '110032', '110043', '110059', '110063']}, 'dateOfBirth': {'types': ['str'], 'presence_rate': '99%', 'sample_values': ['01.01.1988', '01.01.2000', '01.04.1981', '01.06.1974', '01.06.1990', '01.07.1994']}, 'dateOfJoining': {'types': ['datetime'], 'presence_rate': '97%', 'sample_values': []}, 'employeeId': {'types': ['str'], 'presence_rate': '99%', 'sample_values': ['APEL037', 'BFHL013', 'BFHL027', 'BWHL002', 'CH010', 'CH049']}, 'firstName': {'types': ['str'], 'presence_rate': '99%', 'sample_values': ['Abhijeet Singh', 'Abhinav', 'Abhishek', 'Addanki', 'Ajay', 'Akash']}, 'functionalHeadEmployeeId': {'types': ['str'], 'presence_rate': '89%', 'sample_values': ['APEL036', 'BFHL032', 'CH005', 'CH008', 'CH010', 'CH032']}, 'gender': {'types': ['str'], 'presence_rate': '99%', 'sample_values': ['1', '2']}, 'grade': {'types': ['str'], 'presence_rate': '99%', 'sample_values': ['01', '04', '05', '06', '07', '08']}, 'hod': {'types': ['str'], 'presence_rate': '99%', 'sample_values': ['APEL036', 'BFHL032', 'CH004', 'CH005', 'CH008', 'CH010']}, 'lastName': {'types': ['str'], 'presence_rate': '99%', 'sample_values': ['.', 'A', 'Agarwal', 'Agrawal', 'Ahmed', 'Arivuselvan']}, 'nationality': {'types': ['str'], 'presence_rate': '91%', 'sample_values': ['Hindu', 'INDIA', 'INDIAN', 'INDIAN (HINDU)', 'Indain', 'India']}, 'pan': {'types': ['str'], 'presence_rate': '95%', 'sample_values': ['ABCDE1234F', 'ADOPY7346L', 'ADQPA0751R', 'AEUPY1885P', 'AEZPY4339R', 'AIPPD4014Q']}, 'performanceHodEmployeeId': {'types': ['str'], 'presence_rate': '81%', 'sample_values': ['CH004', 'CH005', 'CH120', 'CH218', 'CH297', 'CH350']}, 'reportingManager': {'types': ['str'], 'presence_rate': '99%', 'sample_values': ['APEL036', 'BFHL001', 'BWHL016', 'CH005', 'CH007', 'CH008']}, 'roadId': {'types': ['ObjectId'], 'presence_rate': '99%', 'sample_values': []}, 'shiftName': {'types': ['str'], 'presence_rate': '99%', 'sample_values': ['General Shift ((NAMEL) (09:00:00 AM-06:00:00 PM)', 'General Shift (BFHL) (09:00:00 AM-06:00:00 PM)', 'General Shift (BWHL) (09:00:00 AM-06:00:00 PM)', 'General Shift (CHFA) (09:30:00 AM-06:30:00 PM)', 'General Shift (CHGA) (09:30:00 AM-06:30:00 PM)', 'General Shift (CHOMPL) (09:00:00 AM-06:00:00 PM)']}, 'shiftPolicy': {'types': ['str'], 'presence_rate': '99%', 'sample_values': ['Attendance Policy (BFHL)', 'Attendance Policy (BWHL)', 'Attendance Policy (CHFA)', 'Attendance Policy (CHGA)', 'Attendance Policy (CHTL)', 'Attendance Policy (CNTL)']}, 'state': {'types': ['str'], 'presence_rate': '97%', 'sample_values': ['01', '06', '07', '08', '09', '10']}, 'changeDate': {'types': ['datetime'], 'presence_rate': '99%', 'sample_values': []}, 'effectiveDateOfDesignationChange': {'types': ['datetime'], 'presence_rate': '99%', 'sample_values': []}, 'effectiveDateOfLocationChange': {'types': ['datetime'], 'presence_rate': '99%', 'sample_values': []}, 'effectiveDateOfManagerChange': {'types': ['datetime'], 'presence_rate': '99%', 'sample_values': []}, 'religion': {'types': ['str'], 'presence_rate': '69%', 'sample_values': ['Christianity', 'Hinduism', 'Islam', 'Jainism', 'Sikhism']}, 'accountNumber': {'types': ['str'], 'presence_rate': '99%', 'sample_values': ['00000020082380203', '00000039792541052', '001491900069737', '002901567683', '0040040100010215', '01201040000948']}, 'accountNumberIfsc': {'types': ['str'], 'presence_rate': '99%', 'sample_values': ['BARB0ATHWAL', 'BARB0VJGHDA', 'BDBL0001165', 'BKID0006642', 'CBIN0282827', 'CNRB0001123']}, 'currentFlat': {'types': ['str'], 'presence_rate': '99%', 'sample_values': ['#27', '00', '02', '1-17-3/5', '1/364', '101']}, 'currentStreet': {'types': ['str'], 'presence_rate': '99%', 'sample_values': ['1703', '1906 Lotus Zing', '1st Floor', '5TH FLOOR', '7th Floor', 'A-49']}, 'separationDate': {'types': ['datetime'], 'presence_rate': '50%', 'sample_values': []}, 'bankName': {'types': ['str'], 'presence_rate': '44%', 'sample_values': ['AXIS BANK', 'Axis Bank', 'BANK OF INDIA', 'CANARA BANK', 'CENTRAL BANK OF INDIA', 'FEDERAL BANK']}, 'endDate': {'types': ['str'], 'presence_rate': '1%', 'sample_values': ['20200037']}, 'darwinCode': {'types': ['str'], 'presence_rate': '1%', 'sample_values': ['CH423']}}","roads, users",Confidential,ok
files,Generated Files,Administration,"Stores records of asynchronous file generation jobs. Each document logs a request to create a report (e.g., DPR, Issue list), the query parameters used, the job status, and the path to the final generated file.",Generated File,"reportType, status, fileType, fileName, createdAt","__v, _id, createdAt, createdBy, fileName, filePath, fileType, query, reportType, roadId, status, updatedAt, updatedBy, year","{'query': {'types': ['dict'], 'presence_rate': '98%', 'sample_values': []}, 'query.dateFrom': {'types': ['str', 'datetime'], 'presence_rate': '70%', 'sample_values': ['2018-03-02T18:30:00.000Z', '2018-09-30T18:30:00.000Z', '2021-09-30T18:30:00.000Z', '2023-12-31T18:30:00.000Z', '2024-02-29T18:30:00.000Z', '2024-03-31T18:30:00.000Z']}, 'query.dateTo': {'types': ['str', 'datetime'], 'presence_rate': '70%', 'sample_values': ['2024-11-30T18:29:59.000Z', '2024-12-18T18:29:59.000Z', '2024-12-31T18:29:59.000Z', '2025-01-13T18:29:59.000Z', '2025-01-16T18:29:59.000Z', '2025-01-22T18:29:59.000Z']}, 'query.channel': {'types': ['str'], 'presence_rate': '97%', 'sample_values': ['ADMIN']}, 'query.fileType': {'types': ['str'], 'presence_rate': '96%', 'sample_values': ['CSV', 'PDF']}, 'reportType': {'types': ['str'], 'presence_rate': '100%', 'sample_values': ['DPR', 'ISSUE', 'LITIGATION']}, 'status': {'types': ['str'], 'presence_rate': '100%', 'sample_values': ['COMPLETED', 'Failed']}, 'fileType': {'types': ['str'], 'presence_rate': '99%', 'sample_values': ['CSV', 'PDF']}, 'fileName': {'types': ['str'], 'presence_rate': '100%', 'sample_values': ['apel_6247123456_DPRs_1754306813599.csv', 'apel_7018231465_issues_1776059849242.csv', 'apel_8287264092_issues_1767073635969.csv', 'apel_8527845078_issues_1737957038539.csv', 'apel_8555077459_issues_1762318908733.csv', 'apel_9445790263_issues_1736739952583.csv']}, 'filePath': {'types': ['str'], 'presence_rate': '100%', 'sample_values': ['https://cube.roadaid.in/api/gcloud/cube/dpr_2018_01-05-2026_1777581596179.csv']}, 'roadId': {'types': ['ObjectId'], 'presence_rate': '97%', 'sample_values': []}, 'createdBy': {'types': ['ObjectId'], 'presence_rate': '97%', 'sample_values': []}, 'createdAt': {'types': ['datetime'], 'presence_rate': '100%', 'sample_values': []}, 'updatedAt': {'types': ['datetime'], 'presence_rate': '100%', 'sample_values': []}, 'updatedBy': {'types': ['ObjectId'], 'presence_rate': '97%', 'sample_values': []}, '__v': {'types': ['int'], 'presence_rate': '100%', 'sample_values': []}, 'query.status': {'types': ['NoneType', 'list'], 'presence_rate': '65%', 'sample_values': []}, 'query.categoryName': {'types': ['str', 'list'], 'presence_rate': '62%', 'sample_values': ['Incident', 'Pavement']}, 'query.workCategory': {'types': ['list'], 'presence_rate': '37%', 'sample_values': []}, 'query.direction': {'types': ['list'], 'presence_rate': '31%', 'sample_values': []}, 'query.anyAssignee': {'types': ['list'], 'presence_rate': '31%', 'sample_values': []}, 'query.priority': {'types': ['list'], 'presence_rate': '31%', 'sample_values': []}, 'query.authorityType': {'types': ['str', 'list'], 'presence_rate': '33%', 'sample_values': ['IC', 'MANAGEMENT INSPECTION']}, 'query.incidentTypeName': {'types': ['str', 'list'], 'presence_rate': '31%', 'sample_values': ['Encroachment']}, 'query.icLetterId': {'types': ['str', 'list'], 'presence_rate': '32%', 'sample_values': ['69845e8dce3ef28a5edabcfd']}, 'query.issueTypeName': {'types': ['str', 'list'], 'presence_rate': '33%', 'sample_values': ['Depression']}, 'query.updatedBy': {'types': ['ObjectId'], 'presence_rate': '11%', 'sample_values': []}, 'query.roadId': {'types': ['ObjectId'], 'presence_rate': '11%', 'sample_values': []}, 'query.chainageFrom': {'types': ['str'], 'presence_rate': '11%', 'sample_values': ['0.01', '20.5', '28.2', '28.8', '671', '70']}, 'query.chainageTo': {'types': ['str'], 'presence_rate': '11%', 'sample_values': ['108.4', '142', '212.82', '70', '713', '94']}, 'query.dprType': {'types': ['list'], 'presence_rate': '4%', 'sample_values': []}, 'query.activityLocation': {'types': ['list'], 'presence_rate': '1%', 'sample_values': []}, 'query.authoritySubType': {'types': ['list'], 'presence_rate': '8%', 'sample_values': []}, 'query.reportedBy': {'types': ['str'], 'presence_rate': '1%', 'sample_values': ['61ed62fb3e08c401f0d71dc9', '66aa045832cf5d1207356d11']}, 'query.reportedByName': {'types': ['str'], 'presence_rate': '1%', 'sample_values': ['Rpv1', 'Video Api User']}, 'query.pdfType': {'types': ['str'], 'presence_rate': '5%', 'sample_values': ['IC Summary']}, 'query.contractorId': {'types': ['str'], 'presence_rate': '2%', 'sample_values': ['67632054e2f9bf59c40407fa']}, 'query.contractorIdName': {'types': ['str'], 'presence_rate': '2%', 'sample_values': ['SHRI SITARAM INFRA']}, 'year': {'types': ['str'], 'presence_rate': '1%', 'sample_values': ['2018']}, 'query.reporterId': {'types': ['str'], 'presence_rate': '1%', 'sample_values': ['67768bfa586b056d4cf43c4d', '67b4451c94ac13785bf52c25']}, 'query.reporterIdName': {'types': ['str'], 'presence_rate': '1%', 'sample_values': ['Sudarshan Highways', 'Vineeth']}}","users, roads, contractors",Internal,ok
fuelhistories,Fuel Histories,Resources & Inventory,"An audit log that records the history of changes made to fuel consumption records. Each document represents a specific action or modification to a fuel record, including the field changed and the values before and after the change.",Fuel History Record,"fuelId, field, action, createdAt, userId","__v, _id, action, createdAt, field, fuelId, roadId, userId, valueAfter, valueBefore","{'userId': {'types': ['ObjectId'], 'presence_rate': '100%', 'sample_values': []}, 'fuelId': {'types': ['ObjectId'], 'presence_rate': '100%', 'sample_values': []}, 'field': {'types': ['str'], 'presence_rate': '100%', 'sample_values': ['NEW FUEL CONSUMPTION', 'cost', 'images', 'indentDate', 'remarks', 'status']}, 'createdAt': {'types': ['datetime'], 'presence_rate': '100%', 'sample_values': []}, 'action': {'types': ['str'], 'presence_rate': '100%', 'sample_values': ['Edited Cost to ""3704""', 'Edited Cost to ""851.2""', 'Edited Indent Date  to ""27-01-2026 00:00:00""', 'Edited Remarks from ""Noissus."" to "".""', 'Edited Remarks from ""fuel filling complete "" to ""fuel ""', 'Edited Remarks from ""fuel filling complete"" to ""fuel filling completed""']}, 'roadId': {'types': ['ObjectId'], 'presence_rate': '100%', 'sample_values': []}, '__v': {'types': ['int'], 'presence_rate': '100%', 'sample_values': []}, 'valueAfter': {'types': ['str'], 'presence_rate': '40%', 'sample_values': ['.', '103460', '30 ltr', '3704', '8', '83']}, 'valueBefore': {'types': ['str'], 'presence_rate': '12%', 'sample_values': ['IN-PROGRESS', 'Mon Nov 10 2025 17:18:02 GMT+0530 (India Standard Time)', 'Mon Nov 17 2025 17:01:53 GMT+0530 (India Standard Time)', 'Noissus.', 'SUBMITTED', 'fuel fill HR51 CC 6756']}}","fuels, users, roads",Internal,ok
fuels,Vehicle Fueling Records,Resources & Inventory,"This collection stores records of fuel dispensed to company vehicles. Each document details the vehicle, amount of fuel, cost, location, and the status of the transaction for operational and expense tracking.",Fueling Record,"vehicleNumber, totalLiters, cost, createdAt","__v, _id, approvalNumber, cost, createdAt, createdBy, driverName, images, indentDate, locationType, rejectionRemarks, remarks, roadId, shiftNumber, status, timeIn, timeOut, title, tollPlazaId, totalLiters, updatedAt, updatedBy, vehicleName, vehicleNumber, vehicleStartReading, vehicleType","{'status': {'types': ['str'], 'presence_rate': '100%', 'sample_values': ['DUPLICATE', 'IN-PROGRESS', 'SUBMITTED']}, 'locationType': {'types': ['str'], 'presence_rate': '100%', 'sample_values': ['Authorized Fuel Station', 'Others']}, 'shiftNumber': {'types': ['int'], 'presence_rate': '100%', 'sample_values': []}, 'vehicleNumber': {'types': ['NoneType', 'ObjectId'], 'presence_rate': '100%', 'sample_values': []}, 'vehicleType': {'types': ['str'], 'presence_rate': '100%', 'sample_values': ['Ambulance', 'Broomer', 'Bucket Lifter', 'Bus', 'Camper', 'Car']}, 'tollPlazaId': {'types': ['ObjectId'], 'presence_rate': '96%', 'sample_values': []}, 'approvalNumber': {'types': ['str'], 'presence_rate': '100%', 'sample_values': ['02', '049', '10127', '1019', '10262', '10286']}, 'remarks': {'types': ['str'], 'presence_rate': '73%', 'sample_values': ['', '.', '...', '10 l ok', '105 LTR diesel ⛽ Hydra 1 Vehicle no UP80JT4180', '125 kva DG nawabganj toll Plaza ']}, 'totalLiters': {'types': ['int', 'float'], 'presence_rate': '100%', 'sample_values': []}, 'cost': {'types': ['int', 'float'], 'presence_rate': '99%', 'sample_values': []}, 'vehicleName': {'types': ['str'], 'presence_rate': '8%', 'sample_values': ['125 kva', '125 kva DG', '125 kva DG sat', 'ATMS Vehicle 710', 'DG 125 KVA', 'DG 7.5kv']}, 'roadId': {'types': ['ObjectId'], 'presence_rate': '100%', 'sample_values': []}, 'images': {'types': ['list'], 'presence_rate': '100%', 'sample_values': []}, 'createdBy': {'types': ['ObjectId'], 'presence_rate': '100%', 'sample_values': []}, 'createdAt': {'types': ['datetime'], 'presence_rate': '100%', 'sample_values': []}, 'updatedAt': {'types': ['datetime'], 'presence_rate': '100%', 'sample_values': []}, 'updatedBy': {'types': ['ObjectId'], 'presence_rate': '100%', 'sample_values': []}, 'title': {'types': ['str'], 'presence_rate': '100%', 'sample_values': ['FUEL-1015', 'FUEL-1088', 'FUEL-109', 'FUEL-115', 'FUEL-1234', 'FUEL-1245']}, '__v': {'types': ['int'], 'presence_rate': '100%', 'sample_values': []}, 'vehicleStartReading': {'types': ['int', 'float'], 'presence_rate': '99%', 'sample_values': []}, 'timeIn': {'types': ['datetime'], 'presence_rate': '97%', 'sample_values': []}, 'timeOut': {'types': ['datetime'], 'presence_rate': '93%', 'sample_values': []}, 'indentDate': {'types': ['datetime'], 'presence_rate': '13%', 'sample_values': []}, 'driverName': {'types': ['ObjectId'], 'presence_rate': '1%', 'sample_values': []}}","vehicles, tollplazas, roads, users",Internal,ok
gridelectricities,Grid Electricity Readings,Infrastructure & Assets,"Stores periodic electricity meter readings for grid connections at various locations across the highway network. Each document represents a single reading, including consumption data in KWH and other units, along with supporting images of the meter.",Grid Electricity Reading,"unitConsumed, unitsInKWH, location, roadId, createdAt","__v, _id, createdAt, createdBy, description, images, location, readingType, roadId, status, title, totalPowerSupply, unitConsumed, unitsInKVRH, unitsInKWH, unitsInMD, unitsInPF, updatedAt, updatedBy","{'status': {'types': ['str'], 'presence_rate': '88%', 'sample_values': ['SUBMITTED']}, 'location': {'types': ['ObjectId'], 'presence_rate': '100%', 'sample_values': []}, 'readingType': {'types': ['str'], 'presence_rate': '88%', 'sample_values': ['Monthly', 'Weekly']}, 'unitsInMD': {'types': ['int', 'float'], 'presence_rate': '56%', 'sample_values': []}, 'unitsInPF': {'types': ['int', 'float'], 'presence_rate': '49%', 'sample_values': []}, 'unitsInKWH': {'types': ['int', 'float'], 'presence_rate': '74%', 'sample_values': []}, 'unitConsumed': {'types': ['int', 'float'], 'presence_rate': '69%', 'sample_values': []}, 'roadId': {'types': ['ObjectId'], 'presence_rate': '100%', 'sample_values': []}, 'images': {'types': ['list'], 'presence_rate': '100%', 'sample_values': []}, 'createdBy': {'types': ['ObjectId'], 'presence_rate': '100%', 'sample_values': []}, 'createdAt': {'types': ['datetime'], 'presence_rate': '100%', 'sample_values': []}, 'updatedAt': {'types': ['datetime'], 'presence_rate': '100%', 'sample_values': []}, 'updatedBy': {'types': ['ObjectId'], 'presence_rate': '99%', 'sample_values': []}, 'title': {'types': ['str'], 'presence_rate': '100%', 'sample_values': ['GE-1003', 'GE-101', 'GE-1019', 'GE-103', 'GE-1044', 'GE-106']}, '__v': {'types': ['int'], 'presence_rate': '100%', 'sample_values': []}, 'totalPowerSupply': {'types': ['int', 'float'], 'presence_rate': '22%', 'sample_values': []}, 'unitsInKVRH': {'types': ['int', 'float'], 'presence_rate': '14%', 'sample_values': []}, 'description': {'types': ['str'], 'presence_rate': '14%', 'sample_values': ['', '2113 kwh', 'A""february month bill ', 'June-2023', 'Reading in KWH', 'electrical Meter burn ']}}","roads, users",Internal,ok
gridelectricityhistories,Grid Electricity History,Infrastructure & Assets,"A historical log of all changes and actions performed on grid electricity asset records. It tracks events like asset creation and updates to specific fields, such as image uploads.",Grid Electricity History Log,"gridElectricityId, field, action, userId, createdAt","__v, _id, action, createdAt, field, gridElectricityId, roadId, userId, valueAfter, valueBefore","{'userId': {'types': ['ObjectId'], 'presence_rate': '98%', 'sample_values': []}, 'gridElectricityId': {'types': ['ObjectId'], 'presence_rate': '100%', 'sample_values': []}, 'valueAfter': {'types': ['str'], 'presence_rate': '63%', 'sample_values': ['DUPLICATE']}, 'field': {'types': ['str'], 'presence_rate': '100%', 'sample_values': ['NEW GRID ELECTRICITY', 'images', 'status']}, 'action': {'types': ['str'], 'presence_rate': '100%', 'sample_values': ['New Grid Electricity Created', 'Updated Status from ""SUBMITTED"" to ""DUPLICATE""', 'User uploaded a new Image']}, 'createdAt': {'types': ['datetime'], 'presence_rate': '100%', 'sample_values': []}, 'roadId': {'types': ['ObjectId'], 'presence_rate': '98%', 'sample_values': []}, '__v': {'types': ['int'], 'presence_rate': '100%', 'sample_values': []}, 'valueBefore': {'types': ['str'], 'presence_rate': '1%', 'sample_values': ['SUBMITTED']}}","gridelectricities, users, roads",Internal,ok
grievanceredressalmechanisms,Grievance Redressal Mechanisms,Safety & Accidents,"This collection stores records of grievances or complaints raised by the public, contractors, or internal staff regarding highway operations. It tracks the details of each complaint, the complainant's information, its current status, and the actions taken for redressal.",Grievance Record,"typeOfGrievance, status, grievanceCategory, roadId, createdAt","__v, _id, action, address, addressalOfIssues, agitationStatus, communicationDate, communicationMode, complainantDesignation, complainantName, contactNumber, contractorName, createdAt, createdBy, dateOfRemarks, description, emailId, grievanceCategory, images, location, nameOfkeyMember, reasonForDenial, remarks, roadId, sourceOfGrievance, spvAndESRemarks, spvResponse, status, title, typeOfGrievance, typeOfWork, updatedAt, updatedBy","{'nameOfkeyMember': {'types': ['list'], 'presence_rate': '100%', 'sample_values': []}, 'typeOfGrievance': {'types': ['str'], 'presence_rate': '100%', 'sample_values': ['Community agitation on toll exemption/road operation/political reasons', 'Contractor’s regular staff and labors at SPV', 'Grievances received through Public consultations (Quarterly)']}, 'sourceOfGrievance': {'types': ['str'], 'presence_rate': '64%', 'sample_values': ['Public Consultation', 'SPV']}, 'complainantName': {'types': ['str'], 'presence_rate': '79%', 'sample_values': ['Abhishek Acharyya', 'Abhishek Kumar ', 'Brijesh shakya', 'Damarapu chennaiah', 'Ganesh Narayan Meena', 'Manikanta']}, 'address': {'types': ['str'], 'presence_rate': '64%', 'sample_values': ['3rd flor, block-2, gruhakalpha blocks, opp gandgibahavan, nampalli ', 'Bagsarai Toll Plaza,FRHL', 'For testing', 'KMTL ', 'Nagla govardhan bhanwat chahuraha mainpuri ', 'No .97,3rd Street\nKesavoyana gunta']}, 'description': {'types': ['str'], 'presence_rate': '100%', 'sample_values': ['EMT ', 'Fastag is not available, and not allowing paramilitary force for free toll.', 'Fasttag purpose', 'For example', 'Payment not received from vendor for the month of August 2021', 'Safety Helmet  broken']}, 'spvAndESRemarks': {'types': ['str'], 'presence_rate': '64%', 'sample_values': ['.', 'Fastag', 'For example', 'For testing', 'SPV', 'Test']}, 'status': {'types': ['str'], 'presence_rate': '100%', 'sample_values': ['Action Required', 'Closed', 'Delayed', 'In Process', 'Open']}, 'communicationMode': {'types': ['str'], 'presence_rate': '79%', 'sample_values': ['Email', 'Letter', 'Verbal', 'verbal']}, 'communicationDate': {'types': ['datetime'], 'presence_rate': '79%', 'sample_values': []}, 'reasonForDenial': {'types': ['str'], 'presence_rate': '64%', 'sample_values': ['']}, 'location': {'types': ['dict'], 'presence_rate': '50%', 'sample_values': []}, 'location.type': {'types': ['str'], 'presence_rate': '50%', 'sample_values': ['Point']}, 'location.coordinates': {'types': ['list'], 'presence_rate': '50%', 'sample_values': []}, 'location._id': {'types': ['ObjectId'], 'presence_rate': '50%', 'sample_values': []}, 'contactNumber': {'types': ['str'], 'presence_rate': '57%', 'sample_values': ['7679574704', '8542999257', '8977486948', '9012377248', '9533333331', '9866028162']}, 'emailId': {'types': ['str'], 'presence_rate': '50%', 'sample_values': ['Inapudi@gmail.com', 'Testing@gmail.com', 'abhishek.acharyya@frhl.org.in', 'abhishek.yadav@kmtl.co.in', 'brijeshmainpuri0@gmail.com', 'sureshcsc91@gmail.com']}, 'remarks': {'types': ['str'], 'presence_rate': '64%', 'sample_values': ['.', 'Fastag', 'For example', 'Joining date 18/07/24', 'Must be taken up on high priority.', 'Test']}, 'dateOfRemarks': {'types': ['datetime'], 'presence_rate': '64%', 'sample_values': []}, 'complainantDesignation': {'types': ['str'], 'presence_rate': '36%', 'sample_values': ['Daily labor', 'EMT', 'ES&S Coordinator', 'Labour', 'Manager ']}, 'images': {'types': ['list'], 'presence_rate': '57%', 'sample_values': []}, 'createdAt': {'types': ['datetime'], 'presence_rate': '100%', 'sample_values': []}, 'createdBy': {'types': ['ObjectId'], 'presence_rate': '100%', 'sample_values': []}, 'updatedAt': {'types': ['datetime'], 'presence_rate': '100%', 'sample_values': []}, 'updatedBy': {'types': ['ObjectId'], 'presence_rate': '100%', 'sample_values': []}, 'roadId': {'types': ['ObjectId'], 'presence_rate': '100%', 'sample_values': []}, 'title': {'types': ['str'], 'presence_rate': '100%', 'sample_values': ['GRM-1', 'GRM-2', 'GRM-3', 'GRM-4', 'GRM-5', 'GRM-6']}, '__v': {'types': ['int'], 'presence_rate': '100%', 'sample_values': []}, 'contractorName': {'types': ['ObjectId'], 'presence_rate': '14%', 'sample_values': []}, 'addressalOfIssues': {'types': ['str'], 'presence_rate': '14%', 'sample_values': ['Safety Helmet', 'Salary for the month of aug 2021']}, 'typeOfWork': {'types': ['str'], 'presence_rate': '14%', 'sample_values': ['Labor', 'Labour']}, 'grievanceCategory': {'types': ['str'], 'presence_rate': '43%', 'sample_values': ['Facilities', 'O&M', 'Others', 'Road Maintenance']}, 'agitationStatus': {'types': ['str'], 'presence_rate': '7%', 'sample_values': ['Action Required']}, 'action': {'types': ['str'], 'presence_rate': '21%', 'sample_values': ['', 'Completion of ROB and Piduguralla bypass.', 'For example']}, 'spvResponse': {'types': ['str'], 'presence_rate': '21%', 'sample_values': ['Assured that work will be completed by June 30 2023.', 'For testing', 'Testing']}}","roads, users, contractors",Confidential,ok
highspeeddiesels,High Speed Diesel Logs,Resources & Inventory,"This collection logs fuel consumption, primarily High-Speed Diesel (HSD), for company vehicles and equipment. Each record tracks fuel issued, refilled, and balances, along with vehicle meter readings to monitor usage.",Fuel Consumption Log,"vehicleRegistrationNumber, fuelIssued, fuelRefilled, openingReading, closingReading","__v, _id, balanceFuel, closingBalance, closingReading, createdAt, createdBy, fuelIssued, fuelRefilled, fuelType, openingReading, remarks, roadId, title, travelType, updatedAt, updatedBy, vehicleDescription, vehicleRegistrationNumber, vehicleType","{'vehicleDescription': {'types': ['str'], 'presence_rate': '100%', 'sample_values': ['407 Pickup', '407 VHEICLE', '407 Vehicle', 'Ambulance Vehicle ', 'BIKE', 'BOLERO PICKUP ( CNG VEHICLE- FEBRUARY-2025)']}, 'vehicleRegistrationNumber': {'types': ['str'], 'presence_rate': '100%', 'sample_values': [' KL 09 AX 1651', '125 Kva Dg', '125 Kva Dg Set Amoli plaza', '180 KVA', '200 KVA', '58.5 Kva Dg']}, 'vehicleType': {'types': ['str'], 'presence_rate': '100%', 'sample_values': ['Hired', 'Own']}, 'fuelType': {'types': ['str'], 'presence_rate': '100%', 'sample_values': ['diesel', 'petrol']}, 'travelType': {'types': ['str'], 'presence_rate': '100%', 'sample_values': ['Hour', 'Kilometer']}, 'openingReading': {'types': ['int', 'float'], 'presence_rate': '100%', 'sample_values': []}, 'closingReading': {'types': ['int', 'float'], 'presence_rate': '100%', 'sample_values': []}, 'balanceFuel': {'types': ['int', 'float'], 'presence_rate': '100%', 'sample_values': []}, 'closingBalance': {'types': ['int', 'float'], 'presence_rate': '100%', 'sample_values': []}, 'fuelRefilled': {'types': ['int', 'float'], 'presence_rate': '100%', 'sample_values': []}, 'fuelIssued': {'types': ['str'], 'presence_rate': '100%', 'sample_values': [' ', '0', '10', '103.88', '105.8', '119.00']}, 'remarks': {'types': ['str'], 'presence_rate': '92%', 'sample_values': ['', '\nPetrol Consumption for month of February 2025', '01.01.2025', '03.12.2024', '06.01.2025', '07.01.2025']}, 'createdAt': {'types': ['datetime'], 'presence_rate': '100%', 'sample_values': []}, 'createdBy': {'types': ['ObjectId'], 'presence_rate': '100%', 'sample_values': []}, 'updatedAt': {'types': ['datetime'], 'presence_rate': '100%', 'sample_values': []}, 'updatedBy': {'types': ['ObjectId'], 'presence_rate': '100%', 'sample_values': []}, 'roadId': {'types': ['ObjectId'], 'presence_rate': '100%', 'sample_values': []}, 'title': {'types': ['str'], 'presence_rate': '100%', 'sample_values': ['HSD-1', 'HSD-10', 'HSD-103', 'HSD-107', 'HSD-111', 'HSD-12']}, '__v': {'types': ['int'], 'presence_rate': '100%', 'sample_values': []}}","users, roads",Internal,ok
iclettercomments,IC Letter Comments,Inspections & Tasks,"Stores comments and observations associated with Independent Consultant (IC) letters. These comments detail highway conditions, work progress, and other notes for specific road sections.",IC Letter Comment,"comment, icLetterId, roadId, createdAt","__v, _id, comment, createdAt, createdBy, icLetterId, roadId, updatedAt, updatedBy","{'comment': {'types': ['str'], 'presence_rate': '100%', 'sample_values': ['\n', '\n\n', '\nHighway-3 ( ROW cleaning, kerb painting)\nRoad Furniture-1 (Pavement marking)""\n', ' ', ' \n', ' At 177+300 Island boundary wall damaged, kerb damaged,water logging']}, 'icLetterId': {'types': ['ObjectId'], 'presence_rate': '100%', 'sample_values': []}, 'roadId': {'types': ['ObjectId'], 'presence_rate': '100%', 'sample_values': []}, 'createdAt': {'types': ['datetime'], 'presence_rate': '100%', 'sample_values': []}, 'createdBy': {'types': ['ObjectId'], 'presence_rate': '100%', 'sample_values': []}, 'updatedAt': {'types': ['datetime'], 'presence_rate': '100%', 'sample_values': []}, 'updatedBy': {'types': ['ObjectId'], 'presence_rate': '100%', 'sample_values': []}, '__v': {'types': ['int'], 'presence_rate': '100%', 'sample_values': []}}","icletters, roads, users",Internal,ok
icletterhistories,IC Letter History,Administration,"Stores a historical audit log of all creations and modifications to IC Letters. Each document represents a single change event, tracking the field modified, its value before and after the change, the user who performed the action, and the timestamp.",IC Letter Change History,"icLetterId, field, action, createdAt","__v, _id, action, createdAt, field, icLetterId, roadId, userId, valueAfter, valueBefore","{'icLetterId': {'types': ['ObjectId'], 'presence_rate': '100%', 'sample_values': []}, 'field': {'types': ['str'], 'presence_rate': '100%', 'sample_values': ['NEW IC LETTER', 'endDate', 'files', 'remarks', 'status', 'submissionDate']}, 'action': {'types': ['str'], 'presence_rate': '100%', 'sample_values': ['Edited Status from ""OPEN"" to ""COMPLETED""', 'New IC Letter added', 'Updating file: -533849579 file _id: 654095f86499381aeca0c40b as not infected', 'Updating file: 2245-07 03 24 file _id: 67495a64a48ea3e69a0a8e27 as not infected', 'Updating file: 3401 file _id: 68a7f863975c80301a7ad3d9 as not infected', 'Updating file: Letter No file _id: 69ca4f127c50e856d20d8121 as not infected']}, 'createdAt': {'types': ['datetime'], 'presence_rate': '100%', 'sample_values': []}, 'valueAfter': {'types': ['str'], 'presence_rate': '90%', 'sample_values': ['COMPLETED', 'Fri Apr 12 2024 00:00:00 GMT+0530 (India Standard Time)', 'Fri Mar 06 2026 00:00:00 GMT+0530 (India Standard Time)', 'Fri Nov 15 2024 00:00:00 GMT+0530 (India Standard Time)', 'Mon Apr 20 2026 00:00:00 GMT+0530 (India Standard Time)', 'Mon Apr 27 2026 00:00:00 GMT+0530 (India Standard Time)']}, 'roadId': {'types': ['ObjectId'], 'presence_rate': '100%', 'sample_values': []}, 'userId': {'types': ['ObjectId'], 'presence_rate': '54%', 'sample_values': []}, 'valueBefore': {'types': ['str'], 'presence_rate': '15%', 'sample_values': ['Defect list as per NHAI one App.', 'IE Inspection letter for the month of June 2023', 'Mon May 05 2025 00:00:00 GMT+0530 (India Standard Time)', 'OPEN', 'RE Wall Inspection Observations', 'Sat Mar 15 2025 00:00:00 GMT+0530 (India Standard Time)']}, '__v': {'types': ['int'], 'presence_rate': '54%', 'sample_values': []}}","icletters, users, roads",Internal,ok
icletters,Independent Consultant Letters,Administration,"Stores records of official correspondence, likely letters from an Independent Consultant (IC) regarding highway projects. Each document tracks the letter's metadata, status, submission dates, and links to relevant road sections and associated files.",Official Letter,"letterNum, title, status, roadId, submissionDate","__v, _id, createdAt, createdBy, endDate, files, letterNum, remarks, roadId, startDate, status, submissionDate, title, updatedAt, updatedBy","{'status': {'types': ['str'], 'presence_rate': '100%', 'sample_values': ['COMPLETED', 'DUPLICATE', 'OPEN']}, 'startDate': {'types': ['datetime'], 'presence_rate': '100%', 'sample_values': []}, 'endDate': {'types': ['datetime'], 'presence_rate': '100%', 'sample_values': []}, 'letterNum': {'types': ['int'], 'presence_rate': '100%', 'sample_values': []}, 'remarks': {'types': ['str'], 'presence_rate': '81%', 'sample_values': ['1547 - Inspection of Chenani Nashri Tunnel', '19-05-2025', 'Aug Letter 1', 'Bridge/Structural Inspection Report of April 2024', 'Casta road safety audit ', 'DATA Lake 3.0']}, 'files': {'types': ['list'], 'presence_rate': '100%', 'sample_values': []}, 'roadId': {'types': ['ObjectId'], 'presence_rate': '100%', 'sample_values': []}, 'createdBy': {'types': ['ObjectId'], 'presence_rate': '100%', 'sample_values': []}, 'createdAt': {'types': ['datetime'], 'presence_rate': '100%', 'sample_values': []}, 'updatedAt': {'types': ['datetime'], 'presence_rate': '100%', 'sample_values': []}, 'updatedBy': {'types': ['ObjectId'], 'presence_rate': '100%', 'sample_values': []}, 'title': {'types': ['str'], 'presence_rate': '100%', 'sample_values': ['2023-Apr-Letter-1', '2023-Aug-Letter-6', '2023-Jan-Letter-1', '2023-Jul-Letter-1', '2023-Jul-Letter-2', '2023-Jul-Letter-5']}, '__v': {'types': ['int'], 'presence_rate': '100%', 'sample_values': []}, 'submissionDate': {'types': ['datetime'], 'presence_rate': '95%', 'sample_values': []}}","roads, users",Internal,ok
icreports,IC Inspection Report,Inspections & Tasks,"Stores inspection reports, designated as 'IC' reports, which document various issues found on highways. Each report contains a list of specific issues like incidents, pavement defects, or road furniture damage, along with their location and status.",IC Report,"reportId, roadId, status, createdAt, issues","__v, _id, createdAt, createdBy, issueAuthorityType, issueCategoryName, issues, reportId, reportType, roadId, status, updatedAt, updatedBy","{'issues': {'types': ['list'], 'presence_rate': '100%', 'sample_values': []}, 'reportType': {'types': ['str'], 'presence_rate': '100%', 'sample_values': ['IC']}, 'createdAt': {'types': ['datetime'], 'presence_rate': '100%', 'sample_values': []}, 'createdBy': {'types': ['ObjectId'], 'presence_rate': '100%', 'sample_values': []}, 'status': {'types': ['str'], 'presence_rate': '100%', 'sample_values': ['COMPLETED', 'DRAFT']}, 'roadId': {'types': ['ObjectId'], 'presence_rate': '100%', 'sample_values': []}, 'reportId': {'types': ['str'], 'presence_rate': '100%', 'sample_values': ['R-IC-10', 'R-IC-101', 'R-IC-106', 'R-IC-112', 'R-IC-113', 'R-IC-115']}, '__v': {'types': ['int'], 'presence_rate': '100%', 'sample_values': []}, 'updatedAt': {'types': ['datetime'], 'presence_rate': '3%', 'sample_values': []}, 'updatedBy': {'types': ['ObjectId'], 'presence_rate': '3%', 'sample_values': []}, 'issueCategoryName': {'types': ['str'], 'presence_rate': '16%', 'sample_values': ['Highway', 'Pavement', 'Road Furniture', 'Structures']}, 'issueAuthorityType': {'types': ['str'], 'presence_rate': '15%', 'sample_values': ['IC']}}","roads, users, issuetypes",Internal,ok
imsuserhistories,IMS User History,Administration,"This collection serves as an audit log, recording the history of changes made to user profiles within the Infrastructure Management System (IMS). Each document represents a single modification, detailing the field changed, the values before and after the change, and the user who performed the action.",User History Record,"imsUserId, field, action, createdAt, userId","__v, _id, action, createdAt, field, imsUserId, roadId, userId, valueAfter, valueBefore","{'userId': {'types': ['ObjectId'], 'presence_rate': '100%', 'sample_values': []}, 'imsUserId': {'types': ['ObjectId'], 'presence_rate': '100%', 'sample_values': []}, 'valueBefore': {'types': ['str'], 'presence_rate': '41%', 'sample_values': ['', '  -  ', '63d4b6cdf7bd4f96f73b5b34', 'Ambulance,RPV', 'Approved', 'BANDARI NARENDHER']}, 'valueAfter': {'types': ['str'], 'presence_rate': '85%', 'sample_values': ['64afd427ed20558946452683', '915242570147', 'Ambulance,RPV,Car', 'Approved', 'BANDARI NARENDER', 'EMP0728']}, 'field': {'types': ['str'], 'presence_rate': '100%', 'sample_values': ['NEW IMS USER', 'aadharNumber', 'contractorId', 'contractorName', 'dateOfBirth', 'designation']}, 'action': {'types': ['str'], 'presence_rate': '100%', 'sample_values': ['Edited Aadhar Number from ""  -  "" to ""915242570147""', 'Edited Contractor Id from ""GA-046"" to ""SKM2418""', 'Edited Contractor Id from ""SKMFT10447"" to ""SKM10447""', 'Edited Contractor Id to ""EMP0728""', 'Edited Contractor Name  to ""MARKOLINES INFRA LIMITED""', 'Edited Designation from ""Safety Supervisor"" to ""Others""']}, 'createdAt': {'types': ['datetime'], 'presence_rate': '100%', 'sample_values': []}, 'roadId': {'types': ['ObjectId'], 'presence_rate': '100%', 'sample_values': []}, '__v': {'types': ['int'], 'presence_rate': '100%', 'sample_values': []}}","imsusers, users, roads",Confidential,ok
imsusers,IMS Users,Administration,"Stores personal and professional records of users, likely employees and contractors, for the Incident Management System (IMS). This includes contact details, employment information like designation and contractor, and identification documents.",IMS User,"name, imsCode, designation, contractorName, status","__v, _id, aadharNumber, address, contractorId, contractorName, createdAt, createdBy, dateOfBirth, designation, email, esiNumber, gender, images, imsCode, joiningDate, licenseExpiryDate, licenseIssuedDate, licenseNumber, licenseType, mobileNumber, name, otherVehicleType, pfNumber, remark, roadId, status, trainingSectionDetails, updatedAt, updatedBy, vehicleType","{'status': {'types': ['str'], 'presence_rate': '100%', 'sample_values': ['Approved', 'New', 'Old']}, 'licenseType': {'types': ['list'], 'presence_rate': '94%', 'sample_values': []}, 'vehicleType': {'types': ['list'], 'presence_rate': '94%', 'sample_values': []}, 'name': {'types': ['str'], 'presence_rate': '100%', 'sample_values': ['AJAY KUMAR TIWARI', 'Abhay Singh Rajawat', 'Abhijeet  das', 'Abhishek Kunar ', 'Akash Laxam jadhav', 'Akash R']}, 'gender': {'types': ['str'], 'presence_rate': '87%', 'sample_values': ['Female', 'Male']}, 'mobileNumber': {'types': ['str', 'float'], 'presence_rate': '99%', 'sample_values': ['', '7078304148', '7395888621', '7451884744', '7535844392', '8057282886']}, 'aadharNumber': {'types': ['float'], 'presence_rate': '98%', 'sample_values': []}, 'dateOfBirth': {'types': ['datetime'], 'presence_rate': '100%', 'sample_values': []}, 'joiningDate': {'types': ['datetime'], 'presence_rate': '99%', 'sample_values': []}, 'designation': {'types': ['str'], 'presence_rate': '100%', 'sample_values': ['CRO', 'Driver', 'Helper', 'Hydra Operator', 'Incident Manager', 'O&M Driver']}, 'address': {'types': ['str'], 'presence_rate': '100%', 'sample_values': ['', ' Vill.Gholakandi. Po.\n Jafar Gang.Dist.Murshidabad.W.B.744202', '106I, Annanagar pullampadi Trichy (DT) 621711', '119 Pandarakudi Street,\nMarukalkurichi,\nNanguneri TK', '2/52, Midel street,\nAkkanakkanpatti,\nThoothukudi ', '3/71, Middles street, Arasankulam, Vallakulam']}, 'roadId': {'types': ['ObjectId'], 'presence_rate': '100%', 'sample_values': []}, 'images': {'types': ['list'], 'presence_rate': '100%', 'sample_values': []}, 'trainingSectionDetails': {'types': ['list'], 'presence_rate': '89%', 'sample_values': []}, 'createdBy': {'types': ['ObjectId'], 'presence_rate': '100%', 'sample_values': []}, 'createdAt': {'types': ['datetime'], 'presence_rate': '100%', 'sample_values': []}, 'updatedAt': {'types': ['datetime'], 'presence_rate': '100%', 'sample_values': []}, 'updatedBy': {'types': ['ObjectId'], 'presence_rate': '100%', 'sample_values': []}, 'imsCode': {'types': ['str'], 'presence_rate': '100%', 'sample_values': ['AD-I-17', 'AD-I-64', 'BF-I-246', 'BF-I-97', 'BF-O-130', 'BF-W-207']}, '__v': {'types': ['int'], 'presence_rate': '100%', 'sample_values': []}, 'contractorId': {'types': ['str'], 'presence_rate': '61%', 'sample_values': ['', '0', '01-060', '0535', '1103001694', '1103001753']}, 'remark': {'types': ['str'], 'presence_rate': '28%', 'sample_values': ['Ambulance Helper', 'Ambulance Helper ', 'Crane operator', 'Designation: Itcs operator', 'Fabricator', 'Fabricator.']}, 'contractorName': {'types': ['ObjectId'], 'presence_rate': '88%', 'sample_values': []}, 'licenseIssuedDate': {'types': ['datetime'], 'presence_rate': '16%', 'sample_values': []}, 'licenseExpiryDate': {'types': ['datetime'], 'presence_rate': '16%', 'sample_values': []}, 'licenseNumber': {'types': ['str'], 'presence_rate': '16%', 'sample_values': ['1343/P2006', 'AP 60720130001992', 'AP 60720190033158', 'BR06201900134331', 'Br2220130933332', 'Jk_1420120034251']}, 'otherVehicleType': {'types': ['str'], 'presence_rate': '11%', 'sample_values': ['', 'Camper Driver', 'Lcv', 'Shadow vehicle ', 'h', 'shadow vehicle ']}, 'esiNumber': {'types': ['str'], 'presence_rate': '1%', 'sample_values': ['5221243454']}, 'pfNumber': {'types': ['str'], 'presence_rate': '1%', 'sample_values': ['101812495581']}}","roads, contractors, users",Confidential,ok
inspectionhistories,Inspection Histories,Inspections & Tasks,"Stores an audit log of all changes and actions performed on inspection records. Each document represents a specific event, such as the creation of an inspection or a change in its status.",Inspection History Record,"inspectionId, action, field, createdAt, userId","__v, _id, action, createdAt, field, inspectionId, roadId, userId, valueAfter, valueBefore","{'userId': {'types': ['ObjectId'], 'presence_rate': '100%', 'sample_values': []}, 'inspectionId': {'types': ['ObjectId'], 'presence_rate': '100%', 'sample_values': []}, 'field': {'types': ['str'], 'presence_rate': '100%', 'sample_values': ['NEW EHS INSPECTION', 'status']}, 'action': {'types': ['str'], 'presence_rate': '100%', 'sample_values': ['EHS Inspection Added', 'Edited Status from ""ON-GOING"" to ""SUBMITTED""']}, 'createdAt': {'types': ['datetime'], 'presence_rate': '100%', 'sample_values': []}, 'roadId': {'types': ['ObjectId'], 'presence_rate': '100%', 'sample_values': []}, '__v': {'types': ['int'], 'presence_rate': '100%', 'sample_values': []}, 'valueBefore': {'types': ['str'], 'presence_rate': '26%', 'sample_values': ['ON-GOING']}, 'valueAfter': {'types': ['str'], 'presence_rate': '26%', 'sample_values': ['SUBMITTED']}}","ohseinspections, users, roads",Internal,ok
inspectionquestions,Inspection Questions,Inspections & Tasks,"Stores individual questions, answers, observations, and supporting images recorded during a highway or asset inspection. Each document represents a single checklist item answered for a specific inspection event.",Inspection Question,"inspectionId, roadId, question, answer, observation","__v, _id, answer, createdAt, createdBy, images, inspectionId, observation, provision, question, roadId, serialNumber, updatedAt, updatedBy","{'serialNumber': {'types': ['int', 'str', 'float'], 'presence_rate': '100%', 'sample_values': ['1', '1.1', '1.2', '10', '11', '12']}, 'question': {'types': ['str'], 'presence_rate': '100%', 'sample_values': ['A minimum ceiling height of 2.10 m', 'Air conditioning toll booths to provide fresh air regularly and their condition', 'All equipment and machinery maintained in good condition', 'Any Other', 'Any other', 'Any other related obervation']}, 'observation': {'types': ['str'], 'presence_rate': '99%', 'sample_values': ['', '.', '36.100', 'Adequate', 'Adequate ', 'Adequate number of DG sets are installed as per the requirement']}, 'answer': {'types': ['str'], 'presence_rate': '100%', 'sample_values': ['N/A', 'No', 'Yes']}, 'images': {'types': ['list'], 'presence_rate': '100%', 'sample_values': []}, 'provision': {'types': ['str'], 'presence_rate': '26%', 'sample_values': ['', 'Bad', 'Good', 'Needs improvement', 'Satisfactory']}, 'inspectionId': {'types': ['ObjectId'], 'presence_rate': '100%', 'sample_values': []}, 'createdAt': {'types': ['datetime'], 'presence_rate': '100%', 'sample_values': []}, 'createdBy': {'types': ['ObjectId'], 'presence_rate': '100%', 'sample_values': []}, 'updatedAt': {'types': ['datetime'], 'presence_rate': '100%', 'sample_values': []}, 'updatedBy': {'types': ['ObjectId'], 'presence_rate': '100%', 'sample_values': []}, 'roadId': {'types': ['ObjectId'], 'presence_rate': '100%', 'sample_values': []}, '__v': {'types': ['int'], 'presence_rate': '100%', 'sample_values': []}}","ohseinspections, roads, users",Internal,ok
insurancehistories,Insurance History,Administration,"This collection serves as an audit trail, logging all modifications made to insurance records. Each document captures a single change, including the specific field modified, its value before and after the change, the user who performed the action, and the timestamp.",Insurance History Record,"insuranceId, field, action, createdAt, userId","__v, _id, action, createdAt, field, insuranceId, roadId, userId, valueAfter, valueBefore","{'userId': {'types': ['ObjectId'], 'presence_rate': '93%', 'sample_values': []}, 'insuranceId': {'types': ['ObjectId'], 'presence_rate': '100%', 'sample_values': []}, 'valueAfter': {'types': ['str'], 'presence_rate': '98%', 'sample_values': ['101626', '11822', '120496', '12615', '13', '130432426160000016 ']}, 'field': {'types': ['str'], 'presence_rate': '100%', 'sample_values': ['NEW INSURANCE', 'accountedDate', 'actualDocumentSubmissionDate', 'actualRectificationDate', 'briefDescription', 'brokingCompany']}, 'action': {'types': ['str'], 'presence_rate': '100%', 'sample_values': ['Edited Brief Description from ""damaged by"" to ""By VRN GJ06BV1660""', 'Edited Broking Company to ""Ace Insurance Brokers ""', 'Edited Broking Company to ""Ace insurance Brokers""', 'Edited Final Claimed Amount from ""145560"" to ""145561""', 'Edited Final Claimed Amount to ""120496""', 'Edited Final Claimed Amount to ""94685.56""']}, 'createdAt': {'types': ['datetime'], 'presence_rate': '100%', 'sample_values': []}, 'roadId': {'types': ['ObjectId'], 'presence_rate': '100%', 'sample_values': []}, '__v': {'types': ['int'], 'presence_rate': '93%', 'sample_values': []}, 'valueBefore': {'types': ['NoneType', 'str'], 'presence_rate': '20%', 'sample_values': ['145560', '61ed62fb3e08c401f0d71c1b', 'CLAIM-INTIMATED', 'CLAIM-REPORTED', 'RECTIFICATION-COMPLETED', 'RECTIFICATION-INPROGRESS']}}","insurances, users, roads",Internal,ok
insurances,Insurance Claims,Safety & Accidents,"Stores records of insurance claims filed for damages to highway assets. This collection tracks the entire claim lifecycle from initial incident reporting, through surveyor assessment, to final financial settlement.",Insurance Claim,"status, dateOfOccurrence, causeOfDamage, finalClaimedAmount, receivedAmount","__v, _id, accidentId, accountedDate, actualDocumentSubmissionDate, actualRectificationDate, anyOtherDeduction, briefDescription, brokingCompany, causeOfDamage, chainageFrom, chainageTo, claimRejectionRemarks, contractorsManpower, createdAt, createdBy, dateOfOccurrence, depreciationAmount, docSubmissionContactNumber, docSubmissionContactPerson, documentSubmissionDate, files, finalClaimedAmount, images, improvementDeduction, insuranceCompany, insurerClaimNo, isCasuality, isClaimPursued, isClaimSettled, location, otherCauseOfDamage, ownSpvsManpower, policyExcess, policyNumber, policyType, propertyDamagedDetails, receivedAmount, receivedDate, rectificationDate, reinstatementPremium, remarks, revisedDocumentSubmissionDate, roadId, salvageAmount, sapWBSCode, status, surveyAgency, surveyConductedDate, surveyContactPerson, surveyContactPersonNumber, surveyorAssessmentCompletedDate, surveyorContact, surveyorName, tentativeClaimReceivedDate, thirdPartyManpower, title, underInsurance, updatedAt, updatedBy, withDrawnReason, withDrawnRemarks","{'roadId': {'types': ['ObjectId'], 'presence_rate': '100%', 'sample_values': []}, 'title': {'types': ['str'], 'presence_rate': '100%', 'sample_values': ['ADTPL-INS-1', 'APEL-INS-22', 'APEL-INS-26', 'APEL-INS-3', 'APEL-INS-46', 'APEL-INS-49']}, 'chainageFrom': {'types': ['int', 'float'], 'presence_rate': '100%', 'sample_values': []}, 'chainageTo': {'types': ['int', 'float'], 'presence_rate': '96%', 'sample_values': []}, 'insuranceCompany': {'types': ['str'], 'presence_rate': '97%', 'sample_values': ['GO DIGIT General Insurance Co. Ltd.', 'ICICI Lombard General Insurance Co. Ltd.', 'IndusInd General Insurance Company Limited', 'Reliance General Insurance Co. Ltd.', 'Reliance General Insurance Co. Ltd. ', 'Reliance General Insurance Company Limited']}, 'brokingCompany': {'types': ['str'], 'presence_rate': '97%', 'sample_values': ['Ace Brokers', 'Ace Brokers ', 'Ace Insurance Broker', 'Ace Insurance Brokers', 'Ace Insurance Brokers ', 'Ace insurance Brokers']}, 'insurerClaimNo': {'types': ['str'], 'presence_rate': '79%', 'sample_values': ['-2201008684', '211225000116/1', '2191010690 & 1018852', '2201000172 & 13/302/09203', '2201024656', '2211005144']}, 'policyType': {'types': ['str'], 'presence_rate': '97%', 'sample_values': ['CC Package', 'CCP', 'CCP policy', 'IAR', 'SCP', 'SFSP']}, 'policyNumber': {'types': ['str'], 'presence_rate': '96%', 'sample_values': [""'130432326160000021"", '0164262224 00 00', '1001/131181132/00', '1001/131181132/00/00', '1001/230213267/00/000', '130131826160000022']}, 'causeOfDamage': {'types': ['str'], 'presence_rate': '100%', 'sample_values': ['Accidental Impact Damage', 'Accidental Injury', 'Agitation/Dharna/Road Blockage', 'Heavy Rains', 'Heavy Rains, Flood & Inundation', 'Lightening']}, 'location': {'types': ['str'], 'presence_rate': '82%', 'sample_values': ['106.730 Median', '127.530 Median', '152.740', '20+500 IRUTHAYAPURAM', '209.200', '272.950']}, 'briefDescription': {'types': ['str'], 'presence_rate': '100%', 'sample_values': ['1 nos signboard has been damaged by windstorm at 45+000 LHS on 21st April 2025', '55 emter MBCB from km 117+195 to 117+250 LHSMBCB from km 117+195 to 117+250 LHS', 'A unknown vehicle damaged 44 mtr MBCB.', 'A unknown vehicle hit to the RHS Median MBCB in which 28mtr MBCB got damaged.', 'An unknown vehicle damaged 40 mtr MBCB.', 'An unknown vehicle damaged the MBCB.']}, 'isCasuality': {'types': ['str'], 'presence_rate': '100%', 'sample_values': ['No', 'Yes']}, 'underInsurance': {'types': ['NoneType'], 'presence_rate': '23%', 'sample_values': []}, 'improvementDeduction': {'types': ['int', 'NoneType'], 'presence_rate': '23%', 'sample_values': []}, 'salvageAmount': {'types': ['int', 'NoneType', 'float'], 'presence_rate': '72%', 'sample_values': []}, 'depreciationAmount': {'types': ['int', 'NoneType', 'float'], 'presence_rate': '25%', 'sample_values': []}, 'policyExcess': {'types': ['int', 'NoneType'], 'presence_rate': '73%', 'sample_values': []}, 'receivedAmount': {'types': ['int', 'NoneType', 'float'], 'presence_rate': '73%', 'sample_values': []}, 'finalClaimedAmount': {'types': ['int', 'float'], 'presence_rate': '82%', 'sample_values': []}, 'reinstatementPremium': {'types': ['int', 'NoneType', 'float'], 'presence_rate': '71%', 'sample_values': []}, 'surveyAgency': {'types': ['str'], 'presence_rate': '97%', 'sample_values': ['AKG Insurance Surveyor & Loss Assessor', 'Absolute Surveyor & Assessors Pvt. Ltd.', 'GO Digit', 'Indemnity Insurance Surveyors', 'M/S Indemnity Insurance surveyor ', 'M/s Indemnity Insurance Surveyors']}, 'surveyorName': {'types': ['str'], 'presence_rate': '97%', 'sample_values': ['Bagesh Mishra', 'Digit', 'Hiren - Proclaim Surveyors', 'Hyderbad office - Sandeep , Pavan & Sriteja', 'Kapil Chawla', 'MANI KANBAN ']}, 'anyOtherDeduction': {'types': ['int', 'NoneType'], 'presence_rate': '47%', 'sample_values': []}, 'surveyConductedDate': {'types': ['datetime'], 'presence_rate': '91%', 'sample_values': []}, 'dateOfOccurrence': {'types': ['datetime'], 'presence_rate': '100%', 'sample_values': []}, 'receivedDate': {'types': ['datetime'], 'presence_rate': '72%', 'sample_values': []}, 'docSubmissionContactPerson': {'types': ['NoneType', 'ObjectId'], 'presence_rate': '100%', 'sample_values': []}, 'surveyContactPerson': {'types': ['NoneType', 'ObjectId'], 'presence_rate': '100%', 'sample_values': []}, 'surveyorContact': {'types': ['NoneType', 'str'], 'presence_rate': '95%', 'sample_values': ['7015259457', '7982729048', '8010071555', '9176657525', '9313174100', '9506594963']}, 'status': {'types': ['str'], 'presence_rate': '100%', 'sample_values': ['CLAIM-CLOSED', 'CLAIM-INTIMATED', 'CLAIM-REJECTED', 'CLAIM-REPORTED', 'CLAIM-WITHDRAWN', 'DOCUMENTS-SUBMITTED']}, 'createdAt': {'types': ['datetime'], 'presence_rate': '100%', 'sample_values': []}, 'createdBy': {'types': ['ObjectId'], 'presence_rate': '100%', 'sample_values': []}, 'remarks': {'types': ['NoneType', 'str'], 'presence_rate': '53%', 'sample_values': ['', '01 No NHAI Exemption signboard totally damaged', '1 fatal and 6 injured person were road users. ', 'Accident at ch.89.740', 'Accident damage 73.260', 'Boom barrier and 2 KVA UPS got faulty at Karman toll plaza. KM 94.']}, 'propertyDamagedDetails': {'types': ['list'], 'presence_rate': '100%', 'sample_values': []}, 'surveyContactPersonNumber': {'types': ['str'], 'presence_rate': '77%', 'sample_values': ['6396149048', '7018415393', '7074584006', '7827265473', '7908052311', '8016087261']}, 'docSubmissionContactNumber': {'types': ['str'], 'presence_rate': '77%', 'sample_values': ['6396149048', '7018415393', '7074584006', '7827265473', '7908052311', '8016087261']}, 'images': {'types': ['list'], 'presence_rate': '81%', 'sample_values': []}, 'files': {'types': ['list'], 'presence_rate': '81%', 'sample_values': []}, 'updatedAt': {'types': ['datetime'], 'presence_rate': '81%', 'sample_values': []}, 'updatedBy': {'types': ['ObjectId'], 'presence_rate': '81%', 'sample_values': []}, '__v': {'types': ['int'], 'presence_rate': '81%', 'sample_values': []}, 'isClaimPursued': {'types': ['str'], 'presence_rate': '74%', 'sample_values': ['Yes']}, 'rectificationDate': {'types': ['datetime'], 'presence_rate': '65%', 'sample_values': []}, 'documentSubmissionDate': {'types': ['datetime'], 'presence_rate': '64%', 'sample_values': []}, 'sapWBSCode': {'types': ['str'], 'presence_rate': '53%', 'sample_values': ['2020/IC/AK/01', '2030/IC/AE/01', '2030/IC/AG/01', '2050/IC/AB/01', '2050/IC/AI/01', '2050/IC/AK/01']}, 'actualRectificationDate': {'types': ['datetime'], 'presence_rate': '64%', 'sample_values': []}, 'revisedDocumentSubmissionDate': {'types': ['datetime'], 'presence_rate': '64%', 'sample_values': []}, 'actualDocumentSubmissionDate': {'types': ['datetime'], 'presence_rate': '64%', 'sample_values': []}, 'surveyorAssessmentCompletedDate': {'types': ['datetime'], 'presence_rate': '55%', 'sample_values': []}, 'tentativeClaimReceivedDate': {'types': ['datetime'], 'presence_rate': '55%', 'sample_values': []}, 'isClaimSettled': {'types': ['str'], 'presence_rate': '55%', 'sample_values': ['No', 'Yes']}, 'accountedDate': {'types': ['datetime'], 'presence_rate': '55%', 'sample_values': []}, 'ownSpvsManpower': {'types': ['int'], 'presence_rate': '1%', 'sample_values': []}, 'contractorsManpower': {'types': ['int'], 'presence_rate': '1%', 'sample_values': []}, 'thirdPartyManpower': {'types': ['int'], 'presence_rate': '1%', 'sample_values': []}, 'accidentId': {'types': ['ObjectId'], 'presence_rate': '4%', 'sample_values': []}, 'otherCauseOfDamage': {'types': ['str'], 'presence_rate': '1%', 'sample_values': ['Accident', 'Vehicle collision- Damage to vehicle\nTN48BX1614']}, 'claimRejectionRemarks': {'types': ['str'], 'presence_rate': '1%', 'sample_values': ['Work was completed by 3rd Party/ Other Contractor']}, 'withDrawnReason': {'types': ['str'], 'presence_rate': '1%', 'sample_values': ['Withdrawn due to policy excess']}, 'withDrawnRemarks': {'types': ['str'], 'presence_rate': '1%', 'sample_values': ['Low claim amount under 50k, no claim realization after salvage deduction.', 'Seller plain Fire policies with excess of Rs. 5 lacs.']}}","roads, users, accidentidentifications",Confidential,ok
inventories,Asset Inventories,Resources & Inventory,"This collection contains a detailed inventory of all company assets, including IT equipment, office furniture, vehicles, and software. Each document represents a single asset with its unique identifier, type, description, and status.",Asset,"id, assetID, assetType, assetSubType, status","__v, _id, assetClass, assetDescription, assetID, assetSubType, assetType, createdAt, createdBy, id, images, roadId, status, updatedAt, updatedBy","{'assetType': {'types': ['str'], 'presence_rate': '100%', 'sample_values': ['Computer Software', 'Computers & Accessories', 'Furniture & Fixtures', 'Network & Server', 'Office Equipment', 'Plant & Machinery']}, 'assetSubType': {'types': ['str'], 'presence_rate': '100%', 'sample_values': ['AC', 'Chair', 'Computer Software', 'Computers & Accessories', 'Furniture & Fixtures', 'NAS']}, 'assetID': {'types': ['str'], 'presence_rate': '100%', 'sample_values': ['1000002', '1000006', '1000007', '1000011', '1000015', '1000101']}, 'assetClass': {'types': ['int'], 'presence_rate': '100%', 'sample_values': []}, 'assetDescription': {'types': ['str'], 'presence_rate': '100%', 'sample_values': ['1 Ton Split AC', '1.5 ton split AC ', '1.8 Ton Split AC', '32 Channel NVR (Network Video Recorder) (server room)', '40 KVA SILENT DG SET', '6 TB Hard Disk(server room)']}, 'images': {'types': ['list'], 'presence_rate': '100%', 'sample_values': []}, 'createdAt': {'types': ['datetime'], 'presence_rate': '100%', 'sample_values': []}, 'createdBy': {'types': ['ObjectId'], 'presence_rate': '100%', 'sample_values': []}, 'updatedAt': {'types': ['datetime'], 'presence_rate': '100%', 'sample_values': []}, 'updatedBy': {'types': ['ObjectId'], 'presence_rate': '98%', 'sample_values': []}, 'roadId': {'types': ['ObjectId'], 'presence_rate': '100%', 'sample_values': []}, 'id': {'types': ['str'], 'presence_rate': '100%', 'sample_values': ['INV-101', 'INV-1010', 'INV-1037', 'INV-1061', 'INV-1063', 'INV-107']}, 'status': {'types': ['str'], 'presence_rate': '100%', 'sample_values': ['ACTIVE', 'IN-ACTIVE']}, '__v': {'types': ['int'], 'presence_rate': '100%', 'sample_values': []}}","users, roads",Internal,ok
inventoryhistories,Inventory Histories,Resources & Inventory,"This collection serves as an audit log, recording all historical changes made to inventory items. Each document represents a single modification, capturing the field that was altered, the values before and after the change, and the user who performed the action.",Inventory History Record,"inventoryId, userId, field, action, createdAt","__v, _id, action, createdAt, field, inventoryId, roadId, userId, valueAfter, valueBefore","{'userId': {'types': ['ObjectId'], 'presence_rate': '100%', 'sample_values': []}, 'inventoryId': {'types': ['ObjectId'], 'presence_rate': '100%', 'sample_values': []}, 'field': {'types': ['str'], 'presence_rate': '100%', 'sample_values': ['NEW INVENTORY', 'assetDescription', 'images', 'status']}, 'action': {'types': ['str'], 'presence_rate': '100%', 'sample_values': ['Edited Asset Description from ""MS Trolly"" to ""MS Trolly (scrape )""', 'Edited Status from ""ACTIVE"" to ""IN-ACTIVE""', 'New inventory added', 'User added a new Image']}, 'createdAt': {'types': ['datetime'], 'presence_rate': '100%', 'sample_values': []}, 'roadId': {'types': ['ObjectId'], 'presence_rate': '100%', 'sample_values': []}, '__v': {'types': ['int'], 'presence_rate': '100%', 'sample_values': []}, 'valueBefore': {'types': ['str'], 'presence_rate': '12%', 'sample_values': ['20 KVA UPS System', '8TB EXTERNAL HARDDISK', 'ACTIVE', 'Aluminium storage box', 'Bike Prassion PRO BS6', 'CO2 Fire Extinguisher 4.5 KG']}, 'valueAfter': {'types': ['str'], 'presence_rate': '18%', 'sample_values': ['20 KVA UPS System airtel server room', '8TB EXTERNAL HARDDISK server room tp 1', 'Aluminium storage box in balcony SPV BUILDING ', 'Bike Prassion PRO BS6 AP 39 MQ 7460 ', 'CO2 Fire Extinguisher 4.5 KG control room', 'Chair ( Thames High Back )(admin building beside store room)']}}","inventories, users, roads",Internal,ok
invoicehistories,Invoice Histories,Administration,"Stores a historical log of all changes made to invoices, including creation and modifications to specific fields. Each document represents a single audit trail entry for an invoice.",Invoice Change History,"invoiceId, field, action, userId, createdAt","__v, _id, action, createdAt, field, invoiceId, roadId, userId, valueAfter, valueBefore","{'userId': {'types': ['ObjectId'], 'presence_rate': '100%', 'sample_values': []}, 'invoiceId': {'types': ['ObjectId'], 'presence_rate': '100%', 'sample_values': []}, 'field': {'types': ['str'], 'presence_rate': '100%', 'sample_values': ['NEW INVOICE', 'amount', 'grossAmount', 'gstPercentage', 'invoiceDate', 'invoiceNumber']}, 'action': {'types': ['str'], 'presence_rate': '100%', 'sample_values': ['Edited Amount from ""0"" to ""248931""', 'Edited Amount from ""1000001"" to ""100000""', 'Edited Gross Amount from ""118000"" to ""110000""', 'Edited Gst Percentage from ""18"" to ""0""', 'Edited Invoice Number from ""Inv202324045"" to ""Inv202324245""', 'Edited Invoice Number from ""Inv202324076"" to ""00""']}, 'createdAt': {'types': ['datetime'], 'presence_rate': '100%', 'sample_values': []}, 'roadId': {'types': ['ObjectId'], 'presence_rate': '100%', 'sample_values': []}, '__v': {'types': ['int'], 'presence_rate': '100%', 'sample_values': []}, 'valueBefore': {'types': ['str'], 'presence_rate': '76%', 'sample_values': ['0', '0.6', '10', '10000', '1000001', '108000']}, 'valueAfter': {'types': ['str'], 'presence_rate': '83%', 'sample_values': ['0', '00', '100000', '110000', '116000', '170000']}}","invoices, users, roads",Confidential,ok
invoices,Invoices,Administration,"This collection stores detailed records of invoices for services rendered, including financial amounts, payment status, and tax details. Each invoice is linked to a specific work order, payment schedule, and road project.",Invoice,"invoiceNumber, status, grossAmount, netReceived, invoiceDate","__v, _id, amount, createdAt, createdBy, grossAmount, gstAmount, gstPercentage, invoiceDate, invoiceNumber, natureOfService, netReceived, otherDeductions, paymentReceiptDate, paymentScheduleId, receivedAmountDetails, roadId, status, tdsDeducted, tdsPercentage, title, updatedAt, updatedBy, workOrderId","{'status': {'types': ['str'], 'presence_rate': '100%', 'sample_values': ['COMPLETED', 'IN-PROGRESS']}, 'invoiceNumber': {'types': ['str'], 'presence_rate': '100%', 'sample_values': ['140', '156', '210', '2483', '2526', '2534']}, 'invoiceDate': {'types': ['datetime'], 'presence_rate': '100%', 'sample_values': []}, 'amount': {'types': ['int', 'float'], 'presence_rate': '100%', 'sample_values': []}, 'gstAmount': {'types': ['int', 'float'], 'presence_rate': '100%', 'sample_values': []}, 'natureOfService': {'types': ['str'], 'presence_rate': '99%', 'sample_values': ['""Lender\'s Engineer Services for Kundli - Manesar\nExpressway""\n', 'ATCC Vision based Supply- Vijaywada\nItem Supplied\n', 'Construction Progress Report\nfor May-23', 'LIE Service Charges for\nQuarter Ended on March-23', 'LIE Service Charges for Quarter Ended on Dec 23', ""Lender's Engineer Services for\nKundli - Manesar Expressway""]}, 'workOrderId': {'types': ['ObjectId'], 'presence_rate': '100%', 'sample_values': []}, 'paymentScheduleId': {'types': ['ObjectId'], 'presence_rate': '100%', 'sample_values': []}, 'createdAt': {'types': ['datetime'], 'presence_rate': '100%', 'sample_values': []}, 'createdBy': {'types': ['ObjectId'], 'presence_rate': '100%', 'sample_values': []}, 'updatedAt': {'types': ['datetime'], 'presence_rate': '100%', 'sample_values': []}, 'updatedBy': {'types': ['ObjectId'], 'presence_rate': '100%', 'sample_values': []}, 'roadId': {'types': ['ObjectId'], 'presence_rate': '100%', 'sample_values': []}, 'title': {'types': ['str'], 'presence_rate': '100%', 'sample_values': ['INVOICE-10', 'INVOICE-105', 'INVOICE-106', 'INVOICE-109', 'INVOICE-11', 'INVOICE-111']}, 'grossAmount': {'types': ['int', 'float'], 'presence_rate': '100%', 'sample_values': []}, 'tdsDeducted': {'types': ['int', 'float'], 'presence_rate': '100%', 'sample_values': []}, 'netReceived': {'types': ['int', 'float'], 'presence_rate': '100%', 'sample_values': []}, '__v': {'types': ['int'], 'presence_rate': '100%', 'sample_values': []}, 'paymentReceiptDate': {'types': ['datetime'], 'presence_rate': '27%', 'sample_values': []}, 'receivedAmountDetails': {'types': ['list'], 'presence_rate': '100%', 'sample_values': []}, 'gstPercentage': {'types': ['int'], 'presence_rate': '62%', 'sample_values': []}, 'tdsPercentage': {'types': ['int', 'float'], 'presence_rate': '62%', 'sample_values': []}, 'otherDeductions': {'types': ['NoneType'], 'presence_rate': '1%', 'sample_values': []}}","workorders, paymentschedules, roads, users",Confidential,ok
issuehistories,Issue Histories,Inspections & Tasks,"An audit trail collection that records every historical change, comment, or action performed on an issue. Each document represents a single event in an issue's lifecycle, tracking the field modified, the values before and after the change, and the user who performed the action.",Issue History Event,"issueId, field, action, userId, createdAt","__v, _id, action, createdAt, createdBy, field, issueId, roadId, updatedAt, updatedBy, userId, valueAfter, valueBefore","{'userId': {'types': ['ObjectId'], 'presence_rate': '100%', 'sample_values': []}, 'issueId': {'types': ['ObjectId'], 'presence_rate': '100%', 'sample_values': []}, 'valueAfter': {'types': ['str'], 'presence_rate': '90%', 'sample_values': ['609ce2ae23b13d1e64538d5a', '61ed62fb3e08c401f0d71c4a', '61ed62fb3e08c401f0d71cc5', '61ed62fb3e08c401f0d71d01', '61ed62fb3e08c401f0d71d40', '61ed62fb3e08c401f0d71d5e']}, 'field': {'types': ['str'], 'presence_rate': '100%', 'sample_values': ['COMMENT', 'NEW ISSUE', 'assignedTo', 'authorityType', 'closedBy', 'closedDate']}, 'action': {'types': ['str'], 'presence_rate': '100%', 'sample_values': ['Added a comment - ""After installation completed ""', 'Added a comment - ""Issue created from Admin panel""', 'Added a comment - ""It is under Miryalaguda Muncipality Scope ""', 'Added a comment - ""Removed.""', 'Added a comment - ""kerb side area not cleaned.""', 'Added a comment - Drainage spouts are not available as per As built drawing.']}, 'createdAt': {'types': ['datetime'], 'presence_rate': '100%', 'sample_values': []}, 'roadId': {'types': ['ObjectId'], 'presence_rate': '100%', 'sample_values': []}, '__v': {'types': ['int'], 'presence_rate': '100%', 'sample_values': []}, 'createdBy': {'types': ['ObjectId'], 'presence_rate': '7%', 'sample_values': []}, 'updatedAt': {'types': ['datetime'], 'presence_rate': '7%', 'sample_values': []}, 'updatedBy': {'types': ['ObjectId'], 'presence_rate': '7%', 'sample_values': []}, 'valueBefore': {'types': ['str'], 'presence_rate': '32%', 'sample_values': ['61ed62fb3e08c401f0d71c4a', '61ed62fb3e08c401f0d71d01', '61ed62fb3e08c401f0d71d5e', '61ed62fb3e08c401f0d71dcd', '61ed62fb3e08c401f0d71dd0', '61ed62fb3e08c401f0d71e26']}}","issues, users, roads",Internal,ok
issues,Highway Issues,Inspections & Tasks,"This collection stores records of all identified issues, defects, or incidents on the highway network. Each document tracks the lifecycle of an issue, including its type, category, location, priority, assignment, status, and resolution details.",Issue Report,"status, categoryName, priority, createdAt, chainage","__v, _id, accidentId, actionInformation, actionTaken, actualEncroachmentDate, additionalInformation, assignedAt, assignedTo, audioURL, authoritySubType, authorityType, breadth, categoryName, chainage, chainageTo, closedBy, closedDate, colour, createdAt, createdBy, depth, description, direction, expectedCompletionDate, expectedCompletionDateComments, expectedCompletionTime, finalWorkImage, icLetterId, images, issueTypeId, laneClosureStartDate, laneType, length, location, observer, offsetFromKerb, otherSignboardName, priority, properties, providedTreatment, reasonForIssue, reportType, reportedBy, roadAssetId, roadId, roadType, signBoardClassification, signboardName, signboardType, similarIssues, status, subCategory, subType, targetDate, tentativeBreadth, tentativeDepth, tentativeLength, tentativeSize, title, treatmentChainageFrom, treatmentChainageTo, treatmentDate, treatmentDepth, treatmentLength, treatmentWidth, updatedAt, updatedBy, wheelpath, workCategory, workStartImage","{'priority': {'types': ['str'], 'presence_rate': '94%', 'sample_values': ['HIGH', 'LOW', 'MEDIUM']}, 'authorityType': {'types': ['str'], 'presence_rate': '100%', 'sample_values': ['IC', 'INTERNAL', 'MANAGEMENT INSPECTION', 'ML']}, 'laneType': {'types': ['list'], 'presence_rate': '98%', 'sample_values': []}, 'issueTypeId': {'types': ['ObjectId'], 'presence_rate': '100%', 'sample_values': []}, 'categoryName': {'types': ['str'], 'presence_rate': '100%', 'sample_values': ['Highway', 'Incident', 'Pavement', 'Road Furniture', 'Structures', 'Toll Plaza']}, 'direction': {'types': ['str'], 'presence_rate': '100%', 'sample_values': ['BHS', 'LHS', 'MEDIAN', 'RHS']}, 'location': {'types': ['dict'], 'presence_rate': '83%', 'sample_values': []}, 'location.type': {'types': ['str'], 'presence_rate': '83%', 'sample_values': ['Point']}, 'location.coordinates': {'types': ['list'], 'presence_rate': '83%', 'sample_values': []}, 'location._id': {'types': ['ObjectId'], 'presence_rate': '83%', 'sample_values': []}, 'description': {'types': ['str'], 'presence_rate': '99%', 'sample_values': ['', '1 mtr PGR', '3wheller auto back tyre burst safety provide ', 'A Swami hotel board remove from on the row Seema by route team clear', 'APSRTC Bus Stop Board removed ', 'An unauthorised encouragement (advertisement board) removed by rpv team']}, 'additionalInformation': {'types': ['str'], 'presence_rate': '25%', 'sample_values': ['-', '106+200 to 106+800', '217+025 to', 'Advertising poster', 'Cable dressing work 150 meter', 'Ch no 35+280 u/f over clear Sir']}, 'chainage': {'types': ['int', 'float'], 'presence_rate': '100%', 'sample_values': []}, 'reportedBy': {'types': ['ObjectId'], 'presence_rate': '100%', 'sample_values': []}, 'createdAt': {'types': ['datetime'], 'presence_rate': '100%', 'sample_values': []}, 'status': {'types': ['str'], 'presence_rate': '100%', 'sample_values': ['CLOSED', 'COMPLETED', 'DUPLICATE', 'IN-PROGRESS', 'NO-ISSUE', 'OPEN']}, 'roadType': {'types': ['str'], 'presence_rate': '100%', 'sample_values': ['CR', 'MCW', 'SR']}, 'breadth': {'types': ['int', 'NoneType', 'float'], 'presence_rate': '71%', 'sample_values': []}, 'roadId': {'types': ['ObjectId'], 'presence_rate': '100%', 'sample_values': []}, 'depth': {'types': ['NoneType', 'float'], 'presence_rate': '69%', 'sample_values': []}, 'workStartImage': {'types': ['int'], 'presence_rate': '93%', 'sample_values': []}, 'finalWorkImage': {'types': ['int'], 'presence_rate': '93%', 'sample_values': []}, 'properties': {'types': ['dict'], 'presence_rate': '100%', 'sample_values': []}, 'properties.Dead Animal': {'types': ['bool'], 'presence_rate': '19%', 'sample_values': []}, 'properties.Unwanted Material': {'types': ['bool'], 'presence_rate': '20%', 'sample_values': []}, 'properties.Encrochment': {'types': ['bool'], 'presence_rate': '19%', 'sample_values': []}, 'properties.Unattended Vehicle': {'types': ['bool'], 'presence_rate': '19%', 'sample_values': []}, 'properties.Vehicle Breakdown': {'types': ['bool'], 'presence_rate': '20%', 'sample_values': []}, 'properties.Other': {'types': ['bool'], 'presence_rate': '73%', 'sample_values': []}, 'targetDate': {'types': ['datetime'], 'presence_rate': '99%', 'sample_values': []}, 'expectedCompletionDate': {'types': ['datetime'], 'presence_rate': '99%', 'sample_values': []}, 'title': {'types': ['str'], 'presence_rate': '100%', 'sample_values': ['HW-10668', 'HW-11933', 'HW-12238', 'HW-12948', 'HW-13931', 'HW-1442']}, 'images': {'types': ['list'], 'presence_rate': '100%', 'sample_values': []}, 'createdBy': {'types': ['ObjectId'], 'presence_rate': '99%', 'sample_values': []}, 'updatedAt': {'types': ['datetime'], 'presence_rate': '100%', 'sample_values': []}, 'updatedBy': {'types': ['ObjectId'], 'presence_rate': '100%', 'sample_values': []}, '__v': {'types': ['int'], 'presence_rate': '100%', 'sample_values': []}, 'assignedAt': {'types': ['datetime'], 'presence_rate': '83%', 'sample_values': []}, 'assignedTo': {'types': ['ObjectId'], 'presence_rate': '83%', 'sample_values': []}, 'closedBy': {'types': ['ObjectId'], 'presence_rate': '91%', 'sample_values': []}, 'closedDate': {'types': ['datetime'], 'presence_rate': '91%', 'sample_values': []}, 'similarIssues': {'types': ['list'], 'presence_rate': '59%', 'sample_values': []}, 'subCategory': {'types': ['str'], 'presence_rate': '9%', 'sample_values': ['Left', 'Normal Street Light', 'Right']}, 'reasonForIssue': {'types': ['str'], 'presence_rate': '49%', 'sample_values': ['Accident', 'Construction Fault', 'Maintenance Issue', 'Natural Calamity', 'Operational Issue', 'Other']}, 'signboardType': {'types': ['str'], 'presence_rate': '9%', 'sample_values': ['Single Pole Signboard']}, 'signBoardClassification': {'types': ['str'], 'presence_rate': '9%', 'sample_values': ['Cautionary Sign board', 'Mandatory Sign board']}, 'signboardName': {'types': ['str'], 'presence_rate': '8%', 'sample_values': ['Gap In Median', 'Median Opening', 'Object Hazard Marker (left)', 'Object Hazard Marker-Right', 'Others', 'Right Hand Curve']}, 'otherSignboardName': {'types': ['str'], 'presence_rate': '3%', 'sample_values': ['60 Speed Limit board ', 'Chevron sign board ', 'Chevron signboard ', 'Left object road access bord']}, 'properties.Missing': {'types': ['bool'], 'presence_rate': '15%', 'sample_values': []}, 'properties.Physical Damage': {'types': ['bool'], 'presence_rate': '11%', 'sample_values': []}, 'properties.Improper Visiblity': {'types': ['bool'], 'presence_rate': '11%', 'sample_values': []}, 'properties.Relocation Required': {'types': ['bool'], 'presence_rate': '7%', 'sample_values': []}, 'properties.Remove SignBoard': {'types': ['bool'], 'presence_rate': '7%', 'sample_values': []}, 'properties.New Installation': {'types': ['bool'], 'presence_rate': '19%', 'sample_values': []}, 'workCategory': {'types': ['str'], 'presence_rate': '59%', 'sample_values': ['Routine Maintenance', 'Systems/ATMS/HTMS']}, 'properties.Edge Drop': {'types': ['bool'], 'presence_rate': '3%', 'sample_values': []}, 'length': {'types': ['int', 'float'], 'presence_rate': '27%', 'sample_values': []}, 'expectedCompletionDateComments': {'types': ['str'], 'presence_rate': '7%', 'sample_values': ['-', '09.10.2024', '30 days', 'As per CA 1 month is deadline for IC issue points.', 'Completion ', 'IC letter compliance 30 days.']}, 'properties.Less than 25 mm (Low)': {'types': ['bool'], 'presence_rate': '3%', 'sample_values': []}, 'wheelpath': {'types': ['str'], 'presence_rate': '3%', 'sample_values': ['No', 'Yes']}, 'offsetFromKerb': {'types': ['int', 'float'], 'presence_rate': '3%', 'sample_values': []}, 'chainageTo': {'types': ['int', 'float'], 'presence_rate': '3%', 'sample_values': []}, 'providedTreatment': {'types': ['str'], 'presence_rate': '3%', 'sample_values': ['Crack Sealing', 'Micro surfacing', 'Pothole Repair']}, 'treatmentChainageFrom': {'types': ['float'], 'presence_rate': '3%', 'sample_values': []}, 'treatmentChainageTo': {'types': ['float'], 'presence_rate': '3%', 'sample_values': []}, 'treatmentDepth': {'types': ['float'], 'presence_rate': '3%', 'sample_values': []}, 'treatmentLength': {'types': ['int', 'float'], 'presence_rate': '3%', 'sample_values': []}, 'treatmentWidth': {'types': ['int', 'float'], 'presence_rate': '3%', 'sample_values': []}, 'treatmentDate': {'types': ['datetime'], 'presence_rate': '3%', 'sample_values': []}, 'subType': {'types': ['str'], 'presence_rate': '61%', 'sample_values': ['Blinkers', 'Box Culvert', 'Centre Line', 'Edge Line', 'Facility Lighting (Mention facility name)', 'Foundation']}, 'properties.Debris': {'types': ['bool'], 'presence_rate': '16%', 'sample_values': []}, 'properties.Unclean': {'types': ['bool'], 'presence_rate': '18%', 'sample_values': []}, 'properties.Slippery Material on Pavement': {'types': ['bool'], 'presence_rate': '11%', 'sample_values': []}, 'reportType': {'types': ['str'], 'presence_rate': '2%', 'sample_values': ['Minor Report']}, 'icLetterId': {'types': ['ObjectId'], 'presence_rate': '15%', 'sample_values': []}, 'properties.Crash Barrier/Handrail Damaged': {'types': ['bool'], 'presence_rate': '2%', 'sample_values': []}, 'properties.Railing Damaged': {'types': ['bool'], 'presence_rate': '2%', 'sample_values': []}, 'properties.Expansion Joint Damaged': {'types': ['bool'], 'presence_rate': '2%', 'sample_values': []}, 'properties.Drainage Sprouts Chocked': {'types': ['bool'], 'presence_rate': '2%', 'sample_values': []}, 'properties.Vegetation on Structure': {'types': ['bool'], 'presence_rate': '2%', 'sample_values': []}, 'properties.Vegetation on RE/Retaining Wall': {'types': ['bool'], 'presence_rate': '2%', 'sample_values': []}, 'actionTaken': {'types': ['str'], 'presence_rate': '17%', 'sample_values': ['Discussed with Owner', 'Notice Given', 'Removed']}, 'properties.Advertisement Board': {'types': ['bool'], 'presence_rate': '14%', 'sample_values': []}, 'properties.Shelter': {'types': ['bool'], 'presence_rate': '15%', 'sample_values': []}, 'properties.Construction Material': {'types': ['bool'], 'presence_rate': '13%', 'sample_values': []}, 'actualEncroachmentDate': {'types': ['datetime'], 'presence_rate': '11%', 'sample_values': []}, 'actionInformation': {'types': ['dict'], 'presence_rate': '1%', 'sample_values': []}, 'actionInformation.noticeNumber': {'types': ['str'], 'presence_rate': '1%', 'sample_values': ['79']}, 'actionInformation.noticeDate': {'types': ['str'], 'presence_rate': '1%', 'sample_values': ['2025-02-20T06:29:00.000Z']}, 'properties.Improper Connection with other barriers': {'types': ['bool'], 'presence_rate': '1%', 'sample_values': []}, 'properties.Inadequate': {'types': ['bool'], 'presence_rate': '3%', 'sample_values': []}, 'properties.Overgrown': {'types': ['bool'], 'presence_rate': '3%', 'sample_values': []}, 'properties.Physically Damaged': {'types': ['bool'], 'presence_rate': '5%', 'sample_values': []}, 'properties.Functional Damage': {'types': ['bool'], 'presence_rate': '3%', 'sample_values': []}, 'properties.Components missing': {'types': ['bool'], 'presence_rate': '2%', 'sample_values': []}, 'properties.Misalignment': {'types': ['bool'], 'presence_rate': '7%', 'sample_values': []}, 'properties.Street light': {'types': ['bool'], 'presence_rate': '1%', 'sample_values': []}, 'properties.Major fault': {'types': ['bool'], 'presence_rate': '1%', 'sample_values': []}, 'properties.Minor fault': {'types': ['bool'], 'presence_rate': '1%', 'sample_values': []}, 'roadAssetId': {'types': ['ObjectId'], 'presence_rate': '8%', 'sample_values': []}, 'properties.25-50 mm (Medium)': {'types': ['bool'], 'presence_rate': '1%', 'sample_values': []}, 'properties.Greater than 50 mm (High)': {'types': ['bool'], 'presence_rate': '1%', 'sample_values': []}, 'properties.Damaged': {'types': ['bool'], 'presence_rate': '4%', 'sample_values': []}, 'properties.Sharp Edges': {'types': ['bool'], 'presence_rate': '3%', 'sample_values': []}, 'properties.Not Present': {'types': ['bool'], 'presence_rate': '1%', 'sample_values': []}, 'properties.Painting damage': {'types': ['bool'], 'presence_rate': '4%', 'sample_values': []}, 'properties.Obstructed': {'types': ['bool'], 'presence_rate': '1%', 'sample_values': []}, 'authoritySubType': {'types': ['str'], 'presence_rate': '1%', 'sample_values': ['IC Letter Observation']}, 'observer': {'types': ['ObjectId'], 'presence_rate': '2%', 'sample_values': []}, 'tentativeSize': {'types': ['str'], 'presence_rate': '2%', 'sample_values': ['600*500', '900']}, 'properties.Settlement': {'types': ['bool'], 'presence_rate': '5%', 'sample_values': []}, 'properties.Structural Deterioration': {'types': ['bool'], 'presence_rate': '5%', 'sample_values': []}, 'properties.Inadequate Drainage / Blockage': {'types': ['bool'], 'presence_rate': '5%', 'sample_values': []}, 'properties.Slope failure': {'types': ['bool'], 'presence_rate': '5%', 'sample_values': []}, 'properties.Overflow': {'types': ['bool'], 'presence_rate': '5%', 'sample_values': []}, 'properties.Cover Missing': {'types': ['bool'], 'presence_rate': '5%', 'sample_values': []}, 'properties.Cover damaged': {'types': ['bool'], 'presence_rate': '5%', 'sample_values': []}, 'properties.Desilting of drain in urban/semi-urban areas': {'types': ['bool'], 'presence_rate': '2%', 'sample_values': []}, 'properties.Damage to or silting side drains during and immediately preceding the rainy season': {'types': ['bool'], 'presence_rate': '2%', 'sample_values': []}, 'properties.Inadequate Dimensions': {'types': ['bool'], 'presence_rate': '2%', 'sample_values': []}, 'properties.Rain Cuts': {'types': ['bool'], 'presence_rate': '2%', 'sample_values': []}, 'properties.Water Logged': {'types': ['bool'], 'presence_rate': '2%', 'sample_values': []}, 'properties.Skid': {'types': ['bool'], 'presence_rate': '3%', 'sample_values': []}, 'properties.Wear': {'types': ['bool'], 'presence_rate': '3%', 'sample_values': []}, 'properties.Non Functional': {'types': ['bool'], 'presence_rate': '1%', 'sample_values': []}, 'properties.Electrical Issues': {'types': ['bool'], 'presence_rate': '1%', 'sample_values': []}, 'properties.Less than 3 mm wide (Low)': {'types': ['bool'], 'presence_rate': '1%', 'sample_values': []}, 'properties.Greater than 3 mm wide (High)': {'types': ['bool'], 'presence_rate': '1%', 'sample_values': []}, 'properties.Cracking in more than 5% of the road surface in a 1 Km Stretch': {'types': ['bool'], 'presence_rate': '1%', 'sample_values': []}, 'properties.Greater 3 mm wide (High)': {'types': ['bool'], 'presence_rate': '1%', 'sample_values': []}}","issuetypes, users, roads, roadassets, icletters",Internal,ok
issuetimelines,Issue Timelines,Inspections & Tasks,"Stores the standard resolution timeframes or Service Level Agreements (SLAs) for different types and severities of issues identified on highways. Each record defines the expected duration to address a specific issue, linking it to a category, issue type, and road.",Issue Resolution Timeline,"property, issueTypeId, duration, unit","_id, categoryId, createdAt, duration, issueTypeId, property, roadId, unit","{'property': {'types': ['str'], 'presence_rate': '97%', 'sample_values': ['25-50 mm (Medium)', '5-10 % Bitumen (Low)', '5-10 mm (Medium)', 'Accident', 'Apron Damaged/Disturbed', 'Bearings']}, 'categoryId': {'types': ['ObjectId'], 'presence_rate': '100%', 'sample_values': []}, 'issueTypeId': {'types': ['ObjectId'], 'presence_rate': '100%', 'sample_values': []}, 'roadId': {'types': ['ObjectId'], 'presence_rate': '100%', 'sample_values': []}, 'duration': {'types': ['int'], 'presence_rate': '100%', 'sample_values': []}, 'unit': {'types': ['str'], 'presence_rate': '100%', 'sample_values': ['days', 'hours', 'months']}, 'createdAt': {'types': ['datetime'], 'presence_rate': '100%', 'sample_values': []}}","issuetypes, roads",Internal,ok
issuetypes,Issue Types,Inspections & Tasks,"This collection acts as a master configuration table defining the various types of maintenance issues that can be reported on the highway infrastructure. Each document specifies an issue's name, its properties, category, sub-category, severity, and the standard timeline for its resolution.",Issue Type,"name, categoryId, type, subCategory, timelines","_id, categoryId, name, oldIds, properties, subCategory, timelines, type","{'name': {'types': ['str'], 'presence_rate': '100%', 'sample_values': ['ATMS', 'Admin Building', 'Alligator cracks', 'Amenities', 'Antiglazers', 'Block cracks']}, 'properties': {'types': ['list'], 'presence_rate': '100%', 'sample_values': []}, 'categoryId': {'types': ['ObjectId'], 'presence_rate': '100%', 'sample_values': []}, 'timelines': {'types': ['dict'], 'presence_rate': '91%', 'sample_values': []}, 'timelines.Ravelling': {'types': ['dict'], 'presence_rate': '1%', 'sample_values': []}, 'timelines.Ravelling.duration': {'types': ['int'], 'presence_rate': '1%', 'sample_values': []}, 'timelines.Ravelling.unit': {'types': ['str'], 'presence_rate': '1%', 'sample_values': ['days']}, 'oldIds': {'types': ['dict'], 'presence_rate': '90%', 'sample_values': []}, 'oldIds.61d305b0895e77083aeb40d6': {'types': ['ObjectId'], 'presence_rate': '90%', 'sample_values': []}, 'oldIds.61d306a88d665d084749965f': {'types': ['ObjectId'], 'presence_rate': '90%', 'sample_values': []}, 'oldIds.61d306d92d54b10853bccd41': {'types': ['ObjectId'], 'presence_rate': '90%', 'sample_values': []}, 'oldIds.61d306f9616ce9085f1a28b9': {'types': ['ObjectId'], 'presence_rate': '90%', 'sample_values': []}, 'oldIds.61d30762052dd8086b7ecbe4': {'types': ['ObjectId'], 'presence_rate': '90%', 'sample_values': []}, 'oldIds.61d30786851a1308777c3a22': {'types': ['ObjectId'], 'presence_rate': '90%', 'sample_values': []}, 'oldIds.61d307b3c1c073089ca40b33': {'types': ['ObjectId'], 'presence_rate': '90%', 'sample_values': []}, 'oldIds.61d3081bf9229608a8b197a4': {'types': ['ObjectId'], 'presence_rate': '90%', 'sample_values': []}, 'oldIds.61d308681f872e08b4a74efd': {'types': ['ObjectId'], 'presence_rate': '90%', 'sample_values': []}, 'oldIds.61d308d314d50f08c0a90e5d': {'types': ['ObjectId'], 'presence_rate': '90%', 'sample_values': []}, 'oldIds.61d308f52a58ce08ccef6dee': {'types': ['ObjectId'], 'presence_rate': '90%', 'sample_values': []}, 'oldIds.61d3091270d81108d81538c5': {'types': ['ObjectId'], 'presence_rate': '90%', 'sample_values': []}, 'oldIds.61d309329d480f08e4126839': {'types': ['ObjectId'], 'presence_rate': '90%', 'sample_values': []}, 'oldIds.61d309697620ec08f05ae6bc': {'types': ['ObjectId'], 'presence_rate': '90%', 'sample_values': []}, 'timelines.ROW Fencing': {'types': ['dict'], 'presence_rate': '1%', 'sample_values': []}, 'timelines.ROW Fencing.duration': {'types': ['int'], 'presence_rate': '1%', 'sample_values': []}, 'timelines.ROW Fencing.unit': {'types': ['str'], 'presence_rate': '1%', 'sample_values': ['days']}, 'type': {'types': ['str'], 'presence_rate': '37%', 'sample_values': ['Major', 'Minor']}, 'subCategory': {'types': ['str'], 'presence_rate': '29%', 'sample_values': ['Flyover', 'Foot Over Bridge', 'Major Bridge', 'Minor Bridge', 'Railway Bridges', 'Underpass']}, 'timelines.Super-Structure': {'types': ['dict'], 'presence_rate': '5%', 'sample_values': []}, 'timelines.Super-Structure.duration': {'types': ['int'], 'presence_rate': '5%', 'sample_values': []}, 'timelines.Super-Structure.unit': {'types': ['str'], 'presence_rate': '5%', 'sample_values': ['days']}, 'timelines.Pavement Marking': {'types': ['dict'], 'presence_rate': '1%', 'sample_values': []}, 'timelines.Pavement Marking.duration': {'types': ['int'], 'presence_rate': '1%', 'sample_values': []}, 'timelines.Pavement Marking.unit': {'types': ['str'], 'presence_rate': '1%', 'sample_values': ['days']}, 'timelines.Crash Barrier/Handrail Damaged': {'types': ['dict'], 'presence_rate': '7%', 'sample_values': []}, 'timelines.Crash Barrier/Handrail Damaged.duration': {'types': ['int'], 'presence_rate': '7%', 'sample_values': []}, 'timelines.Crash Barrier/Handrail Damaged.unit': {'types': ['str'], 'presence_rate': '7%', 'sample_values': ['days']}, 'timelines.Railing Damaged': {'types': ['dict'], 'presence_rate': '7%', 'sample_values': []}, 'timelines.Railing Damaged.duration': {'types': ['int'], 'presence_rate': '7%', 'sample_values': []}, 'timelines.Railing Damaged.unit': {'types': ['str'], 'presence_rate': '7%', 'sample_values': ['days']}, 'timelines.Expansion Joint Damaged': {'types': ['dict'], 'presence_rate': '7%', 'sample_values': []}, 'timelines.Expansion Joint Damaged.duration': {'types': ['int'], 'presence_rate': '7%', 'sample_values': []}, 'timelines.Expansion Joint Damaged.unit': {'types': ['str'], 'presence_rate': '7%', 'sample_values': ['days']}, 'timelines.Drainage Sprouts Chocked': {'types': ['dict'], 'presence_rate': '7%', 'sample_values': []}, 'timelines.Drainage Sprouts Chocked.duration': {'types': ['int'], 'presence_rate': '7%', 'sample_values': []}, 'timelines.Drainage Sprouts Chocked.unit': {'types': ['str'], 'presence_rate': '7%', 'sample_values': ['hours']}, 'timelines.Vegetation on Structure': {'types': ['dict'], 'presence_rate': '7%', 'sample_values': []}, 'timelines.Vegetation on Structure.duration': {'types': ['int'], 'presence_rate': '7%', 'sample_values': []}, 'timelines.Vegetation on Structure.unit': {'types': ['str'], 'presence_rate': '7%', 'sample_values': ['hours']}, 'timelines.Vegetation on RE/Retaining Wall': {'types': ['dict'], 'presence_rate': '7%', 'sample_values': []}, 'timelines.Vegetation on RE/Retaining Wall.duration': {'types': ['int'], 'presence_rate': '7%', 'sample_values': []}, 'timelines.Vegetation on RE/Retaining Wall.unit': {'types': ['str'], 'presence_rate': '7%', 'sample_values': ['hours']}, 'timelines.Retaining Wall': {'types': ['dict'], 'presence_rate': '5%', 'sample_values': []}, 'timelines.Retaining Wall.duration': {'types': ['int'], 'presence_rate': '5%', 'sample_values': []}, 'timelines.Retaining Wall.unit': {'types': ['str'], 'presence_rate': '5%', 'sample_values': ['days']}, 'timelines.Longitudinal cracks': {'types': ['dict'], 'presence_rate': '1%', 'sample_values': []}, 'timelines.Longitudinal cracks.duration': {'types': ['int'], 'presence_rate': '1%', 'sample_values': []}, 'timelines.Longitudinal cracks.unit': {'types': ['str'], 'presence_rate': '1%', 'sample_values': ['hours']}, 'timelines.Drain': {'types': ['dict'], 'presence_rate': '1%', 'sample_values': []}, 'timelines.Drain.duration': {'types': ['int'], 'presence_rate': '1%', 'sample_values': []}, 'timelines.Drain.unit': {'types': ['str'], 'presence_rate': '1%', 'sample_values': ['days']}, 'timelines.HTMS': {'types': ['dict'], 'presence_rate': '1%', 'sample_values': []}, 'timelines.HTMS.duration': {'types': ['int'], 'presence_rate': '1%', 'sample_values': []}, 'timelines.HTMS.unit': {'types': ['str'], 'presence_rate': '1%', 'sample_values': ['hours']}, 'timelines.Raise request': {'types': ['dict'], 'presence_rate': '1%', 'sample_values': []}, 'timelines.Raise request.duration': {'types': ['int'], 'presence_rate': '1%', 'sample_values': []}, 'timelines.Raise request.unit': {'types': ['str'], 'presence_rate': '1%', 'sample_values': ['days']}, 'timelines.Lane Closure': {'types': ['dict'], 'presence_rate': '1%', 'sample_values': []}, 'timelines.Lane Closure.duration': {'types': ['int'], 'presence_rate': '1%', 'sample_values': []}, 'timelines.Lane Closure.unit': {'types': ['str'], 'presence_rate': '1%', 'sample_values': ['hours']}, 'timelines.Foundation': {'types': ['dict'], 'presence_rate': '7%', 'sample_values': []}, 'timelines.Foundation.duration': {'types': ['int'], 'presence_rate': '7%', 'sample_values': []}, 'timelines.Foundation.unit': {'types': ['str'], 'presence_rate': '7%', 'sample_values': ['days']}, 'timelines.Amenities': {'types': ['dict'], 'presence_rate': '1%', 'sample_values': []}, 'timelines.Amenities.duration': {'types': ['int'], 'presence_rate': '1%', 'sample_values': []}, 'timelines.Amenities.unit': {'types': ['str'], 'presence_rate': '1%', 'sample_values': ['days']}, 'timelines.Alligator cracks': {'types': ['dict'], 'presence_rate': '1%', 'sample_values': []}, 'timelines.Alligator cracks.duration': {'types': ['int'], 'presence_rate': '1%', 'sample_values': []}, 'timelines.Alligator cracks.unit': {'types': ['str'], 'presence_rate': '1%', 'sample_values': ['hours']}, 'timelines.Semi-Rigid Barriers': {'types': ['dict'], 'presence_rate': '1%', 'sample_values': []}, 'timelines.Semi-Rigid Barriers.duration': {'types': ['int'], 'presence_rate': '1%', 'sample_values': []}, 'timelines.Semi-Rigid Barriers.unit': {'types': ['str'], 'presence_rate': '1%', 'sample_values': ['days']}, 'timelines.Kilometre stones': {'types': ['dict'], 'presence_rate': '1%', 'sample_values': []}, 'timelines.Kilometre stones.duration': {'types': ['int'], 'presence_rate': '1%', 'sample_values': []}, 'timelines.Kilometre stones.unit': {'types': ['str'], 'presence_rate': '1%', 'sample_values': ['hours']}, 'timelines.TMS Components': {'types': ['dict'], 'presence_rate': '1%', 'sample_values': []}, 'timelines.TMS Components.duration': {'types': ['int'], 'presence_rate': '1%', 'sample_values': []}, 'timelines.TMS Components.unit': {'types': ['str'], 'presence_rate': '1%', 'sample_values': ['hours']}, 'timelines.Delamination': {'types': ['dict'], 'presence_rate': '1%', 'sample_values': []}, 'timelines.Delamination.duration': {'types': ['int'], 'presence_rate': '1%', 'sample_values': []}, 'timelines.Delamination.unit': {'types': ['str'], 'presence_rate': '1%', 'sample_values': ['days']}, 'timelines.Sub-Structure': {'types': ['dict'], 'presence_rate': '5%', 'sample_values': []}, 'timelines.Sub-Structure.duration': {'types': ['int'], 'presence_rate': '5%', 'sample_values': []}, 'timelines.Sub-Structure.unit': {'types': ['str'], 'presence_rate': '5%', 'sample_values': ['days']}, 'timelines.Object Painting': {'types': ['dict'], 'presence_rate': '1%', 'sample_values': []}, 'timelines.Object Painting.duration': {'types': ['int'], 'presence_rate': '1%', 'sample_values': []}, 'timelines.Object Painting.unit': {'types': ['str'], 'presence_rate': '1%', 'sample_values': ['days']}, 'timelines.Miscellaneous': {'types': ['dict'], 'presence_rate': '1%', 'sample_values': []}, 'timelines.Miscellaneous.duration': {'types': ['int'], 'presence_rate': '1%', 'sample_values': []}, 'timelines.Miscellaneous.unit': {'types': ['str'], 'presence_rate': '1%', 'sample_values': ['days']}, 'timelines.Physical Components': {'types': ['dict'], 'presence_rate': '1%', 'sample_values': []}, 'timelines.Physical Components.duration': {'types': ['int'], 'presence_rate': '1%', 'sample_values': []}, 'timelines.Physical Components.unit': {'types': ['str'], 'presence_rate': '1%', 'sample_values': ['hours']}, 'timelines.Incidents': {'types': ['dict'], 'presence_rate': '1%', 'sample_values': []}, 'timelines.Incidents.duration': {'types': ['int'], 'presence_rate': '1%', 'sample_values': []}, 'timelines.Incidents.unit': {'types': ['str'], 'presence_rate': '1%', 'sample_values': ['hours']}, 'timelines.Staircase': {'types': ['dict'], 'presence_rate': '1%', 'sample_values': []}, 'timelines.Staircase.duration': {'types': ['int'], 'presence_rate': '1%', 'sample_values': []}, 'timelines.Staircase.unit': {'types': ['str'], 'presence_rate': '1%', 'sample_values': ['hours']}, 'timelines.RE Wall': {'types': ['dict'], 'presence_rate': '3%', 'sample_values': []}, 'timelines.RE Wall.duration': {'types': ['int'], 'presence_rate': '3%', 'sample_values': []}, 'timelines.RE Wall.unit': {'types': ['str'], 'presence_rate': '3%', 'sample_values': ['days']}, 'timelines.Traffic Blinkers & Signals': {'types': ['dict'], 'presence_rate': '1%', 'sample_values': []}, 'timelines.Traffic Blinkers & Signals.duration': {'types': ['int'], 'presence_rate': '1%', 'sample_values': []}, 'timelines.Traffic Blinkers & Signals.unit': {'types': ['str'], 'presence_rate': '1%', 'sample_values': ['days']}, 'timelines.Edge Break': {'types': ['dict'], 'presence_rate': '1%', 'sample_values': []}, 'timelines.Edge Break.duration': {'types': ['int'], 'presence_rate': '1%', 'sample_values': []}, 'timelines.Edge Break.unit': {'types': ['str'], 'presence_rate': '1%', 'sample_values': ['days']}, 'timelines.Pot hole': {'types': ['dict'], 'presence_rate': '1%', 'sample_values': []}, 'timelines.Pot hole.duration': {'types': ['int'], 'presence_rate': '1%', 'sample_values': []}, 'timelines.Pot hole.unit': {'types': ['str'], 'presence_rate': '1%', 'sample_values': ['hours']}, 'timelines.Delineators /Guard Post': {'types': ['dict'], 'presence_rate': '1%', 'sample_values': []}, 'timelines.Delineators /Guard Post.duration': {'types': ['int'], 'presence_rate': '1%', 'sample_values': []}, 'timelines.Delineators /Guard Post.unit': {'types': ['str'], 'presence_rate': '1%', 'sample_values': ['days']}, 'timelines.Earthen Shoulder': {'types': ['dict'], 'presence_rate': '1%', 'sample_values': []}, 'timelines.Earthen Shoulder.duration': {'types': ['int'], 'presence_rate': '1%', 'sample_values': []}, 'timelines.Earthen Shoulder.unit': {'types': ['str'], 'presence_rate': '1%', 'sample_values': ['days']}, 'timelines.Block cracks': {'types': ['dict'], 'presence_rate': '1%', 'sample_values': []}, 'timelines.Block cracks.duration': {'types': ['int'], 'presence_rate': '1%', 'sample_values': []}, 'timelines.Block cracks.unit': {'types': ['str'], 'presence_rate': '1%', 'sample_values': ['hours']}, 'timelines.Kerb': {'types': ['dict'], 'presence_rate': '1%', 'sample_values': []}, 'timelines.Kerb.duration': {'types': ['int'], 'presence_rate': '1%', 'sample_values': []}, 'timelines.Kerb.unit': {'types': ['str'], 'presence_rate': '1%', 'sample_values': ['days']}, 'timelines.Rutting': {'types': ['dict'], 'presence_rate': '1%', 'sample_values': []}, 'timelines.Rutting.duration': {'types': ['int'], 'presence_rate': '1%', 'sample_values': []}, 'timelines.Rutting.unit': {'types': ['str'], 'presence_rate': '1%', 'sample_values': ['days']}, 'timelines.Hectometre stones': {'types': ['dict'], 'presence_rate': '1%', 'sample_values': []}, 'timelines.Hectometre stones.duration': {'types': ['int'], 'presence_rate': '1%', 'sample_values': []}, 'timelines.Hectometre stones.unit': {'types': ['str'], 'presence_rate': '1%', 'sample_values': ['hours']}, 'timelines.FOB': {'types': ['dict'], 'presence_rate': '1%', 'sample_values': []}, 'timelines.FOB.duration': {'types': ['int'], 'presence_rate': '1%', 'sample_values': []}, 'timelines.FOB.unit': {'types': ['str'], 'presence_rate': '1%', 'sample_values': ['days']}, 'timelines.ROW Cleaning Works': {'types': ['dict'], 'presence_rate': '1%', 'sample_values': []}, 'timelines.ROW Cleaning Works.duration': {'types': ['int'], 'presence_rate': '1%', 'sample_values': []}, 'timelines.ROW Cleaning Works.unit': {'types': ['str'], 'presence_rate': '1%', 'sample_values': ['days']}, 'timelines.Admin Building': {'types': ['dict'], 'presence_rate': '1%', 'sample_values': []}, 'timelines.Admin Building.duration': {'types': ['int'], 'presence_rate': '1%', 'sample_values': []}, 'timelines.Admin Building.unit': {'types': ['str'], 'presence_rate': '1%', 'sample_values': ['hours']}, 'timelines.Noise Barriers': {'types': ['dict'], 'presence_rate': '1%', 'sample_values': []}, 'timelines.Noise Barriers.duration': {'types': ['int'], 'presence_rate': '1%', 'sample_values': []}, 'timelines.Noise Barriers.unit': {'types': ['str'], 'presence_rate': '1%', 'sample_values': ['days']}, 'timelines.Patching': {'types': ['dict'], 'presence_rate': '1%', 'sample_values': []}, 'timelines.Patching.duration': {'types': ['int'], 'presence_rate': '1%', 'sample_values': []}, 'timelines.Patching.unit': {'types': ['str'], 'presence_rate': '1%', 'sample_values': ['hours']}, 'timelines.Sign Board': {'types': ['dict'], 'presence_rate': '1%', 'sample_values': []}, 'timelines.Sign Board.duration': {'types': ['int'], 'presence_rate': '1%', 'sample_values': []}, 'timelines.Sign Board.unit': {'types': ['str'], 'presence_rate': '1%', 'sample_values': ['days']}, 'timelines.Slope / Embankment': {'types': ['dict'], 'presence_rate': '1%', 'sample_values': []}, 'timelines.Slope / Embankment.duration': {'types': ['int'], 'presence_rate': '1%', 'sample_values': []}, 'timelines.Slope / Embankment.unit': {'types': ['str'], 'presence_rate': '1%', 'sample_values': ['days']}, 'timelines.Shoving': {'types': ['dict'], 'presence_rate': '1%', 'sample_values': []}, 'timelines.Shoving.duration': {'types': ['int'], 'presence_rate': '1%', 'sample_values': []}, 'timelines.Shoving.unit': {'types': ['str'], 'presence_rate': '1%', 'sample_values': ['days']}, 'timelines.Road Stud': {'types': ['dict'], 'presence_rate': '1%', 'sample_values': []}, 'timelines.Road Stud.duration': {'types': ['int'], 'presence_rate': '1%', 'sample_values': []}, 'timelines.Road Stud.unit': {'types': ['str'], 'presence_rate': '1%', 'sample_values': ['days']}, 'timelines.Transverse cracks': {'types': ['dict'], 'presence_rate': '1%', 'sample_values': []}, 'timelines.Transverse cracks.duration': {'types': ['int'], 'presence_rate': '1%', 'sample_values': []}, 'timelines.Transverse cracks.unit': {'types': ['str'], 'presence_rate': '1%', 'sample_values': ['days']}, 'timelines.Flushing / Bleeding': {'types': ['dict'], 'presence_rate': '1%', 'sample_values': []}, 'timelines.Flushing / Bleeding.duration': {'types': ['int'], 'presence_rate': '1%', 'sample_values': []}, 'timelines.Flushing / Bleeding.unit': {'types': ['str'], 'presence_rate': '1%', 'sample_values': ['days']}, 'timelines.Soil Filling': {'types': ['dict'], 'presence_rate': '1%', 'sample_values': []}, 'timelines.Soil Filling.duration': {'types': ['int'], 'presence_rate': '1%', 'sample_values': []}, 'timelines.Soil Filling.unit': {'types': ['str'], 'presence_rate': '1%', 'sample_values': ['days']}, 'timelines.Railing Damage': {'types': ['dict'], 'presence_rate': '1%', 'sample_values': []}, 'timelines.Railing Damage.duration': {'types': ['int'], 'presence_rate': '1%', 'sample_values': []}, 'timelines.Railing Damage.unit': {'types': ['str'], 'presence_rate': '1%', 'sample_values': ['days']}, 'timelines.Stairs Damaged': {'types': ['dict'], 'presence_rate': '1%', 'sample_values': []}, 'timelines.Stairs Damaged.duration': {'types': ['int'], 'presence_rate': '1%', 'sample_values': []}, 'timelines.Stairs Damaged.unit': {'types': ['str'], 'presence_rate': '1%', 'sample_values': ['hours']}, 'timelines.Lift Not Working': {'types': ['dict'], 'presence_rate': '1%', 'sample_values': []}, 'timelines.Lift Not Working.duration': {'types': ['int'], 'presence_rate': '1%', 'sample_values': []}, 'timelines.Lift Not Working.unit': {'types': ['str'], 'presence_rate': '1%', 'sample_values': ['days']}, 'timelines.Flooring Damaged': {'types': ['dict'], 'presence_rate': '1%', 'sample_values': []}, 'timelines.Flooring Damaged.duration': {'types': ['int'], 'presence_rate': '1%', 'sample_values': []}, 'timelines.Flooring Damaged.unit': {'types': ['str'], 'presence_rate': '1%', 'sample_values': ['days']}, 'timelines.Roofing Damaged': {'types': ['dict'], 'presence_rate': '1%', 'sample_values': []}, 'timelines.Roofing Damaged.duration': {'types': ['int'], 'presence_rate': '1%', 'sample_values': []}, 'timelines.Roofing Damaged.unit': {'types': ['str'], 'presence_rate': '1%', 'sample_values': ['days']}, 'timelines.Bus Bay': {'types': ['dict'], 'presence_rate': '1%', 'sample_values': []}, 'timelines.Bus Bay.duration': {'types': ['int'], 'presence_rate': '1%', 'sample_values': []}, 'timelines.Bus Bay.unit': {'types': ['str'], 'presence_rate': '1%', 'sample_values': ['days']}, 'timelines.Rigid Barriers': {'types': ['dict'], 'presence_rate': '1%', 'sample_values': []}, 'timelines.Rigid Barriers.duration': {'types': ['int'], 'presence_rate': '1%', 'sample_values': []}, 'timelines.Rigid Barriers.unit': {'types': ['str'], 'presence_rate': '1%', 'sample_values': ['days']}, 'timelines.Flexible Barriers': {'types': ['dict'], 'presence_rate': '1%', 'sample_values': []}, 'timelines.Flexible Barriers.duration': {'types': ['int'], 'presence_rate': '1%', 'sample_values': []}, 'timelines.Flexible Barriers.unit': {'types': ['str'], 'presence_rate': '1%', 'sample_values': ['days']}, 'timelines.ATMS': {'types': ['dict'], 'presence_rate': '1%', 'sample_values': []}, 'timelines.ATMS.duration': {'types': ['int'], 'presence_rate': '1%', 'sample_values': []}, 'timelines.ATMS.unit': {'types': ['str'], 'presence_rate': '1%', 'sample_values': ['hours']}, 'timelines.Pedestrian Guardrail': {'types': ['dict'], 'presence_rate': '1%', 'sample_values': []}, 'timelines.Pedestrian Guardrail.duration': {'types': ['int'], 'presence_rate': '1%', 'sample_values': []}, 'timelines.Pedestrian Guardrail.unit': {'types': ['str'], 'presence_rate': '1%', 'sample_values': ['days']}, 'timelines.Depression': {'types': ['dict'], 'presence_rate': '1%', 'sample_values': []}, 'timelines.Depression.duration': {'types': ['int'], 'presence_rate': '1%', 'sample_values': []}, 'timelines.Depression.unit': {'types': ['str'], 'presence_rate': '1%', 'sample_values': ['days']}, 'timelines.Plantation': {'types': ['dict'], 'presence_rate': '1%', 'sample_values': []}, 'timelines.Plantation.duration': {'types': ['int'], 'presence_rate': '1%', 'sample_values': []}, 'timelines.Plantation.unit': {'types': ['str'], 'presence_rate': '1%', 'sample_values': ['days']}, 'timelines.Antiglazers': {'types': ['dict'], 'presence_rate': '1%', 'sample_values': []}, 'timelines.Antiglazers.duration': {'types': ['int'], 'presence_rate': '1%', 'sample_values': []}, 'timelines.Antiglazers.unit': {'types': ['str'], 'presence_rate': '1%', 'sample_values': ['days']}, 'timelines.Lightings': {'types': ['dict'], 'presence_rate': '1%', 'sample_values': []}, 'timelines.Lightings.duration': {'types': ['int'], 'presence_rate': '1%', 'sample_values': []}, 'timelines.Lightings.unit': {'types': ['str'], 'presence_rate': '1%', 'sample_values': ['hours']}, 'timelines.Foot Path / Seperator': {'types': ['dict'], 'presence_rate': '1%', 'sample_values': []}, 'timelines.Foot Path / Seperator.duration': {'types': ['int'], 'presence_rate': '1%', 'sample_values': []}, 'timelines.Foot Path / Seperator.unit': {'types': ['str'], 'presence_rate': '1%', 'sample_values': ['days']}, 'timelines.Encroachment': {'types': ['dict'], 'presence_rate': '1%', 'sample_values': []}, 'timelines.Encroachment.duration': {'types': ['int'], 'presence_rate': '1%', 'sample_values': []}, 'timelines.Encroachment.unit': {'types': ['str'], 'presence_rate': '1%', 'sample_values': ['days']}, 'timelines.ROW/Boundary stones': {'types': ['dict'], 'presence_rate': '1%', 'sample_values': []}, 'timelines.ROW/Boundary stones.duration': {'types': ['int'], 'presence_rate': '1%', 'sample_values': []}, 'timelines.ROW/Boundary stones.unit': {'types': ['str'], 'presence_rate': '1%', 'sample_values': ['days']}}",,Internal,ok
itassetinventories,IT Asset Inventories,Resources & Inventory,"This collection serves as a comprehensive inventory of all Information Technology (IT) assets within the organization. It tracks details such as asset type, manufacturer, model, serial number, location, acquisition date, warranty, and current status for hardware like laptops, cameras, and servers The assignedUserRef field stores the ObjectId of the employee (from the employees collection) the asset is assigned to. createdBy and updatedBy reference the users collection.",IT Asset,"assetId, assetType, status, assetLocation, serialNumber, assignedUserRef","__v, _id, allocatedTo, aquiredDate, assetDescription, assetId, assetLocation, assetOwner, assetStatus, assetType, assignedUserRef, cost, cpu, createdAt, createdBy, hdd, maintenanceHistory, manufacturer, model, otherAssignedUser, otherRam, otherSoftwareVersion, poEntity, poNumber, ram, remarks, roadId, serialNumber, softwareVersion, status, title, updatedAt, updatedBy, warrantyEndDate","{'assetId': {'types': ['str'], 'presence_rate': '85%', 'sample_values': ['', '1000029', '1000030', '1000034', '1000100', '1000113']}, 'assetType': {'types': ['str'], 'presence_rate': '100%', 'sample_values': ['Access Point', 'BATTERIES', 'Biometric', 'CCTV', 'Camera', 'Canopy Camera']}, 'assetDescription': {'types': ['str'], 'presence_rate': '94%', 'sample_values': ['', '12th Gen Intel(R) Core(TM) i5-1245U   1.60 GHz', '16 Port Switch', '2 MP IP Bullet Camera', '24-Port POE Switch', ""55' LED""]}, 'assetOwner': {'types': ['str'], 'presence_rate': '100%', 'sample_values': ['', 'IT']}, 'manufacturer': {'types': ['str'], 'presence_rate': '97%', 'sample_values': ['Amaron Quanta(40 KVA UPS)', 'Apple', 'Assembled pc', 'Chainway', 'Cisco', 'D-Link']}, 'model': {'types': ['str'], 'presence_rate': '100%', 'sample_values': ['', ' Vostro 3681', '11HD', '24-Port POE', '43QB', '7X06-CT01WW']}, 'serialNumber': {'types': ['str'], 'presence_rate': '100%', 'sample_values': ['037A00020069D100ECFA', '037a00020060a21d67f7', '037a00020069c9a7dfef', '037a00020069e1df0bff', '04UNHNFM900062A', '06Y5HNJM800025V']}, 'assetLocation': {'types': ['str'], 'presence_rate': '100%', 'sample_values': ['BFHL-TP-2-CHANDERMORE', 'Cube-Hyd', 'Cube-Noida', 'DHMEPL-Bhojpur', 'DHMEPL-Chhajarsi', 'DHMEPL-Kashi']}, 'aquiredDate': {'types': ['str', 'datetime'], 'presence_rate': '97%', 'sample_values': ['']}, 'warrantyEndDate': {'types': ['str', 'datetime'], 'presence_rate': '97%', 'sample_values': ['']}, 'status': {'types': ['str'], 'presence_rate': '100%', 'sample_values': ['Discarded', 'Faulty', 'In Use', 'In use', 'Lost', 'Obsolete']}, 'cpu': {'types': ['str'], 'presence_rate': '92%', 'sample_values': ['', 'I5', 'Intel Xeon', 'Intel-i3', 'Intel-i5', 'Intel-i7']}, 'ram': {'types': ['str'], 'presence_rate': '93%', 'sample_values': ['', '16GB', '4 GB', '4GB', '8GB', 'Other']}, 'otherRam': {'types': ['str'], 'presence_rate': '84%', 'sample_values': ['', '64 GB']}, 'hdd': {'types': ['str'], 'presence_rate': '93%', 'sample_values': ['', '1 TB', '128GB', '1TB', '256GB', '512']}, 'softwareVersion': {'types': ['str'], 'presence_rate': '93%', 'sample_values': ['', 'Other', 'WINDOWS 10', 'WINDOWS 11Pro', 'Windows 10 Pro', 'Windows 10 pro']}, 'otherSoftwareVersion': {'types': ['str'], 'presence_rate': '85%', 'sample_values': ['', 'andriod']}, 'maintenanceHistory': {'types': ['str'], 'presence_rate': '85%', 'sample_values': ['', '250GB SSD upgraded for better performance.', 'NA', 'Not Avilable']}, 'cost': {'types': ['int', 'str'], 'presence_rate': '93%', 'sample_values': ['', '69620']}, 'poNumber': {'types': ['str'], 'presence_rate': '91%', 'sample_values': ['', '2900000118', '2900000705', '2900000706', '2900004746', '2900004996']}, 'remarks': {'types': ['str'], 'presence_rate': '94%', 'sample_values': ['', '.', '128 GB of storage', 'ATMS ', 'ATMS Workstation', 'Access control machine(ATMS Control Room)\n']}, 'poEntity': {'types': ['str'], 'presence_rate': '91%', 'sample_values': ['', '1', '2040(NDEPL)', '2300', 'CHAATAPL', 'CHATAAPL']}, 'createdAt': {'types': ['datetime'], 'presence_rate': '100%', 'sample_values': []}, 'createdBy': {'types': ['ObjectId'], 'presence_rate': '100%', 'sample_values': []}, 'roadId': {'types': ['ObjectId'], 'presence_rate': '100%', 'sample_values': []}, 'title': {'types': ['str'], 'presence_rate': '100%', 'sample_values': ['ADTPL-ITA-12', 'BFHL-ITA-23', 'BWHPL-ITA-7', 'CHATAAPL-ITA-1004', 'CHATAAPL-ITA-1109', 'CHATAAPL-ITA-119']}, 'assetStatus': {'types': ['str'], 'presence_rate': '100%', 'sample_values': ['ACTIVE', 'DUPLICATE']}, 'allocatedTo': {'types': ['str'], 'presence_rate': '95%', 'sample_values': ['EMPLOYEE', 'GENERIC']}, 'updatedAt': {'types': ['datetime'], 'presence_rate': '99%', 'sample_values': []}, 'updatedBy': {'types': ['ObjectId'], 'presence_rate': '99%', 'sample_values': []}, 'otherAssignedUser': {'types': ['str'], 'presence_rate': '58%', 'sample_values': ['', ' ', '-Data Center', '2F Left Area', 'ATMS Workstation', 'Access control machine(ATMS Control Room)']}, '__v': {'types': ['int'], 'presence_rate': '15%', 'sample_values': []}, 'assignedUserRef': {'types': ['ObjectId'], 'presence_rate': '31%', 'sample_values': []}}","employees, users, roads",Internal,ok
itassetinventoryhistories,IT Asset Inventory History,Resources & Inventory,"Stores a historical audit log of all changes made to IT asset inventory records. Each document represents a single modification, detailing the field changed, its value before and after the update, and the user who performed the action.",IT Asset Inventory Change Record,"itAssetInventoryId, field, action, createdAt, userId","__v, _id, action, createdAt, field, itAssetInventoryId, roadId, userId, valueAfter, valueBefore","{'userId': {'types': ['ObjectId'], 'presence_rate': '100%', 'sample_values': []}, 'roadId': {'types': ['ObjectId'], 'presence_rate': '100%', 'sample_values': []}, 'itAssetInventoryId': {'types': ['ObjectId'], 'presence_rate': '100%', 'sample_values': []}, 'valueAfter': {'types': ['str'], 'presence_rate': '73%', 'sample_values': ['1TB', '2417FD1LLXF2', '512GB', 'ATMS Engineer', 'Admin Block Main entrance camera', 'Anoop Kumar']}, 'field': {'types': ['str'], 'presence_rate': '100%', 'sample_values': ['NEW IT ASSET INVENTORY', 'allocatedTo', 'aquiredDate', 'assetDescription', 'assetLocation', 'assetStatus']}, 'action': {'types': ['str'], 'presence_rate': '100%', 'sample_values': ['Edited Allocated To from ""EMPLOYEE"" to ""GENERIC""', 'Edited Allocated To from ""GENERIC"" to ""EMPLOYEE""', 'Edited Allocated To to ""EMPLOYEE""', 'Edited Allocated To to ""GENERIC""', 'Edited Aquired Date to ""2017-12-31""', 'Edited Asset Description from ""Camera"" to ""CONTROL ROOM Camera""']}, 'createdAt': {'types': ['datetime'], 'presence_rate': '100%', 'sample_values': []}, '__v': {'types': ['int'], 'presence_rate': '87%', 'sample_values': []}, 'valueBefore': {'types': ['str'], 'presence_rate': '44%', 'sample_values': ['2417FD1LLXF9', '5G8L003', '798519729510002/HWF6663', '8904363823875', 'ACTIVE', 'Akshay Baliram Sonvane']}}","itassetinventories, users, roads",Internal,ok
junctions,Road Junctions,Infrastructure & Assets,"Stores an inventory of road junctions along the highway network, detailing their location (chainage), type, category, and surface materials for both the left-hand side (LHS) and right-hand side (RHS) roads.",Road Junction,"assetId, chainage, junctionCategory, junctionType, roadId","__v, _id, assetId, chainage, images, junctionCategory, junctionType, remark, roadId, roadTypeLHS, roadTypeRHS, surfaceTypeLHS, surfaceTypeRHS","{'chainage': {'types': ['int', 'float'], 'presence_rate': '100%', 'sample_values': []}, 'junctionCategory': {'types': ['str'], 'presence_rate': '93%', 'sample_values': ['Major', 'Minor']}, 'junctionType': {'types': ['str'], 'presence_rate': '100%', 'sample_values': ['Cross Juntion', 'Four-leg', 'NA', 'Stagged', 'Staggered Intersection', 'Staggered T']}, 'roadTypeLHS': {'types': ['str'], 'presence_rate': '93%', 'sample_values': ['-', 'Bituminous', 'District Road', 'Flexible', 'Flexible Road', 'LHS']}, 'roadTypeRHS': {'types': ['str'], 'presence_rate': '93%', 'sample_values': ['-', 'Bituminous', 'City Road', 'Flexible', 'Flexible Road', 'MCW']}, 'surfaceTypeLHS': {'types': ['str'], 'presence_rate': '93%', 'sample_values': ['-', 'BITUMINOUS', 'BT', 'BT Road', 'Bitumen Road', 'Bituminous']}, 'surfaceTypeRHS': {'types': ['str'], 'presence_rate': '93%', 'sample_values': ['-', 'BITUMINOUS', 'BT', 'BT Road', 'Bitumen Road', 'Bituminous']}, 'assetId': {'types': ['str'], 'presence_rate': '100%', 'sample_values': ['A-J-1', 'A-J-10', 'A-J-102', 'A-J-106', 'A-J-11', 'A-J-111']}, 'images': {'types': ['list'], 'presence_rate': '100%', 'sample_values': []}, '__v': {'types': ['int'], 'presence_rate': '100%', 'sample_values': []}, 'roadId': {'types': ['ObjectId'], 'presence_rate': '100%', 'sample_values': []}, 'remark': {'types': ['str'], 'presence_rate': '33%', 'sample_values': ['Avaraikulam', 'Cheruvugattu', 'Collectrate Jun.', 'Gaddikondaram', 'Handedover by NHAI', 'ITAHAR']}}",roads,Internal,ok
lights,Highway Lights,Infrastructure & Assets,"This collection contains an inventory of all lighting assets installed along the highways. It includes details such as light type, location coordinates, installation date, and unique asset identifiers.",Highway Light,"assetId, lightType, chainage, installationDate, roadId","__v, _id, assetId, chainage, direction, images, installationDate, lightType, placementType, remark, roadId, roadType","{'chainage': {'types': ['int', 'float'], 'presence_rate': '100%', 'sample_values': []}, 'lightType': {'types': ['str'], 'presence_rate': '100%', 'sample_values': ['Double Arm', 'HPSV', 'High Mast ', 'LED', 'LED ', 'LED/ street light ']}, 'placementType': {'types': ['str'], 'presence_rate': '100%', 'sample_values': ['Concrete Foundation', 'D.A', 'High Mast', 'MCW', 'MEDIAN', 'Median']}, 'direction': {'types': ['str'], 'presence_rate': '100%', 'sample_values': ['BHS', 'Island', 'LHS', 'LHS ', 'MDN', 'MEDIAN']}, 'installationDate': {'types': ['datetime'], 'presence_rate': '98%', 'sample_values': []}, 'roadType': {'types': ['str'], 'presence_rate': '98%', 'sample_values': ['BT ROAD', 'Bus Bay', 'Flexible', 'MCW', 'Main Cairage Way', 'Main Carriageway']}, 'assetId': {'types': ['str'], 'presence_rate': '100%', 'sample_values': ['A-L-1002', 'A-L-105', 'A-L-107', 'A-L-118', 'A-L-127', 'A-L-131']}, 'images': {'types': ['list'], 'presence_rate': '100%', 'sample_values': []}, '__v': {'types': ['int'], 'presence_rate': '100%', 'sample_values': []}, 'roadId': {'types': ['ObjectId'], 'presence_rate': '100%', 'sample_values': []}, 'remark': {'types': ['str'], 'presence_rate': '21%', 'sample_values': ['1', '1 nos.', '2 nos.', '6 nos', 'Hand Over by NHAI']}}",roads,Internal,ok
litigationhistories,Litigation Histories,Administration,"This collection serves as an audit log, tracking the history of changes made to individual litigation cases. Each document represents a single modification to a litigation record, including the field changed, the old and new values, and the user who made the change.",Litigation History Record,"litigationId, field, action, createdAt, userId","__v, _id, action, createdAt, field, litigationId, roadId, userId, valueAfter, valueBefore","{'userId': {'types': ['ObjectId'], 'presence_rate': '90%', 'sample_values': []}, 'litigationId': {'types': ['ObjectId'], 'presence_rate': '100%', 'sample_values': []}, 'valueBefore': {'types': ['str'], 'presence_rate': '57%', 'sample_values': ['03-02-2026', '17-05-2026', '45000', '63e090501be4c155690d1de2', 'Allahabad High Court has granted an interim stay in the matter', 'CRIMINAL ACTION AGAINST RAJESH MADAAN UNDER SECTION 430 AND 432 IPC.']}, 'valueAfter': {'types': ['str'], 'presence_rate': '97%', 'sample_values': ['02-06-2026', '07-02-2026', '1. Refund of penalty amount', '1550000', '16-03-2026', '16-05-2026']}, 'field': {'types': ['str'], 'presence_rate': '100%', 'sample_values': ['NEW LITIGATION', 'assignee', 'briefFact', 'caseNumber', 'casePrediction', 'court']}, 'action': {'types': ['str'], 'presence_rate': '100%', 'sample_values': ['Edited Assignee from ""Shakaib Khan"" to ""Ajay Jha""', 'Edited Case Prediction to ""The risk of adverse order in this petition is low""', 'Edited Case Prediction to ""The risk of adverse order is low""', 'Edited Court from ""District Court, Dausa"" to ""ADJ Court, Dausa""', 'Edited External Counsel Contact to ""8279356454""', 'Edited External Counsel Contact to ""9039464737""']}, 'createdAt': {'types': ['datetime'], 'presence_rate': '100%', 'sample_values': []}, 'roadId': {'types': ['ObjectId'], 'presence_rate': '100%', 'sample_values': []}, '__v': {'types': ['int'], 'presence_rate': '90%', 'sample_values': []}}","litigations, users, roads",Confidential,ok
litigations,Litigations,Administration,"This collection contains records of legal cases involving the company, including details about the case type, parties, court proceedings, hearing status, and financial implications. It tracks litigations both filed by and against the company.",Litigation,"caseNumber, stage, typeOfCase, natureOfCase, involvedAmount","__v, _id, assignee, briefFact, caseNumber, casePrediction, court, createdAt, createdBy, externalCounselContact, externalCounselFees, externalCounselName, files, hearingStatus, id, institutionDate, involvedAmount, lastHearingDate, litigationFiled, natureOfCase, nextHearing, nextHearingDate, petitionerName, reliefSought, remarks, respondentName, roadId, stage, typeOfCase, updatedAt, updatedBy","{'typeOfCase': {'types': ['str'], 'presence_rate': '100%', 'sample_values': ['Appeal', 'Arbitration', 'Civil', 'Criminal', 'Writ Petition']}, 'petitionerName': {'types': ['str'], 'presence_rate': '100%', 'sample_values': ['  Cube Highways and Transporation Assets Advisors Pvt. Ltd.', ' MURARILAL', 'ACTION CONSTRUCTION EQUIPTMENT LTD', 'ANITA SHARMA & ORS', 'Ajay Kumar and Ors.', 'Ali Asgar']}, 'respondentName': {'types': ['str'], 'presence_rate': '100%', 'sample_values': [' CHIEF PROJECT MANAGER AND OTHERS', ' DISTRICT MAGISTRATE, ALIGARH AND 2 OTHERS', ' M/S MADHUKON PROJECT LIMITED', ' NHAI & ors. ', '1. The Project Director, NHAI ', 'ANDHRA PRADESH EXPRESSWAY LIMITED']}, 'litigationFiled': {'types': ['str'], 'presence_rate': '100%', 'sample_values': ['Filed against us', 'Filed by us']}, 'caseNumber': {'types': ['str'], 'presence_rate': '86%', 'sample_values': [' O.M.P.(I) (COMM.) 1/2024 &  O.M.P.(I) (COMM.) 2/2024', '/2020', '101/2023', '15/2022', '155/2022', '158/2025']}, 'court': {'types': ['str'], 'presence_rate': '100%', 'sample_values': [' HIGH COURT OF ANDHRA PRADESH, AMRAWATI', '4th Jt CJJD and JMFC, Solapur District Court', 'ACJM Court (Acjm court no 3)', 'ADJ Court, Dausa', 'ADJ-01 Bharatpur', 'ALLAHABAD HIGH COURT']}, 'nextHearingDate': {'types': ['NoneType', 'datetime'], 'presence_rate': '79%', 'sample_values': []}, 'assignee': {'types': ['ObjectId'], 'presence_rate': '100%', 'sample_values': []}, 'stage': {'types': ['str'], 'presence_rate': '98%', 'sample_values': ['admission', 'closed', 'cross-examination of the respondent', 'dismissed', 'disposed', 'duplicate']}, 'hearingStatus': {'types': ['str'], 'presence_rate': '95%', 'sample_values': [' Vakalatnama has been filed but the matter has not been listed', 'A final arguments are complete', 'Anticipatory bail has been granted.', ""Claim has been rejected. Amount of 40 Lakhs awarded in Respondent's favour"", 'Counter Affidavit filed on behalf of respondent.', 'Cross Examination of Respondent Witnesses']}, 'reliefSought': {'types': ['str'], 'presence_rate': '85%', 'sample_values': ['2,21,130 (2,00,000-MENTAL AGNOY, 21,000-LITIGATION COST, 130- FAST TAG REFUND)', 'Additional Compensation for land acquisition ', 'Anticipatory Bail', 'CLAIM FOR GRATUITY', 'CLAIM FOR MENTAL AGONY DUE TO NON-DEDUCTION OF MONEY FROM THE FASTAG', 'CLAIM RELIEF AND REINSTATEMENT AS SECURITY SUPERVISOR']}, 'institutionDate': {'types': ['datetime'], 'presence_rate': '87%', 'sample_values': []}, 'files': {'types': ['list'], 'presence_rate': '100%', 'sample_values': []}, 'createdAt': {'types': ['datetime'], 'presence_rate': '100%', 'sample_values': []}, 'createdBy': {'types': ['ObjectId'], 'presence_rate': '100%', 'sample_values': []}, 'updatedAt': {'types': ['datetime'], 'presence_rate': '100%', 'sample_values': []}, 'updatedBy': {'types': ['ObjectId'], 'presence_rate': '100%', 'sample_values': []}, 'roadId': {'types': ['ObjectId'], 'presence_rate': '100%', 'sample_values': []}, 'id': {'types': ['str'], 'presence_rate': '100%', 'sample_values': ['LITIGATION-1', 'LITIGATION-10', 'LITIGATION-11', 'LITIGATION-12', 'LITIGATION-13', 'LITIGATION-14']}, '__v': {'types': ['int'], 'presence_rate': '100%', 'sample_values': []}, 'briefFact': {'types': ['str'], 'presence_rate': '96%', 'sample_values': []}, 'externalCounselName': {'types': ['str'], 'presence_rate': '89%', 'sample_values': [' ELP LAW PRACTICE', 'Abhinav ', 'Adv Chotte Lal Meena', 'Adv Sassikumar', 'Advocate Devashish Godbole', 'Advocate Naresh Tanwar']}, 'externalCounselContact': {'types': ['str'], 'presence_rate': '51%', 'sample_values': ['7034724354', '7506213388', '7697425944', '8279356454', '8447865633', '8527656040']}, 'casePrediction': {'types': ['str'], 'presence_rate': '90%', 'sample_values': ['Case already disposed', 'Considering the facts of the case, risk of adverse order is low', 'Considering the facts of the case, the probability of adverse order is low.', 'Considering the facts, the probability of adverse order is low', 'Given the facts and evidence available, risk of adverse order is low', 'Given the facts and evidence available, risk of adverse order is low.']}, 'natureOfCase': {'types': ['str'], 'presence_rate': '99%', 'sample_values': ['Challenge to Concession Agreement', 'Labour Dispute', 'Land Acquisition', 'Motor Accident', 'Negligence', 'Others']}, 'involvedAmount': {'types': ['int', 'float'], 'presence_rate': '40%', 'sample_values': []}, 'lastHearingDate': {'types': ['datetime'], 'presence_rate': '33%', 'sample_values': []}, 'externalCounselFees': {'types': ['int'], 'presence_rate': '8%', 'sample_values': []}, 'nextHearing': {'types': ['str'], 'presence_rate': '2%', 'sample_values': ['TBD']}, 'remarks': {'types': ['str'], 'presence_rate': '1%', 'sample_values': ['Bar ID has been returned as per Order of the Court\n']}}","roads, users",Confidential,ok
medianopenings,Median Openings,Infrastructure & Assets,"This collection contains inventory data for median openings along highways. Each document details a specific opening's location (chainage), physical dimensions (width, length), type, and associated road.",Median Opening,"assetId, chainage, openingType, roadId","__v, _id, assetId, chainage, constructionDate, images, length, openingType, remark, roadId, roadType, width","{'chainage': {'types': ['int', 'float'], 'presence_rate': '100%', 'sample_values': []}, 'openingType': {'types': ['str'], 'presence_rate': '95%', 'sample_values': ['4-Legged Junction', 'Authorized Median Opening', 'Median', 'Median Crossover, No right turn bay', 'Median Crossover, right turn bay', 'Median Opening']}, 'width': {'types': ['int', 'float'], 'presence_rate': '95%', 'sample_values': []}, 'length': {'types': ['int', 'float'], 'presence_rate': '100%', 'sample_values': []}, 'roadType': {'types': ['str'], 'presence_rate': '95%', 'sample_values': ['BT Road', 'CC Road', 'Flexible', 'Flexible Pavement ', 'Flexible Road', 'MCW']}, 'constructionDate': {'types': ['datetime'], 'presence_rate': '95%', 'sample_values': []}, 'assetId': {'types': ['str'], 'presence_rate': '100%', 'sample_values': ['A-MO-1', 'A-MO-10', 'A-MO-102', 'A-MO-105', 'A-MO-111', 'A-MO-114']}, 'images': {'types': ['list'], 'presence_rate': '100%', 'sample_values': []}, '__v': {'types': ['int'], 'presence_rate': '100%', 'sample_values': []}, 'roadId': {'types': ['ObjectId'], 'presence_rate': '100%', 'sample_values': []}, 'remark': {'types': ['str'], 'presence_rate': '43%', 'sample_values': ['Alampur ( Major Junction)', 'BECAUSE OF SUGAR MILL', 'Below flyover', 'Benara Mod', 'CLOSED WITH NJB', 'Cheakpoast']}}",roads,Internal,ok
meterhistories,Meter Histories,Infrastructure & Assets,"This collection serves as an audit log, recording all historical changes made to electricity meter records. Each document captures a specific modification, including the field that was altered, the values before and after the change, the user responsible, and the timestamp of the action.",Meter History Record,"meterId, field, action, createdAt, userId","__v, _id, action, createdAt, field, meterId, roadId, userId, valueAfter, valueBefore","{'userId': {'types': ['ObjectId'], 'presence_rate': '100%', 'sample_values': []}, 'meterId': {'types': ['ObjectId'], 'presence_rate': '87%', 'sample_values': []}, 'valueAfter': {'types': ['str'], 'presence_rate': '49%', 'sample_values': ['0', '10', '10.SAMLETI MAHWA KM 118+630 NH 21 HIGHT MAST LIGHT ', '113.3', '12186', '17.2']}, 'field': {'types': ['str'], 'presence_rate': '100%', 'sample_values': ['NEW METER', 'latestKVAH', 'latestKWH', 'location', 'meterChainage', 'meterName']}, 'action': {'types': ['str'], 'presence_rate': '100%', 'sample_values': ['Edited Latest KVAH from ""194778"" to ""0""', 'Edited Latest KVAH from ""217708"" to ""0""', 'Edited Latest KVAH from ""27391"" to ""0""', 'Edited Latest KVAH from ""28179"" to ""17.2""', 'Edited Latest KVAH from ""30"" to ""0""', 'Edited Latest KVAH from ""31875"" to ""0""']}, 'createdAt': {'types': ['datetime'], 'presence_rate': '100%', 'sample_values': []}, 'roadId': {'types': ['ObjectId'], 'presence_rate': '100%', 'sample_values': []}, '__v': {'types': ['int'], 'presence_rate': '100%', 'sample_values': []}, 'valueBefore': {'types': ['str'], 'presence_rate': '47%', 'sample_values': ['0', '10074', '1099', '113.2', '11690', '1350']}}","meters, users, roads",Internal,ok
meters,Electricity Meters,Infrastructure & Assets,"This collection contains records of electricity meters installed along highways. It includes details such as meter identification numbers, location, chainage, and the specific operations they cover, like toll plazas or highway lighting.",Electricity Meter,"meterNumber, meterName, location, operationsCovered, latestKWH","__v, _id, createdAt, createdBy, latestKVAH, latestKWH, location, meterChainage, meterName, meterNumber, operationsCovered, roadId, status, title, updatedAt, updatedBy","{'title': {'types': ['str'], 'presence_rate': '100%', 'sample_values': ['METER-1', 'METER-10', 'METER-11', 'METER-12', 'METER-13', 'METER-14']}, 'meterName': {'types': ['str'], 'presence_rate': '100%', 'sample_values': ['1.R.O.B Bharatpur High Mast Light', '1768062 - Location 6', '3229940 - Location 8', '3251925 - Location 14', '4.AMOLI TOLL PLAZA & ADMIN OFFICE ', '5.CHHONKARWADA HIGHT MAST LIGHT N.H-21']}, 'location': {'types': ['str'], 'presence_rate': '100%', 'sample_values': ['1.R.O.B ', '4.AMOLI TOLL PLAZA N.H -21', '5.CHHONKARWADA N.H-21 JUNCTION', '8.MAHUA JUNCITION BHARATPUR ROAD N.H -21', 'AKANAMBATTU', 'ALLADURG']}, 'meterChainage': {'types': ['int', 'float'], 'presence_rate': '100%', 'sample_values': []}, 'meterNumber': {'types': ['int', 'str', 'float'], 'presence_rate': '100%', 'sample_values': ['03020367', '03050210', '062160011054', '062160011055', '062160101123', '062160101145']}, 'operationsCovered': {'types': ['str'], 'presence_rate': '100%', 'sample_values': ['Highway Lightnings', 'Plaza Operations', 'Toilet Blocks']}, 'roadId': {'types': ['ObjectId'], 'presence_rate': '100%', 'sample_values': []}, 'createdAt': {'types': ['datetime'], 'presence_rate': '100%', 'sample_values': []}, 'createdBy': {'types': ['ObjectId'], 'presence_rate': '100%', 'sample_values': []}, 'status': {'types': ['str'], 'presence_rate': '100%', 'sample_values': ['ACTIVE']}, 'latestKWH': {'types': ['int', 'float'], 'presence_rate': '64%', 'sample_values': []}, 'latestKVAH': {'types': ['int', 'float'], 'presence_rate': '50%', 'sample_values': []}, 'updatedAt': {'types': ['datetime'], 'presence_rate': '59%', 'sample_values': []}, 'updatedBy': {'types': ['ObjectId'], 'presence_rate': '59%', 'sample_values': []}, '__v': {'types': ['int'], 'presence_rate': '36%', 'sample_values': []}}","roads, users",Internal,ok
meterstones,Meter Stones,Infrastructure & Assets,"Records of physical meter stones (milestones and hectometer stones) located along highways. Each document details a single stone's location (chainage), type, installation date, and unique asset identifier.",Meter Stone,"assetId, roadId, chainage, meterStoneType","__v, _id, assetId, chainage, direction, images, installationDate, meterStoneType, roadId, roadType","{'chainage': {'types': ['int', 'float'], 'presence_rate': '100%', 'sample_values': []}, 'direction': {'types': ['str'], 'presence_rate': '100%', 'sample_values': ['BHS', 'LHS', 'Median', 'RHS']}, 'meterStoneType': {'types': ['str'], 'presence_rate': '100%', 'sample_values': ['5th KM', 'HM', 'HectoMeter', 'KM', 'ROW']}, 'roadType': {'types': ['str'], 'presence_rate': '93%', 'sample_values': ['BT ROAD', 'Bituminous ', 'Flexible', 'Flexible ', 'MCW', 'NA']}, 'installationDate': {'types': ['datetime'], 'presence_rate': '93%', 'sample_values': []}, 'assetId': {'types': ['str'], 'presence_rate': '100%', 'sample_values': ['A-MS-1', 'A-MS-10', 'A-MS-1011', 'A-MS-1034', 'A-MS-1039', 'A-MS-1054']}, 'images': {'types': ['list'], 'presence_rate': '100%', 'sample_values': []}, '__v': {'types': ['int'], 'presence_rate': '100%', 'sample_values': []}, 'roadId': {'types': ['ObjectId'], 'presence_rate': '100%', 'sample_values': []}}",roads,Internal,ok
notifyhistories,Notification History,Administration,"This collection serves as a historical log for all notifications sent out by the system. It records the recipient, the type of notification (e.g., app, email), the business entity it relates to (like bills, DPRs, issues), and the message content.",Notification,"sentTo, entity, notificationType, createdAt","__v, _id, createdAt, entity, message, notificationType, roadId, sentTo, sentType","{'sentTo': {'types': ['ObjectId'], 'presence_rate': '99%', 'sample_values': []}, 'sentType': {'types': ['str'], 'presence_rate': '100%', 'sample_values': ['AUTO']}, 'notificationType': {'types': ['str'], 'presence_rate': '100%', 'sample_values': ['APP', 'EMAIL']}, 'entity': {'types': ['str'], 'presence_rate': '100%', 'sample_values': ['ACCIDENT', 'BILL', 'DPR', 'DPR-CHECKLIST', 'ISSUE']}, 'message': {'types': ['dict'], 'presence_rate': '100%', 'sample_values': []}, 'message.notification': {'types': ['dict'], 'presence_rate': '100%', 'sample_values': []}, 'message.notification.title': {'types': ['str'], 'presence_rate': '100%', 'sample_values': ['ALERT - Accident Reported: ACC-2484', 'ALERT - BFHL/BILL-1391-Operations pending with HO TREASURY since 15-05-2025', 'ALERT - BFHL/BILL-211-Operations pending with HO TREASURY since 15-05-2025', 'ALERT - BFHL/BILL-50-Operations pending with HO TREASURY since 15-05-2025', 'ALERT - BFHL/BILL-948-Operations pending with HO TREASURY since 15-05-2025', 'ALERT - CHTL/BILL-1136-Others/ITS pending with HO FINANCE since 24-04-2026']}, 'message.notification.body': {'types': ['str'], 'presence_rate': '29%', 'sample_values': ['A safety observation was added to ""MSHP-DPR-CL-7860"". Please Check it out!!!', 'A safety observation was added to ""NAM-DPR-CL-19361"". Please Check it out!!!', 'A safety observation was added to ""SMTPL-DPR-CL-8472"". Please Check it out!!!', 'A safety observation was added to ""WMPTL-DPR-CL-5608"". Please Check it out!!!', 'Issue Resolved ', 'Issue created from Admin panel']}, 'message.data': {'types': ['dict'], 'presence_rate': '100%', 'sample_values': []}, 'message.data.type': {'types': ['str'], 'presence_rate': '32%', 'sample_values': ['Bill', 'COMPLETED', 'DPR', 'DPR-CHECKLIST', 'assign', 'comment']}, 'message.data.title': {'types': ['str'], 'presence_rate': '5%', 'sample_values': ['DATL-DPR-CL-40960', 'KHEPL-DPR-CL-11743', 'MSHP-DPR-CL-7860', 'MSHP-DPR-CL-8269', 'NAM-DPR-CL-19361', 'SMTPL-DPR-CL-8472']}, 'message.data.roadName': {'types': ['str'], 'presence_rate': '100%', 'sample_values': ['apel', 'bfhl', 'bwhpl', 'chataapl', 'chgapl', 'chrf']}, 'createdAt': {'types': ['datetime'], 'presence_rate': '100%', 'sample_values': []}, 'roadId': {'types': ['ObjectId'], 'presence_rate': '100%', 'sample_values': []}, '__v': {'types': ['int'], 'presence_rate': '97%', 'sample_values': []}, 'message.data.dprTitle': {'types': ['str'], 'presence_rate': '4%', 'sample_values': ['DP-11051', 'DP-35128', 'DP-82409', 'DP-84197', 'DP-87400', 'DP-88448']}, 'message.data.issueTitle': {'types': ['str'], 'presence_rate': '9%', 'sample_values': ['INC-13750', 'INC-59515', 'INC-6013', 'INC-7709', 'INC-9690', 'PAV-4176']}, 'message.data.billCode': {'types': ['str'], 'presence_rate': '9%', 'sample_values': ['BILL-12351', 'BILL-133', 'BILL-1651', 'BILL-1849-2', 'BILL-21', 'BILL-2135']}, 'message.data.billType': {'types': ['str'], 'presence_rate': '9%', 'sample_values': ['Advance Request', 'Maintenance', 'Operations', 'Operations System']}, 'message.data.subBillType': {'types': ['str'], 'presence_rate': '7%', 'sample_values': ['Capex Constructions', 'Operations System', 'Routine Maintenance']}}","users, roads",Internal,ok
ohseinspectionhistories,OHSE Inspection Histories,Safety & Accidents,"This collection stores an audit trail of all changes made to Occupational Health, Safety, and Environment (OHSE) inspection records. Each document represents a specific modification, including the field changed, the old and new values, and the user responsible.",Inspection History Record,"inspectionId, field, action, createdAt, userId","__v, _id, action, createdAt, field, inspectionId, roadId, userId, valueAfter, valueBefore","{'userId': {'types': ['ObjectId'], 'presence_rate': '100%', 'sample_values': []}, 'inspectionId': {'types': ['ObjectId'], 'presence_rate': '100%', 'sample_values': []}, 'field': {'types': ['str'], 'presence_rate': '100%', 'sample_values': ['NEW OHSE INSPECTION', 'images', 'incidentCorrectiveAction', 'incidentDescription', 'labors.male', 'status']}, 'action': {'types': ['str'], 'presence_rate': '100%', 'sample_values': ['Edited Status from ""ON-GOING"" to ""SUBMITTED""', 'Edited number of Labors male from ""count: 1, hours: 8"" to ""count: 2, hours: 8""', 'OHSE Inspection Added', 'User added a new Image']}, 'createdAt': {'types': ['datetime'], 'presence_rate': '100%', 'sample_values': []}, 'roadId': {'types': ['ObjectId'], 'presence_rate': '100%', 'sample_values': []}, '__v': {'types': ['int'], 'presence_rate': '100%', 'sample_values': []}, 'valueAfter': {'types': ['str'], 'presence_rate': '53%', 'sample_values': ['-', 'Instructed to be  use visal and watering should execute at median ', 'SUBMITTED', '{""count"":2,""hours"":8,""_id"":""6177b75fa6f4d71cc5058d4e""}']}, 'valueBefore': {'types': ['str'], 'presence_rate': '9%', 'sample_values': ['ON-GOING', 'SPV', 'Shall be discussed with SPV Head', '{""count"":1,""hours"":8,""_id"":""6177b75fa6f4d71cc5058d4e""}']}}","ohseinspections, users, roads",Internal,ok
ohseinspections,OHSE Inspections,Safety & Accidents,"Stores records of Occupational Health, Safety, and Environment (OHSE) inspections. Each document details a specific safety incident, unsafe act, or unsafe condition observed, including its type, cause, impact, and the corrective actions taken.",OHSE Inspection Report,"incidentType, status, createdAt, incidentCause, unSafeAct","__v, _id, coveredAspects, createdAt, createdBy, dprId, environmentalCatagory, firstAidCases, images, incidentCause, incidentCorrectiveAction, incidentDescription, incidentImpact, incidentType, isToolBoxTalkConducted, labors, location, nearMisses, otherEnvironment, otherIncidentCause, otherNearMiss, otherUnSafeAct, otherUnSafeCondition, plazaName, roadId, status, title, unSafeAct, unSafeActCorrectiveAction, unSafeCondition, unSafeConditionCorrectiveAction, updatedAt, updatedBy","{'incidentCause': {'types': ['list'], 'presence_rate': '100%', 'sample_values': []}, 'incidentImpact': {'types': ['list'], 'presence_rate': '100%', 'sample_values': []}, 'status': {'types': ['str'], 'presence_rate': '100%', 'sample_values': ['ON-GOING', 'SUBMITTED']}, 'unSafeCondition': {'types': ['list'], 'presence_rate': '100%', 'sample_values': []}, 'dprId': {'types': ['ObjectId'], 'presence_rate': '87%', 'sample_values': []}, 'plazaName': {'types': ['ObjectId'], 'presence_rate': '100%', 'sample_values': []}, 'incidentType': {'types': ['str'], 'presence_rate': '100%', 'sample_values': ['Accident in work zone along road', 'Accident in work zone along road ', 'Environmental', 'Fire', 'Incidence in office premises, plaza', 'Incidence in office premises, plaza ']}, 'environmentalCatagory': {'types': ['str'], 'presence_rate': '95%', 'sample_values': ['', 'spill']}, 'incidentDescription': {'types': ['str'], 'presence_rate': '100%', 'sample_values': ['147.420.147.400', 'A', 'An equipment slip and touches the worker when work is going on 18.06.2022', 'At the time of removing booth glass suddenly broken in to pieces', 'Bull nose soil levelling work.', 'Ch.170.250.171.080 median RHS site Kerb painting primer work']}, 'incidentCorrectiveAction': {'types': ['str'], 'presence_rate': '100%', 'sample_values': ['1. Should be strictly implemented SOP at site.', 'A', 'Asked the proper flags, blinker for road marking vehicle.', 'Bolder remove work', 'Bull nose soil levelling work.', 'Ch.184.000.185.000']}, 'firstAidCases': {'types': ['int'], 'presence_rate': '89%', 'sample_values': []}, 'nearMisses': {'types': ['str'], 'presence_rate': '89%', 'sample_values': ['Escaped from accident (running traffic) while in workzone', 'Escaped from near collision while at road', 'Live exposed wire while working', 'Near hit due to moving vehicle in plaza', 'Other', 'Slip']}, 'unSafeAct': {'types': ['str'], 'presence_rate': '89%', 'sample_values': ['Improper PPE, Not used or used incorrectly', 'Improper loading or placement or lifting', 'Improper work technique', 'Operating at improper speed', 'Operating without authorisation', 'Other']}, 'unSafeActCorrectiveAction': {'types': ['str'], 'presence_rate': '100%', 'sample_values': ['A', 'All the watering helpers are requested to be in the median while watering ', 'Bolder remove work', 'Bull nose soil levelling work by plant 🪴 watering.', 'Chainlink fixing work', 'Cleaning work']}, 'unSafeConditionCorrectiveAction': {'types': ['str'], 'presence_rate': '100%', 'sample_values': ['A', 'Bollards installed work', 'Bull nose soil levelling work.', 'Chainlink fixing work', 'Crack sealing work', 'Cracks repairing work service road LHS']}, 'otherIncidentCause': {'types': ['str'], 'presence_rate': '100%', 'sample_values': ['', 'A', 'Bull nose soil levelling work.', 'Ch.168.200 median bolder remove work', 'Ch.173.480.172.300 median RHS site Kerb painting primer work', 'Chainlink fixing work']}, 'otherNearMiss': {'types': ['str'], 'presence_rate': '88%', 'sample_values': ['', '190.000.200.000', 'A', 'An equipment slip and touches the worker when work is going on', 'Ch 182.800.183.000', 'Ch.178.000']}, 'otherUnSafeAct': {'types': ['str'], 'presence_rate': '89%', 'sample_values': ['', 'A', 'Camper taking reverse without observing live traffic', 'Dewatering work', 'Health issues', 'Human error']}, 'otherUnSafeCondition': {'types': ['str'], 'presence_rate': '100%', 'sample_values': ['', 'A', 'Arrange the advance warning signs on paved shoulder', 'Chainlink repairing work', 'Contractor not placed advance signs', 'Damage delineator repairing work']}, 'otherEnvironment': {'types': ['str'], 'presence_rate': '100%', 'sample_values': ['']}, 'isToolBoxTalkConducted': {'types': ['str'], 'presence_rate': '100%', 'sample_values': ['NO', 'YES']}, 'labors': {'types': ['dict'], 'presence_rate': '100%', 'sample_values': []}, 'labors._id': {'types': ['ObjectId'], 'presence_rate': '100%', 'sample_values': []}, 'labors.male': {'types': ['dict'], 'presence_rate': '100%', 'sample_values': []}, 'labors.male.count': {'types': ['int'], 'presence_rate': '100%', 'sample_values': []}, 'labors.male.hours': {'types': ['int'], 'presence_rate': '100%', 'sample_values': []}, 'labors.male._id': {'types': ['ObjectId'], 'presence_rate': '100%', 'sample_values': []}, 'labors.female': {'types': ['dict'], 'presence_rate': '100%', 'sample_values': []}, 'labors.female.count': {'types': ['int'], 'presence_rate': '100%', 'sample_values': []}, 'labors.female.hours': {'types': ['int'], 'presence_rate': '100%', 'sample_values': []}, 'labors.female._id': {'types': ['ObjectId'], 'presence_rate': '100%', 'sample_values': []}, 'location': {'types': ['dict'], 'presence_rate': '93%', 'sample_values': []}, 'location.type': {'types': ['str'], 'presence_rate': '93%', 'sample_values': ['Point']}, 'location.coordinates': {'types': ['list'], 'presence_rate': '93%', 'sample_values': []}, 'location._id': {'types': ['ObjectId'], 'presence_rate': '93%', 'sample_values': []}, 'images': {'types': ['list'], 'presence_rate': '100%', 'sample_values': []}, 'createdAt': {'types': ['datetime'], 'presence_rate': '100%', 'sample_values': []}, 'createdBy': {'types': ['ObjectId'], 'presence_rate': '100%', 'sample_values': []}, 'updatedAt': {'types': ['datetime'], 'presence_rate': '100%', 'sample_values': []}, 'updatedBy': {'types': ['ObjectId'], 'presence_rate': '100%', 'sample_values': []}, 'roadId': {'types': ['ObjectId'], 'presence_rate': '100%', 'sample_values': []}, 'title': {'types': ['str'], 'presence_rate': '100%', 'sample_values': ['OHSE-1', 'OHSE-10', 'OHSE-100', 'OHSE-102', 'OHSE-105', 'OHSE-106']}, '__v': {'types': ['int'], 'presence_rate': '100%', 'sample_values': []}, 'coveredAspects': {'types': ['str'], 'presence_rate': '28%', 'sample_values': ['', 'A', 'Fafety ', ""Importance of PPE'S And Work Zone Safety"", 'Moving work zone management and vehicle safety', 'Near miss alert and safety']}}","dailyprogresses, tollplazas, users, roads",Internal,ok
paymentschedulehistories,Payment Schedule History,Administration,"Stores an audit log of all changes made to payment schedules. Each document represents a single modification, detailing the field changed, the old and new values, and the user who made the change.",Payment Schedule History Record,"paymentScheduleId, field, action, createdAt, userId","__v, _id, action, createdAt, field, paymentScheduleId, roadId, userId, valueAfter, valueBefore","{'userId': {'types': ['ObjectId'], 'presence_rate': '99%', 'sample_values': []}, 'paymentScheduleId': {'types': ['ObjectId'], 'presence_rate': '100%', 'sample_values': []}, 'field': {'types': ['str'], 'presence_rate': '100%', 'sample_values': ['NEW PAYMENT SCHEDULE', 'files', 'mileStonePercentage', 'mileStoneStartDate', 'reasonForDelay', 'remarks']}, 'action': {'types': ['str'], 'presence_rate': '100%', 'sample_values': ['Edited Mile Stone Percentage from ""1"" to ""16.67""', 'Edited Mile Stone Percentage from ""1"" to ""50""', 'Edited Mile Stone Percentage from ""1"" to ""50"" for PS-185', 'Edited Mile Stone Percentage from ""1"" to ""8.33""', 'Edited Mile Stone Percentage from ""16"" to ""16.67"" for PS-163', 'Edited Mile Stone Percentage from ""16"" to ""16.67"" for PS-164']}, 'createdAt': {'types': ['datetime'], 'presence_rate': '100%', 'sample_values': []}, 'roadId': {'types': ['ObjectId'], 'presence_rate': '100%', 'sample_values': []}, '__v': {'types': ['int'], 'presence_rate': '99%', 'sample_values': []}, 'valueBefore': {'types': ['str'], 'presence_rate': '21%', 'sample_values': ['1', '16', '2', '8', 'LIE Service Charges for Quarter Ended on June-23', 'LIE Service Charges for Quarter Ended on Sep-23']}, 'valueAfter': {'types': ['str'], 'presence_rate': '25%', 'sample_values': ['16.67', '50', '8.33', 'LIE Service Charges for Quarter Ended on Dec 23', 'LIE Service Charges for Quarter Ended on Sep 23', 'NA']}}","paymentschedules, users, roads",Confidential,ok
paymentschedules,Payment Schedules,Administration,"This collection contains payment schedules, structured as milestones, associated with specific work orders for highway construction or service projects. It tracks key dates, payment percentages, and links to the relevant work order and road asset.",Payment Schedule,"workOrderId, title, mileStoneEndDate, mileStonePercentage, roadId","__v, _id, createdAt, createdBy, files, mileStoneEndDate, mileStonePercentage, mileStoneStartDate, paymentScheduleType, reasonForDelay, remarks, roadId, submittedDate, title, updatedAt, updatedBy, workOrderId","{'remarks': {'types': ['str'], 'presence_rate': '100%', 'sample_values': ['""LIE Service Charges for 15.11.2022 to 14.01.2023""', '""LIE Service Charges from 15.08.22 to 14.10.22""', '""LIE Service Charges from 15.10.22 to 14.11.22""', 'ATCC Vision based Supply- Vijaywada', 'Construction Progress Report for Apr-24', 'Construction Progress Report for April-23']}, 'mileStoneStartDate': {'types': ['datetime'], 'presence_rate': '100%', 'sample_values': []}, 'mileStoneEndDate': {'types': ['datetime'], 'presence_rate': '100%', 'sample_values': []}, 'mileStonePercentage': {'types': ['int', 'float'], 'presence_rate': '100%', 'sample_values': []}, 'workOrderId': {'types': ['ObjectId'], 'presence_rate': '100%', 'sample_values': []}, 'paymentScheduleType': {'types': ['str'], 'presence_rate': '100%', 'sample_values': ['milestone']}, 'files': {'types': ['list'], 'presence_rate': '57%', 'sample_values': []}, 'createdAt': {'types': ['datetime'], 'presence_rate': '100%', 'sample_values': []}, 'createdBy': {'types': ['ObjectId'], 'presence_rate': '100%', 'sample_values': []}, 'updatedAt': {'types': ['datetime'], 'presence_rate': '100%', 'sample_values': []}, 'updatedBy': {'types': ['ObjectId'], 'presence_rate': '100%', 'sample_values': []}, 'roadId': {'types': ['ObjectId'], 'presence_rate': '100%', 'sample_values': []}, 'title': {'types': ['str'], 'presence_rate': '100%', 'sample_values': ['PS-100', 'PS-101', 'PS-108', 'PS-109', 'PS-11', 'PS-110']}, '__v': {'types': ['int'], 'presence_rate': '100%', 'sample_values': []}}","workorders, roads, users",Internal,ok
penalties,Penalties,Administration,"Stores records of financial penalties issued to contractors for reasons such as non-compliance. Each record includes the penalty amount, reason, date of issue, and links to the relevant contractor and road.",Penalty,"amount, reason, dateOfIssueLetter, contractorId, roadId","__v, _id, amount, contractorId, createdAt, createdBy, dateOfIssueLetter, files, reason, roadId, updatedAt, updatedBy","{'amount': {'types': ['int'], 'presence_rate': '100%', 'sample_values': []}, 'reason': {'types': ['str'], 'presence_rate': '100%', 'sample_values': ['Non Compliance']}, 'dateOfIssueLetter': {'types': ['datetime'], 'presence_rate': '100%', 'sample_values': []}, 'files': {'types': ['list'], 'presence_rate': '100%', 'sample_values': []}, 'contractorId': {'types': ['ObjectId'], 'presence_rate': '100%', 'sample_values': []}, 'createdAt': {'types': ['datetime'], 'presence_rate': '100%', 'sample_values': []}, 'createdBy': {'types': ['ObjectId'], 'presence_rate': '100%', 'sample_values': []}, 'updatedAt': {'types': ['datetime'], 'presence_rate': '100%', 'sample_values': []}, 'updatedBy': {'types': ['ObjectId'], 'presence_rate': '100%', 'sample_values': []}, 'roadId': {'types': ['ObjectId'], 'presence_rate': '100%', 'sample_values': []}, '__v': {'types': ['int'], 'presence_rate': '100%', 'sample_values': []}}","contractors, roads, users",Confidential,ok
penaltyhistories,Penalty Histories,Administration,"This collection contains a historical log of all changes and actions made to penalty records. Each document represents a single event, such as the creation of a new penalty or an update to its associated data.",Penalty History Record,"penaltyId, field, action, createdAt","__v, _id, action, createdAt, field, penaltyId, roadId, userId, valueAfter","{'userId': {'types': ['ObjectId'], 'presence_rate': '67%', 'sample_values': []}, 'penaltyId': {'types': ['ObjectId'], 'presence_rate': '100%', 'sample_values': []}, 'field': {'types': ['str'], 'presence_rate': '100%', 'sample_values': ['NEW PENALTY', 'files']}, 'action': {'types': ['str'], 'presence_rate': '100%', 'sample_values': ['Penalty Added', 'Updating file _id: 62b45ee74ff441589b535639 as not infected', 'Updating file _id: 62b45ff14ff441589b535c6e as not infected']}, 'createdAt': {'types': ['datetime'], 'presence_rate': '100%', 'sample_values': []}, 'roadId': {'types': ['ObjectId'], 'presence_rate': '100%', 'sample_values': []}, '__v': {'types': ['int'], 'presence_rate': '67%', 'sample_values': []}, 'valueAfter': {'types': ['str'], 'presence_rate': '33%', 'sample_values': []}}","penalties, roads, users",Internal,ok
pendingtasks,Pending Tasks Summary,Inspections & Tasks,"This collection acts as a summary or aggregation, tracking the count of various pending items for each user. Each document corresponds to a user and details the number of tasks pending on them versus tasks they have raised, categorized by type (e.g., incidents, bills, checklists).",User Task Summary,"userId, pendingOnMe, raisedByMe, roadId","_id, pendingOnMe, raisedByMe, roadId, updatedAt, updatedBy, userId","{'roadId': {'types': ['ObjectId'], 'presence_rate': '77%', 'sample_values': []}, 'userId': {'types': ['ObjectId'], 'presence_rate': '100%', 'sample_values': []}, 'pendingOnMe': {'types': ['dict'], 'presence_rate': '100%', 'sample_values': []}, 'pendingOnMe.incidents': {'types': ['int'], 'presence_rate': '100%', 'sample_values': []}, 'pendingOnMe.issues': {'types': ['int'], 'presence_rate': '100%', 'sample_values': []}, 'pendingOnMe.tollPlazaChecklists': {'types': ['int'], 'presence_rate': '100%', 'sample_values': []}, 'pendingOnMe.bills': {'types': ['int'], 'presence_rate': '100%', 'sample_values': []}, 'pendingOnMe.accidents': {'types': ['int'], 'presence_rate': '100%', 'sample_values': []}, 'pendingOnMe.dprs': {'types': ['int'], 'presence_rate': '100%', 'sample_values': []}, 'pendingOnMe.insurances': {'types': ['int'], 'presence_rate': '100%', 'sample_values': []}, 'pendingOnMe.imsUsers': {'types': ['int'], 'presence_rate': '100%', 'sample_values': []}, 'pendingOnMe.vehicles': {'types': ['int'], 'presence_rate': '100%', 'sample_values': []}, 'pendingOnMe.shiftReports': {'types': ['int'], 'presence_rate': '100%', 'sample_values': []}, 'pendingOnMe.dprCheckLists': {'types': ['int'], 'presence_rate': '100%', 'sample_values': []}, 'pendingOnMe.GRN': {'types': ['int'], 'presence_rate': '100%', 'sample_values': []}, 'pendingOnMe.SES': {'types': ['int'], 'presence_rate': '100%', 'sample_values': []}, 'pendingOnMe.GIN': {'types': ['int'], 'presence_rate': '100%', 'sample_values': []}, 'pendingOnMe.purchaseRequest': {'types': ['int'], 'presence_rate': '100%', 'sample_values': []}, 'raisedByMe': {'types': ['dict'], 'presence_rate': '100%', 'sample_values': []}, 'raisedByMe.incidents': {'types': ['int'], 'presence_rate': '100%', 'sample_values': []}, 'raisedByMe.issues': {'types': ['int'], 'presence_rate': '100%', 'sample_values': []}, 'raisedByMe.tollPlazaChecklists': {'types': ['int'], 'presence_rate': '100%', 'sample_values': []}, 'raisedByMe.bills': {'types': ['int'], 'presence_rate': '100%', 'sample_values': []}, 'raisedByMe.accidents': {'types': ['int'], 'presence_rate': '100%', 'sample_values': []}, 'raisedByMe.dprs': {'types': ['int'], 'presence_rate': '100%', 'sample_values': []}, 'raisedByMe.insurances': {'types': ['int'], 'presence_rate': '100%', 'sample_values': []}, 'raisedByMe.imsUsers': {'types': ['int'], 'presence_rate': '100%', 'sample_values': []}, 'raisedByMe.vehicles': {'types': ['int'], 'presence_rate': '100%', 'sample_values': []}, 'raisedByMe.shiftReports': {'types': ['int'], 'presence_rate': '100%', 'sample_values': []}, 'raisedByMe.dprCheckLists': {'types': ['int'], 'presence_rate': '100%', 'sample_values': []}, 'raisedByMe.GRN': {'types': ['int'], 'presence_rate': '100%', 'sample_values': []}, 'raisedByMe.SES': {'types': ['int'], 'presence_rate': '100%', 'sample_values': []}, 'raisedByMe.GIN': {'types': ['int'], 'presence_rate': '100%', 'sample_values': []}, 'raisedByMe.purchaseRequest': {'types': ['int'], 'presence_rate': '100%', 'sample_values': []}, 'pendingOnMe.vehicleChecklists': {'types': ['int'], 'presence_rate': '6%', 'sample_values': []}, 'raisedByMe.vehicleChecklists': {'types': ['int'], 'presence_rate': '6%', 'sample_values': []}}","users, roads",Internal,ok
plantcodes,Plant Codes,Administration,"Stores reference data for various operational plants or business units. Each document maps a plant code to a plant name and company code, and associates it with a specific road.",Plant,"plantCode, plantName, roadId, companyCode","_id, companyCode, createdAt, plantCode, plantName, roadId, stateCode","{'roadId': {'types': ['ObjectId'], 'presence_rate': '100%', 'sample_values': []}, 'plantCode': {'types': ['int'], 'presence_rate': '100%', 'sample_values': []}, 'companyCode': {'types': ['int'], 'presence_rate': '100%', 'sample_values': []}, 'plantName': {'types': ['str'], 'presence_rate': '100%', 'sample_values': ['ADTPL-Karnataka', 'APEL-Andhrapradesh', 'APEL-Noida', 'APEL-telangana', 'BFHL-NOIDA', 'BFHL-West bengal']}, 'createdAt': {'types': ['datetime'], 'presence_rate': '100%', 'sample_values': []}, 'stateCode': {'types': ['int'], 'presence_rate': '96%', 'sample_values': []}}",roads,Internal,ok
plazatraffics,Plaza Traffic,Infrastructure & Assets,"This collection contains records of traffic congestion levels at specific toll plazas. Each entry documents the length of a traffic jam at a given time, associated with a particular road and plaza, and includes photographic evidence.",Plaza Traffic Record,"roadPlazaId, trafficJamLength, createdAt, roadId","__v, _id, createdAt, images, roadId, roadPlazaId, totalTrafficJamLength, trafficJamLength","{'roadId': {'types': ['ObjectId'], 'presence_rate': '100%', 'sample_values': []}, 'roadPlazaId': {'types': ['ObjectId'], 'presence_rate': '100%', 'sample_values': []}, 'trafficJamLength': {'types': ['float'], 'presence_rate': '100%', 'sample_values': []}, 'totalTrafficJamLength': {'types': ['float'], 'presence_rate': '100%', 'sample_values': []}, 'createdAt': {'types': ['datetime'], 'presence_rate': '100%', 'sample_values': []}, 'images': {'types': ['list'], 'presence_rate': '100%', 'sample_values': []}, '__v': {'types': ['int'], 'presence_rate': '100%', 'sample_values': []}}","roads, roadtollplazas",Internal,ok
questionhistories,Question History,Inspections & Tasks,"Stores an audit log of all changes made to individual questions within inspection checklists. Each document represents a single modification, detailing the user, the field changed, and the values before and after the change.",Question History Record,"questionId, checklistId, userId, action, createdAt","__v, _id, action, checklistId, createdAt, field, questionId, roadId, userId, valueAfter, valueBefore","{'userId': {'types': ['ObjectId'], 'presence_rate': '100%', 'sample_values': []}, 'questionId': {'types': ['ObjectId'], 'presence_rate': '100%', 'sample_values': []}, 'checklistId': {'types': ['ObjectId'], 'presence_rate': '100%', 'sample_values': []}, 'field': {'types': ['str'], 'presence_rate': '100%', 'sample_values': ['NEW QUESTION', 'availability', 'conditionAndQty', 'images', 'remarks']}, 'action': {'types': ['str'], 'presence_rate': '100%', 'sample_values': ['Checklist Question Added', 'Edited Availability from ""2"" to ""1""', 'Edited Availability from ""No"" to ""Yes""', 'Edited Availability from ""Yes"" to ""2""', 'Edited Availability to ""0""', 'Edited Availability to ""1""']}, 'createdAt': {'types': ['datetime'], 'presence_rate': '100%', 'sample_values': []}, 'roadId': {'types': ['ObjectId'], 'presence_rate': '100%', 'sample_values': []}, '__v': {'types': ['int'], 'presence_rate': '100%', 'sample_values': []}, 'valueBefore': {'types': ['NoneType', 'str'], 'presence_rate': '22%', 'sample_values': ['', '2', 'Adequate', 'InAdequate', 'No', 'Ok']}, 'valueAfter': {'types': ['str'], 'presence_rate': '85%', 'sample_values': ['', '0', '1', '10', '2', '6']}}","users, questions, checklists, roads",Internal,ok
questions,Inspection Checklist Questions and Answers,Inspections & Tasks,"Stores individual questions and their corresponding answers that are part of a larger inspection checklist. Each record represents a single checked item related to highway assets, equipment, or safety procedures.",Inspection Question Answer,"questionType, item, availability, remarks, checkListId","__v, _id, availability, checkListId, conditionAndQty, createdAt, createdBy, description, images, item, questionType, remarks, roadId, serialNumber, updatedAt, updatedBy","{'serialNumber': {'types': ['str', 'float'], 'presence_rate': '100%', 'sample_values': ['1.1', '1.10', '1.11', '1.12', '1.13', '1.14']}, 'questionType': {'types': ['str'], 'presence_rate': '100%', 'sample_values': ['Barriers', 'Canopy', 'Equipment/Tool/List', 'Mechanical Inventory', 'Medical Equipments', 'Pavement']}, 'item': {'types': ['str'], 'presence_rate': '100%', 'sample_values': ['1 Portable electric windshield cutter (1)', '4 wooden wedges, 4 rectangular wooden blocks for stabilizing light and heavy', 'Air Conditioner', 'Animal Hook (1)', 'Are barriers made up of Reinforced concrete?', 'Are barriers painted with reflective chevron marking?']}, 'availability': {'types': ['NoneType', 'str'], 'presence_rate': '100%', 'sample_values': ['', '0', '10', '2', '3', '4']}, 'remarks': {'types': ['NoneType', 'str'], 'presence_rate': '100%', 'sample_values': ['', 'Available ', 'Certificate No: NA', 'Good ', 'Not working ', 'OK']}, 'description': {'types': ['NoneType'], 'presence_rate': '55%', 'sample_values': []}, 'checkListId': {'types': ['ObjectId'], 'presence_rate': '100%', 'sample_values': []}, 'roadId': {'types': ['ObjectId'], 'presence_rate': '100%', 'sample_values': []}, 'images': {'types': ['list'], 'presence_rate': '99%', 'sample_values': []}, 'createdBy': {'types': ['ObjectId'], 'presence_rate': '100%', 'sample_values': []}, 'createdAt': {'types': ['datetime'], 'presence_rate': '100%', 'sample_values': []}, 'updatedAt': {'types': ['datetime'], 'presence_rate': '100%', 'sample_values': []}, 'updatedBy': {'types': ['ObjectId'], 'presence_rate': '100%', 'sample_values': []}, '__v': {'types': ['int'], 'presence_rate': '100%', 'sample_values': []}, 'conditionAndQty': {'types': ['str'], 'presence_rate': '59%', 'sample_values': ['', '0', '10', '2', '3', '4']}}","checklists, roads, users",Internal,ok
roadassethistories,Road Asset Histories,Infrastructure & Assets,"This collection serves as an audit log, recording historical changes made to road asset records. Each document captures a single modification, including the field changed, its value before and after the change, the user responsible, and when the change occurred.",Road Asset History,"roadAssetId, field, action, userId, createdAt","__v, _id, action, createdAt, field, roadAssetId, roadId, userId, valueAfter, valueBefore","{'userId': {'types': ['ObjectId'], 'presence_rate': '100%', 'sample_values': []}, 'roadAssetId': {'types': ['ObjectId'], 'presence_rate': '100%', 'sample_values': []}, 'valueAfter': {'types': ['str'], 'presence_rate': '87%', 'sample_values': ['107.84', '113.74', '125.86', '128.36', '136.25', '140.14']}, 'field': {'types': ['str'], 'presence_rate': '100%', 'sample_values': ['NEW Road Asset', 'approximateChainage', 'images', 'sheetingType', 'status']}, 'action': {'types': ['str'], 'presence_rate': '100%', 'sample_values': ['Edited Approximate Chainage from ""107.76"" to ""107.84""', 'Edited Approximate Chainage from ""128.48"" to ""128.36""', 'Edited Approximate Chainage from ""267.8"" to ""267.77""', 'Edited Approximate Chainage from ""46.26"" to ""46.28""', 'Edited Approximate Chainage from ""56.72"" to ""56.73""', 'Edited Approximate Chainage from ""60.58"" to ""60.57""']}, 'createdAt': {'types': ['datetime'], 'presence_rate': '100%', 'sample_values': []}, 'roadId': {'types': ['ObjectId'], 'presence_rate': '100%', 'sample_values': []}, '__v': {'types': ['int'], 'presence_rate': '100%', 'sample_values': []}, 'valueBefore': {'types': ['str'], 'presence_rate': '14%', 'sample_values': ['107.76', '128.48', '267.8', '46.26', '56.72', '60.58']}}","roadassets, users, roads",Internal,ok
roadassets,Road Assets,Infrastructure & Assets,"This collection serves as a comprehensive inventory of all physical assets located along the highways. It contains detailed records of items such as road signs, culverts, lighting, and other road furniture, including their type, specific attributes, precise geographic location, and operational status.",Road Asset,"assetType, category, chainage, location, status","__v, _id, accelerationLaneLength, accelerationLaneLengthLHS, accelerationLaneLengthRHS, accessPointType, approximateChainage, arm, assetType, category, chTechTeam, chainage, chainageTo, contactPerson, createdAt, createdBy, decelerationLaneLength, decelerationLaneLengthLHS, decelerationLaneLengthRHS, direction, height, hospitalName, images, installationType, junctionType, length, lightType, lightingType, location, locationType, luxLevel, luxRequirementAvg, luxRequirementMin, mobileNumber, noOfApproachingArms, noOfExpanionJointsOnLHS, noOfExpanionJointsOnRHS, noOfLanesLHS, noOfLanesRHS, offSetFromKerb, otherPlacementType, otherSignBoardName, pavmentMarkingType, placement, placementType, poleHeight, policeStationName, radius, remark, roadId, roadType, sheetingType, signBoardName, signalType, signboardClassification, signboardStructure, size, status, storageLaneLengthLHS, storageLaneLengthRHS, structureNo, structureType, title, updatedAt, updatedBy, width, widthLHS, widthRHS","{'status': {'types': ['str'], 'presence_rate': '100%', 'sample_values': ['APPROVED', 'DUPLICATE', 'SUBMITTED']}, 'category': {'types': ['str'], 'presence_rate': '100%', 'sample_values': ['Amenities', 'Highways', 'Road Furnitures']}, 'chainage': {'types': ['int', 'float'], 'presence_rate': '100%', 'sample_values': []}, 'direction': {'types': ['str'], 'presence_rate': '99%', 'sample_values': ['BHS', 'LHS', 'RHS']}, 'placement': {'types': ['str'], 'presence_rate': '97%', 'sample_values': ['Avenue', 'Median', 'Separator', 'Shoulder']}, 'roadType': {'types': ['str'], 'presence_rate': '99%', 'sample_values': ['Approach Road', 'MCW', 'SR']}, 'location': {'types': ['dict'], 'presence_rate': '100%', 'sample_values': []}, 'location.type': {'types': ['str'], 'presence_rate': '100%', 'sample_values': ['Point']}, 'location.coordinates': {'types': ['list'], 'presence_rate': '100%', 'sample_values': []}, 'location._id': {'types': ['ObjectId'], 'presence_rate': '100%', 'sample_values': []}, 'createdAt': {'types': ['datetime'], 'presence_rate': '100%', 'sample_values': []}, 'chTechTeam': {'types': ['bool'], 'presence_rate': '9%', 'sample_values': []}, 'signBoardName': {'types': ['str'], 'presence_rate': '33%', 'sample_values': ['Flag Type Direction Sign', 'Left Hand Curve', 'Maximum Speed limit', 'National Highway Route Marker Sign', 'Object Hazard Marker (Right)', 'Object Hazard Marker (left)']}, 'assetType': {'types': ['str'], 'presence_rate': '100%', 'sample_values': ['Access Point-Entry/Exit', 'Culvert', 'Delineators', 'Hectometer Stones', 'Kilometer Stones', 'Lightings']}, 'signboardClassification': {'types': ['str'], 'presence_rate': '33%', 'sample_values': ['Cautionary Signs', 'Informatory Signs', 'Mandatory Signs']}, 'images': {'types': ['list'], 'presence_rate': '100%', 'sample_values': []}, 'createdBy': {'types': ['ObjectId'], 'presence_rate': '100%', 'sample_values': []}, 'updatedAt': {'types': ['datetime'], 'presence_rate': '100%', 'sample_values': []}, 'updatedBy': {'types': ['ObjectId'], 'presence_rate': '100%', 'sample_values': []}, 'roadId': {'types': ['ObjectId'], 'presence_rate': '100%', 'sample_values': []}, 'title': {'types': ['str'], 'presence_rate': '100%', 'sample_values': ['ADTPL-RA-APE-23', 'ADTPL-RA-L-1046', 'ADTPL-RA-L-610', 'APEL-RA-L-409', 'APEL-RA-L-66', 'APEL-RA-SB-2070']}, 'approximateChainage': {'types': ['int', 'float'], 'presence_rate': '98%', 'sample_values': []}, '__v': {'types': ['int'], 'presence_rate': '100%', 'sample_values': []}, 'height': {'types': ['int', 'float'], 'presence_rate': '32%', 'sample_values': []}, 'lightType': {'types': ['str'], 'presence_rate': '22%', 'sample_values': ['Led', 'Other']}, 'installationType': {'types': ['str'], 'presence_rate': '22%', 'sample_values': ['Double Arm', 'Double Arm Staggered', 'Highmast Light', 'Single Arm']}, 'luxLevel': {'types': ['int'], 'presence_rate': '13%', 'sample_values': []}, 'poleHeight': {'types': ['int', 'float'], 'presence_rate': '19%', 'sample_values': []}, 'lightingType': {'types': ['str'], 'presence_rate': '23%', 'sample_values': ['High Mast', 'Street Lighting']}, 'signboardStructure': {'types': ['str'], 'presence_rate': '27%', 'sample_values': ['Dual Pole', 'Single Pole']}, 'otherSignBoardName': {'types': ['str'], 'presence_rate': '21%', 'sample_values': ['', 'Emergency sign board', 'Go slow sign board', 'Petrol pump ', 'accident sign. board completed ']}, 'size': {'types': ['int', 'float'], 'presence_rate': '27%', 'sample_values': []}, 'sheetingType': {'types': ['str'], 'presence_rate': '25%', 'sample_values': ['Type-IV', 'Type-XI']}, 'offSetFromKerb': {'types': ['int', 'float'], 'presence_rate': '13%', 'sample_values': []}, 'placementType': {'types': ['str'], 'presence_rate': '5%', 'sample_values': ['Arjun', 'Kaner', 'Karanj', 'Others']}, 'remark': {'types': ['str'], 'presence_rate': '7%', 'sample_values': ['3 Arm', 'Chevron ', 'Good visible ', 'Marking condition is good', 'Ok', 'Ok ']}, 'luxRequirementAvg': {'types': ['int'], 'presence_rate': '6%', 'sample_values': []}, 'luxRequirementMin': {'types': ['int', 'float'], 'presence_rate': '6%', 'sample_values': []}, 'width': {'types': ['int'], 'presence_rate': '3%', 'sample_values': []}, 'length': {'types': ['int'], 'presence_rate': '1%', 'sample_values': []}, 'locationType': {'types': ['str'], 'presence_rate': '1%', 'sample_values': ['Bangar ', 'Telagondavaripalli']}, 'chainageTo': {'types': ['int', 'float'], 'presence_rate': '7%', 'sample_values': []}, 'signalType': {'types': ['str'], 'presence_rate': '3%', 'sample_values': ['Blinker', 'Traffic Signal']}, 'pavmentMarkingType': {'types': ['str'], 'presence_rate': '1%', 'sample_values': ['Arrow']}, 'junctionType': {'types': ['str'], 'presence_rate': '1%', 'sample_values': ['Nil']}, 'otherPlacementType': {'types': ['str'], 'presence_rate': '1%', 'sample_values': ['Alphesia', 'Nandhiyavetta']}, 'arm': {'types': ['str'], 'presence_rate': '2%', 'sample_values': ['Two Arm']}, 'widthLHS': {'types': ['int'], 'presence_rate': '1%', 'sample_values': []}, 'widthRHS': {'types': ['int'], 'presence_rate': '1%', 'sample_values': []}, 'noOfLanesLHS': {'types': ['int'], 'presence_rate': '1%', 'sample_values': []}, 'noOfLanesRHS': {'types': ['int'], 'presence_rate': '1%', 'sample_values': []}, 'accessPointType': {'types': ['str'], 'presence_rate': '1%', 'sample_values': ['Both']}, 'accelerationLaneLength': {'types': ['int'], 'presence_rate': '1%', 'sample_values': []}}","roads, users",Internal,ok
roads,Roads,Infrastructure & Assets,"This collection contains master data for road assets and associated Special Purpose Vehicles (SPVs) managed by Cube Highways. It defines each road's name, geographical limits (chainage), and integration codes for SAP.",Road,"roadName, spvName, sapPlantCode, chainageFrom, chainageTo","_id, assetVersion, chainageFrom, chainageTo, createdAt, entitySubType, entityType, isInvit, networkName, projectLine, projectName, roadName, sapFunctionalCode, sapPlantCode, sapPostingDate, spvName, subNetworkName","{'roadName': {'types': ['str'], 'presence_rate': '100%', 'sample_values': ['adtpl', 'apel', 'bfhl', 'bwhpl', 'chataapl', 'chfapl']}, 'spvName': {'types': ['str'], 'presence_rate': '100%', 'sample_values': ['HO Name : Cube Highways Fund Advisors Private Limited(CHFAPL)', 'HO Name : Cube Highways Growth Advisory Private Limited(CHGAPL)', 'HO Name : Cube Highways Operations Management Private Limited(CHOMPL)', 'HO Name : Cube Highways Root Foundation(CHRF)', 'HO Name : Cube Highways Technologies Private Limited(CHTL)', 'SPV Name :  Andhra Pradesh Expressway Limited (APEL)']}, 'projectName': {'types': ['str'], 'presence_rate': '100%', 'sample_values': [' ']}, 'chainageFrom': {'types': ['int', 'float'], 'presence_rate': '100%', 'sample_values': []}, 'chainageTo': {'types': ['int', 'float'], 'presence_rate': '100%', 'sample_values': []}, 'networkName': {'types': ['str'], 'presence_rate': '100%', 'sample_values': ['CUBE']}, 'subNetworkName': {'types': ['str'], 'presence_rate': '100%', 'sample_values': ['CUBE']}, 'assetVersion': {'types': ['str'], 'presence_rate': '100%', 'sample_values': ['1.0.0', '1.0.1', '1.0.2', '1.0.4', '1.0.5', '1.0.6']}, 'projectLine': {'types': ['str'], 'presence_rate': '100%', 'sample_values': [' ']}, 'sapPlantCode': {'types': ['int'], 'presence_rate': '100%', 'sample_values': []}, 'sapFunctionalCode': {'types': ['str'], 'presence_rate': '100%', 'sample_values': ['1100-HO', '1200-HO', '1300-HO', '1500-HO', '1600-HO', '1700-HO']}, 'entityType': {'types': ['str'], 'presence_rate': '100%', 'sample_values': ['HO', 'SPV']}, 'entitySubType': {'types': ['str'], 'presence_rate': '100%', 'sample_values': ['ANNUITY', 'BOT', 'HO', 'TOT']}, 'isInvit': {'types': ['bool'], 'presence_rate': '100%', 'sample_values': []}, 'createdAt': {'types': ['datetime'], 'presence_rate': '100%', 'sample_values': []}, 'sapPostingDate': {'types': ['int'], 'presence_rate': '100%', 'sample_values': []}}",,Internal,ok
roadtollplazas,Road Toll Plazas,Infrastructure & Assets,"Stores information about toll plazas located on various highways, including their name, code, location (chainage), and lane configurations.",Toll Plaza,"name, plazaCode, roadId, chainage","LHSTotalLanes, RHSTotalLanes, _id, chainage, name, plazaCode, roadId","{'name': {'types': ['str'], 'presence_rate': '100%', 'sample_values': ['Amoli', 'Ankadhal', 'Babina', 'Bagsarai', 'Bideibadkudar', 'Chandermore']}, 'plazaCode': {'types': ['str'], 'presence_rate': '100%', 'sample_values': ['TP-1', 'TP-2', 'TP-3', 'TP-4', 'TP-5', 'TP-6']}, 'chainage': {'types': ['int', 'float'], 'presence_rate': '100%', 'sample_values': []}, 'LHSTotalLanes': {'types': ['int', 'float'], 'presence_rate': '100%', 'sample_values': []}, 'RHSTotalLanes': {'types': ['int', 'float'], 'presence_rate': '100%', 'sample_values': []}, 'roadId': {'types': ['ObjectId'], 'presence_rate': '100%', 'sample_values': []}}",roads,Internal,ok
rolehistories,Role History,Administration,"An audit log that records the history of all changes made to user roles and their associated permissions, such as creation, deletion, or modification.",Role History Record,"userId, roleId, field, action, createdAt","__v, _id, action, createdAt, field, permissionId, roleId, userId","{'userId': {'types': ['ObjectId'], 'presence_rate': '100%', 'sample_values': []}, 'roleId': {'types': ['ObjectId'], 'presence_rate': '100%', 'sample_values': []}, 'permissionId': {'types': ['ObjectId'], 'presence_rate': '91%', 'sample_values': []}, 'field': {'types': ['str'], 'presence_rate': '100%', 'sample_values': ['PERMISSION CREATED', 'PERMISSION DELETED', 'ROLE CREATED', 'name']}, 'action': {'types': ['str'], 'presence_rate': '100%', 'sample_values': ['Permission disabled to CREATE ACCIDENT in ADMIN', 'Permission disabled to CREATE STORE in ADMIN', 'Permission disabled to CREATE USER in APP', 'Permission disabled to DELETE USER in APP', 'Permission disabled to READ ISSUE in ADMIN', 'Permission disabled to READ STORE in APP']}, 'createdAt': {'types': ['datetime'], 'presence_rate': '100%', 'sample_values': []}, '__v': {'types': ['int'], 'presence_rate': '100%', 'sample_values': []}}","users, roles, aclpermissions",Internal,ok
roles,User Roles,Administration,"This collection stores definitions for user roles within the system. Each document represents a specific role, such as 'CEO/COO' or 'Contractor Supervisor', which is assigned to users to control their access and permissions.",User Role,"rolename, createdBy, updatedBy","__v, _id, createdAt, createdBy, oldIds, rolename, updatedAt, updatedBy","{'rolename': {'types': ['str'], 'presence_rate': '100%', 'sample_values': ['AI-HO', 'ATMS ', 'Budget Read', 'CEO/COO', 'CRO', 'Contractor Supervisor']}, 'createdBy': {'types': ['ObjectId'], 'presence_rate': '94%', 'sample_values': []}, 'createdAt': {'types': ['datetime'], 'presence_rate': '94%', 'sample_values': []}, 'updatedAt': {'types': ['datetime'], 'presence_rate': '94%', 'sample_values': []}, 'updatedBy': {'types': ['ObjectId'], 'presence_rate': '94%', 'sample_values': []}, '__v': {'types': ['int'], 'presence_rate': '94%', 'sample_values': []}, 'oldIds': {'types': ['dict'], 'presence_rate': '32%', 'sample_values': []}, 'oldIds.61d305b0895e77083aeb40d6': {'types': ['ObjectId'], 'presence_rate': '26%', 'sample_values': []}, 'oldIds.61d306a88d665d084749965f': {'types': ['ObjectId'], 'presence_rate': '26%', 'sample_values': []}, 'oldIds.61d306d92d54b10853bccd41': {'types': ['ObjectId'], 'presence_rate': '26%', 'sample_values': []}, 'oldIds.61d306f9616ce9085f1a28b9': {'types': ['ObjectId'], 'presence_rate': '26%', 'sample_values': []}, 'oldIds.61d30762052dd8086b7ecbe4': {'types': ['ObjectId'], 'presence_rate': '27%', 'sample_values': []}, 'oldIds.61d30786851a1308777c3a22': {'types': ['ObjectId'], 'presence_rate': '27%', 'sample_values': []}, 'oldIds.61d307b3c1c073089ca40b33': {'types': ['ObjectId'], 'presence_rate': '28%', 'sample_values': []}, 'oldIds.61d3081bf9229608a8b197a4': {'types': ['ObjectId'], 'presence_rate': '27%', 'sample_values': []}, 'oldIds.61d308681f872e08b4a74efd': {'types': ['ObjectId'], 'presence_rate': '27%', 'sample_values': []}, 'oldIds.61d308d314d50f08c0a90e5d': {'types': ['ObjectId'], 'presence_rate': '29%', 'sample_values': []}, 'oldIds.61d308f52a58ce08ccef6dee': {'types': ['ObjectId'], 'presence_rate': '26%', 'sample_values': []}, 'oldIds.61d3091270d81108d81538c5': {'types': ['ObjectId'], 'presence_rate': '27%', 'sample_values': []}, 'oldIds.61d309329d480f08e4126839': {'types': ['ObjectId'], 'presence_rate': '26%', 'sample_values': []}, 'oldIds.61d309697620ec08f05ae6bc': {'types': ['ObjectId'], 'presence_rate': '28%', 'sample_values': []}}",users,Internal,ok
shiftreporthistories,Shift Report Histories,Inspections & Tasks,"This collection serves as an audit log, recording all changes and actions performed on employee shift reports. It tracks which field was modified, the values before and after the change, the user who performed the action, and when it occurred.",Shift Report History,"shiftReportId, userId, field, action, createdAt","__v, _id, action, createdAt, field, roadId, shiftReportId, userId, valueAfter, valueBefore","{'userId': {'types': ['ObjectId'], 'presence_rate': '100%', 'sample_values': []}, 'shiftReportId': {'types': ['ObjectId'], 'presence_rate': '100%', 'sample_values': []}, 'valueAfter': {'types': ['str'], 'presence_rate': '92%', 'sample_values': ['103721', '111872', '1386', '1418.2', '1452.1', '176819']}, 'field': {'types': ['str'], 'presence_rate': '100%', 'sample_values': ['NEW SHIFT REPORT', 'images', 'status', 'vehicleEndKM']}, 'action': {'types': ['str'], 'presence_rate': '100%', 'sample_values': ['Edited Status from ""APPROVED"" to ""SUBMITTED""', 'Edited Status from ""DUPLICATE"" to ""ON-GOING""', 'Edited Status from ""ON-GOING"" to ""SUBMITTED""', 'Edited Status from ""SUBMITTED"" to ""APPROVED""', 'Edited Vehicle End KM to ""103721""', 'Edited Vehicle End KM to ""111872""']}, 'createdAt': {'types': ['datetime'], 'presence_rate': '100%', 'sample_values': []}, 'roadId': {'types': ['ObjectId'], 'presence_rate': '100%', 'sample_values': []}, '__v': {'types': ['int'], 'presence_rate': '100%', 'sample_values': []}, 'valueBefore': {'types': ['str'], 'presence_rate': '19%', 'sample_values': ['APPROVED', 'DUPLICATE', 'ON-GOING', 'SUBMITTED']}}","shiftreports, users, roads",Internal,ok
shiftreports,Shift Reports,Inspections & Tasks,"This collection contains logs for each work shift undertaken by highway patrol and support vehicles. Each document records details such as the vehicle used, personnel on duty, start and end times, odometer readings, and any remarks or incidents during the shift.",Shift Report,"shiftReportId, vehicleType, createdAt, vehicleStartKM, vehicleEndKM","__v, _id, additionalStaff, audioURL, createdAt, createdBy, driver, endHour, endMinute, images, imsComponentId, imsHelper, imsRPO, location, remarks, roadAidUserNameId, roadId, shiftDate, shiftNumber, shiftReportId, startHour, startMinute, status, updatedAt, updatedBy, vehicle, vehicleEndKM, vehicleStartKM, vehicleType","{'status': {'types': ['str'], 'presence_rate': '100%', 'sample_values': ['APPROVED', 'DUPLICATE', 'ON-GOING', 'SUBMITTED']}, 'shiftNumber': {'types': ['int'], 'presence_rate': '100%', 'sample_values': []}, 'createdAt': {'types': ['datetime'], 'presence_rate': '100%', 'sample_values': []}, 'vehicleType': {'types': ['str'], 'presence_rate': '100%', 'sample_values': ['Ambulance', 'Crane', 'Hydra', 'RPV']}, 'roadAidUserNameId': {'types': ['ObjectId'], 'presence_rate': '92%', 'sample_values': []}, 'location': {'types': ['dict'], 'presence_rate': '97%', 'sample_values': []}, 'location.type': {'types': ['str'], 'presence_rate': '97%', 'sample_values': ['Point']}, 'location.coordinates': {'types': ['list'], 'presence_rate': '97%', 'sample_values': []}, 'location._id': {'types': ['ObjectId'], 'presence_rate': '97%', 'sample_values': []}, 'remarks': {'types': ['str'], 'presence_rate': '100%', 'sample_values': ['', '01 Oxygen pressure indicator not work & Surgical gloves not available ', 'A ll OK ', 'A shift start at 6am.', 'All OK ', 'All ok']}, 'vehicleStartKM': {'types': ['int', 'float'], 'presence_rate': '93%', 'sample_values': []}, 'startHour': {'types': ['int', 'NoneType'], 'presence_rate': '93%', 'sample_values': []}, 'startMinute': {'types': ['int', 'NoneType'], 'presence_rate': '93%', 'sample_values': []}, 'endHour': {'types': ['int', 'NoneType'], 'presence_rate': '93%', 'sample_values': []}, 'endMinute': {'types': ['int', 'NoneType'], 'presence_rate': '93%', 'sample_values': []}, 'imsRPO': {'types': ['ObjectId'], 'presence_rate': '90%', 'sample_values': []}, 'imsHelper': {'types': ['ObjectId'], 'presence_rate': '93%', 'sample_values': []}, 'vehicle': {'types': ['ObjectId'], 'presence_rate': '93%', 'sample_values': []}, 'images': {'types': ['list'], 'presence_rate': '100%', 'sample_values': []}, 'createdBy': {'types': ['ObjectId'], 'presence_rate': '100%', 'sample_values': []}, 'updatedAt': {'types': ['datetime'], 'presence_rate': '100%', 'sample_values': []}, 'updatedBy': {'types': ['ObjectId'], 'presence_rate': '100%', 'sample_values': []}, 'roadId': {'types': ['ObjectId'], 'presence_rate': '100%', 'sample_values': []}, 'shiftReportId': {'types': ['str'], 'presence_rate': '100%', 'sample_values': ['SR-AMB-110', 'SR-AMB-1137', 'SR-AMB-1161', 'SR-AMB-117', 'SR-AMB-1292', 'SR-AMB-12966']}, '__v': {'types': ['int'], 'presence_rate': '100%', 'sample_values': []}, 'vehicleEndKM': {'types': ['int', 'float'], 'presence_rate': '92%', 'sample_values': []}, 'shiftDate': {'types': ['datetime'], 'presence_rate': '11%', 'sample_values': []}, 'driver': {'types': ['ObjectId'], 'presence_rate': '75%', 'sample_values': []}, 'additionalStaff': {'types': ['ObjectId'], 'presence_rate': '9%', 'sample_values': []}, 'imsComponentId': {'types': ['int'], 'presence_rate': '7%', 'sample_values': []}}","vehicles, users, roads",Internal,ok
signboards,Signboard Assets,Infrastructure & Assets,"This collection serves as a comprehensive inventory of all signboard assets located along the managed highways. It captures detailed attributes for each sign, including its unique ID, precise location, type, text, and installation details.",Signboard Asset,"assetId, chainage, signType, roadId, installationDate","IRCCode, __v, _id, assetId, chainage, direction, images, installationDate, installationType, owner, placeName, placement, remark, roadId, roadType, sheetingType, signBoardText, signPlateSize, signType","{'chainage': {'types': ['int', 'float'], 'presence_rate': '100%', 'sample_values': []}, 'placeName': {'types': ['str'], 'presence_rate': '98%', 'sample_values': ['Alathur', 'Anjukiramam', 'Boolam', 'Bothalaplaem', 'Challagundla', 'Chandarnagar']}, 'direction': {'types': ['str'], 'presence_rate': '100%', 'sample_values': ['Both ', 'Cross Road@ RHS', 'LHS', 'RHS']}, 'roadType': {'types': ['str'], 'presence_rate': '100%', 'sample_values': ['BT Road', 'Bituminous Road', 'CC Road', 'CR', 'MCW', 'Main Carriageway']}, 'placement': {'types': ['str'], 'presence_rate': '98%', 'sample_values': [' Median', 'Approach Road', 'Box Culvert', 'Double Pole', 'Island', 'Junction at 457470']}, 'installationType': {'types': ['str'], 'presence_rate': '100%', 'sample_values': ['08 POLE', 'Approach Road', 'CONCRETE', 'Concrete', 'Double Pole', 'N/A']}, 'signType': {'types': ['str'], 'presence_rate': '100%', 'sample_values': ['Accident Prone Zone', 'CAUTIONARY ', 'Cautionary', 'Chevron sign ', 'Chevron signs', 'Compulsory Keep Left']}, 'signBoardText': {'types': ['str'], 'presence_rate': '100%', 'sample_values': ['AS per IRC Specification', 'Bus stop', 'CHEVRON', 'Cheveron', 'Chevron', 'Chevron signs']}, 'signPlateSize': {'types': ['str'], 'presence_rate': '98%', 'sample_values': ['1200 mm Triangle', '1200mm ', '1200mm Tri', '1200mm tri', '2000*1500mm', '300 mm * 900 mm']}, 'sheetingType': {'types': ['str'], 'presence_rate': '98%', 'sample_values': ['ACP', 'ACP Sheet', 'ACP Sheet ', 'ACP sheet', 'NA', 'Retroreflective Type  IV- ']}, 'owner': {'types': ['str'], 'presence_rate': '98%', 'sample_values': ['APEL', 'JMTL', 'KETL', 'KMTL', 'MKTL', 'NA']}, 'installationDate': {'types': ['datetime'], 'presence_rate': '98%', 'sample_values': []}, 'IRCCode': {'types': ['str'], 'presence_rate': '98%', 'sample_values': ['67-2012', 'IRC 67', 'IRC 67 ', 'IRC 67 2001', 'IRC 84 & IRC:67', 'IRC SP 67']}, 'assetId': {'types': ['str'], 'presence_rate': '100%', 'sample_values': ['A-SB-100', 'A-SB-1013', 'A-SB-1025', 'A-SB-1040', 'A-SB-1042', 'A-SB-1051']}, 'images': {'types': ['list'], 'presence_rate': '100%', 'sample_values': []}, '__v': {'types': ['int'], 'presence_rate': '100%', 'sample_values': []}, 'roadId': {'types': ['ObjectId'], 'presence_rate': '100%', 'sample_values': []}, 'remark': {'types': ['str'], 'presence_rate': '16%', 'sample_values': ['Chevron', 'Dia', 'Left OHM', 'Median Opening', 'Merging Traffic Ahead', 'Octoganal']}}",roads,Internal,ok
sitevisits,Site Visits,Inspections & Tasks,"Stores records of physical site visits conducted by personnel along highways. Each record captures the location (road and chainage), user observations, and photographic evidence for a specific point in time.",Site Visit,"roadId, chainage, createdAt, remarks","__v, _id, audioURL, chainage, createdAt, createdBy, direction, images, remarks, roadId, updatedAt, updatedBy","{'remarks': {'types': ['str'], 'presence_rate': '84%', 'sample_values': ['', 'Avenue cleaning', 'Blinker missing', 'Boargaon information sign board is missing', 'Bridge safety side wall missing', 'CH  193.800 to 193.400']}, 'direction': {'types': ['str'], 'presence_rate': '100%', 'sample_values': ['BHS', 'LHS', 'MEDIAN', 'RHS']}, 'chainage': {'types': ['int', 'float'], 'presence_rate': '100%', 'sample_values': []}, 'roadId': {'types': ['ObjectId'], 'presence_rate': '100%', 'sample_values': []}, 'images': {'types': ['list'], 'presence_rate': '100%', 'sample_values': []}, 'createdBy': {'types': ['ObjectId'], 'presence_rate': '100%', 'sample_values': []}, 'createdAt': {'types': ['datetime'], 'presence_rate': '100%', 'sample_values': []}, 'updatedAt': {'types': ['datetime'], 'presence_rate': '98%', 'sample_values': []}, 'updatedBy': {'types': ['ObjectId'], 'presence_rate': '97%', 'sample_values': []}, '__v': {'types': ['int'], 'presence_rate': '100%', 'sample_values': []}}","roads, users",Internal,ok
storagelocations,Storage Locations,Resources & Inventory,"Contains information about physical storage locations for materials and inventory. Each record details a specific storage site, linking it to a plant, road, and company, and includes descriptive information and an address.",Storage Location,"storageLocation, storageLocationDescription, plantCode, roadId","_id, address, companyCode, createdAt, plantCode, roadId, storageLocation, storageLocationDescription","{'roadId': {'types': ['ObjectId'], 'presence_rate': '100%', 'sample_values': []}, 'plantCode': {'types': ['ObjectId'], 'presence_rate': '100%', 'sample_values': []}, 'storageLocation': {'types': ['int'], 'presence_rate': '100%', 'sample_values': []}, 'storageLocationDescription': {'types': ['str'], 'presence_rate': '100%', 'sample_values': ['', 'APEL', 'BFHL', 'CHFAPL', 'Control Room Building', 'DBWHPL']}, 'companyCode': {'types': ['int'], 'presence_rate': '100%', 'sample_values': []}, 'createdAt': {'types': ['datetime'], 'presence_rate': '100%', 'sample_values': []}, 'address': {'types': ['str'], 'presence_rate': '76%', 'sample_values': ['CUBE HIGHWAYS TRUST\r\nUPPER GROUND FLOOR, B-376, NIRMA Vihar,EAST DELHI-110092', 'H. No. 22-194/3/1/2,Rallaguda Village,Shamshabad Mandal, Ranga Reddy501218.', 'Khasra No-2093, Mada Tehsil Chenani-182141,  Udhampur, Jammu and Kashmir', 'NH44, New Airport Road, Bangalore Hyderabad Highway, Karnataka : Pin 562157']}}","roads, plantcodes",Internal,ok
tbms,Temporary Bench Marks,Infrastructure & Assets,"This collection contains records of Temporary Bench Marks (TBMs), which are physical markers used for surveying and locating assets along highways. Each document includes the TBM's unique asset ID, its location specified by road, chainage, and direction, and its installation date.",Temporary Bench Mark,"assetId, roadId, chainage, direction, referenceNo","__v, _id, assetId, chainage, direction, images, installationDate, reducedLevel, referenceNo, remark, roadId","{'chainage': {'types': ['int', 'float'], 'presence_rate': '100%', 'sample_values': []}, 'referenceNo': {'types': ['str'], 'presence_rate': '100%', 'sample_values': ['B.M 154 on Top pipes', 'Box Culvert Wall', 'Box Culvert Wall Top', 'Box culvert', 'Box culvert wall (-2)', 'Bridge Crash Barrier Top']}, 'direction': {'types': ['str'], 'presence_rate': '100%', 'sample_values': ['LHS', 'Median', 'RHS']}, 'installationDate': {'types': ['datetime'], 'presence_rate': '79%', 'sample_values': []}, 'assetId': {'types': ['str'], 'presence_rate': '100%', 'sample_values': ['A-TBM-1', 'A-TBM-10', 'A-TBM-104', 'A-TBM-108', 'A-TBM-12', 'A-TBM-123']}, 'images': {'types': ['list'], 'presence_rate': '100%', 'sample_values': []}, '__v': {'types': ['int'], 'presence_rate': '100%', 'sample_values': []}, 'roadId': {'types': ['ObjectId'], 'presence_rate': '100%', 'sample_values': []}, 'reducedLevel': {'types': ['str'], 'presence_rate': '21%', 'sample_values': ['181.657', '182.954', '183.952', '184.145', '184.699', '185.589']}, 'remark': {'types': ['str'], 'presence_rate': '1%', 'sample_values': ['Black Spot']}}",roads,Internal,ok
tollplazas,Toll Plazas,Infrastructure & Assets,"Stores information about the physical and operational characteristics of toll plazas, including their location (chainage), number of lanes, and construction details.",Toll Plaza,"assetId, roadId, chainage, tollingLanes, constructionDate","ETCLanes, __v, _id, assetId, chainage, constructionDate, images, remark, roadId, roadType, tollBooths, tollingLanes","{'chainage': {'types': ['float'], 'presence_rate': '100%', 'sample_values': []}, 'tollingLanes': {'types': ['int'], 'presence_rate': '100%', 'sample_values': []}, 'ETCLanes': {'types': ['int'], 'presence_rate': '100%', 'sample_values': []}, 'tollBooths': {'types': ['int'], 'presence_rate': '100%', 'sample_values': []}, 'roadType': {'types': ['str'], 'presence_rate': '87%', 'sample_values': ['CC Road', 'Four Lane NH Road', 'MCW', 'PQC', 'Rigid', 'Rigid ']}, 'constructionDate': {'types': ['datetime'], 'presence_rate': '87%', 'sample_values': []}, 'assetId': {'types': ['str'], 'presence_rate': '100%', 'sample_values': ['A-TP-1', 'A-TP-2', 'A-TP-3', 'A-TP-4']}, 'images': {'types': ['list'], 'presence_rate': '100%', 'sample_values': []}, '__v': {'types': ['int'], 'presence_rate': '100%', 'sample_values': []}, 'roadId': {'types': ['ObjectId'], 'presence_rate': '100%', 'sample_values': []}, 'remark': {'types': ['str'], 'presence_rate': '47%', 'sample_values': ['Amoli', 'CC Road only in the booth area', 'Handover By NHAI', 'KETL PLAZA', 'Ludhwai', 'MKTL Plaza']}}",roads,Internal,ok
travelrequesthistories,Travel Request History,Administration,Records the history of changes and status updates for employee travel requests. Each document acts as an audit log entry for a specific travel request.,Travel Request History Entry,"travelRequestId, userId, action, field, createdAt","__v, _id, action, createdAt, field, roadId, travelRequestId, userId, valueAfter, valueBefore","{'userId': {'types': ['ObjectId'], 'presence_rate': '100%', 'sample_values': []}, 'travelRequestId': {'types': ['ObjectId'], 'presence_rate': '100%', 'sample_values': []}, 'field': {'types': ['str'], 'presence_rate': '100%', 'sample_values': ['NEW TRAVEL REQUEST', 'status']}, 'valueBefore': {'types': ['str'], 'presence_rate': '50%', 'sample_values': ['DRAFT']}, 'valueAfter': {'types': ['str'], 'presence_rate': '50%', 'sample_values': ['SUBMITTED']}, 'action': {'types': ['str'], 'presence_rate': '100%', 'sample_values': ['New Travel Request Added', 'Updated Status from ""DRAFT"" to ""SUBMITTED""']}, 'roadId': {'types': ['ObjectId'], 'presence_rate': '100%', 'sample_values': []}, 'createdAt': {'types': ['datetime'], 'presence_rate': '100%', 'sample_values': []}, '__v': {'types': ['int'], 'presence_rate': '100%', 'sample_values': []}}","users, travelrequests, roads",Internal,ok
travelrequests,Travel Requests,Administration,"Stores employee requests for business travel, including details on flights/trains, cab services, and hotel accommodations. It also tracks the approval status and associated project codes for the travel.",Travel Request,"status, purposeOfTravel, travellersDetails.employeeCode, flightTrainData.destination, createdAt","__v, _id, additionalEmployees, adminCoordinator, cabData, createdAt, createdBy, department, designation, employeeCode, flightTrainData, hodApprovalConfirmed, hotelData, itineraryChangesAcknowledged, mobileNumber, name, purposeOfTravel, reportingManagerId, roadId, spvCode, status, title, travellersDetails, updatedAt, updatedBy, visitingWBS","{'additionalEmployees': {'types': ['list'], 'presence_rate': '100%', 'sample_values': []}, 'hodApprovalConfirmed': {'types': ['bool'], 'presence_rate': '100%', 'sample_values': []}, 'itineraryChangesAcknowledged': {'types': ['bool'], 'presence_rate': '100%', 'sample_values': []}, 'reportingManagerId': {'types': ['ObjectId'], 'presence_rate': '100%', 'sample_values': []}, 'name': {'types': ['str'], 'presence_rate': '100%', 'sample_values': ['Jayant Meena']}, 'designation': {'types': ['str'], 'presence_rate': '100%', 'sample_values': ['Assistant Manager']}, 'mobileNumber': {'types': ['str'], 'presence_rate': '100%', 'sample_values': ['8619570427']}, 'adminCoordinator': {'types': ['str'], 'presence_rate': '100%', 'sample_values': ['Jyoti Chopra']}, 'purposeOfTravel': {'types': ['str'], 'presence_rate': '100%', 'sample_values': ['Others']}, 'visitingWBS': {'types': ['str'], 'presence_rate': '100%', 'sample_values': ['CC/TS/05']}, 'travellersDetails': {'types': ['dict'], 'presence_rate': '100%', 'sample_values': []}, 'travellersDetails.isSelfBooking': {'types': ['str'], 'presence_rate': '100%', 'sample_values': ['YES']}, 'travellersDetails._id': {'types': ['ObjectId'], 'presence_rate': '100%', 'sample_values': []}, 'travellersDetails.fullName': {'types': ['str'], 'presence_rate': '100%', 'sample_values': ['Jayant Meena']}, 'travellersDetails.employeeCode': {'types': ['str'], 'presence_rate': '100%', 'sample_values': ['CH180']}, 'travellersDetails.designation': {'types': ['str'], 'presence_rate': '100%', 'sample_values': ['Assistant Manager']}, 'flightTrainData': {'types': ['dict'], 'presence_rate': '100%', 'sample_values': []}, 'flightTrainData.isRequired': {'types': ['str'], 'presence_rate': '100%', 'sample_values': ['YES']}, 'flightTrainData.isReturnTicketNeeded': {'types': ['str'], 'presence_rate': '100%', 'sample_values': ['NO']}, 'flightTrainData._id': {'types': ['ObjectId'], 'presence_rate': '100%', 'sample_values': []}, 'flightTrainData.mode': {'types': ['str'], 'presence_rate': '100%', 'sample_values': ['FLIGHT']}, 'flightTrainData.origin': {'types': ['str'], 'presence_rate': '100%', 'sample_values': ['Delhi']}, 'flightTrainData.destination': {'types': ['str'], 'presence_rate': '100%', 'sample_values': ['HYD']}, 'flightTrainData.departurePreferableTimeslot': {'types': ['str'], 'presence_rate': '100%', 'sample_values': ['Morning']}, 'flightTrainData.returnPreferableTimeslot': {'types': ['str'], 'presence_rate': '100%', 'sample_values': ['']}, 'flightTrainData.additionalComments': {'types': ['str'], 'presence_rate': '100%', 'sample_values': ['nil']}, 'flightTrainData.departureDate': {'types': ['datetime'], 'presence_rate': '100%', 'sample_values': []}, 'cabData': {'types': ['dict'], 'presence_rate': '100%', 'sample_values': []}, 'cabData.isRequired': {'types': ['str'], 'presence_rate': '100%', 'sample_values': ['YES']}, 'cabData.isOutStationCabNeeded': {'types': ['str'], 'presence_rate': '100%', 'sample_values': ['NO']}, 'cabData._id': {'types': ['ObjectId'], 'presence_rate': '100%', 'sample_values': []}, 'cabData.numberOfDays': {'types': ['int'], 'presence_rate': '100%', 'sample_values': []}, 'cabData.pickupDate': {'types': ['datetime'], 'presence_rate': '100%', 'sample_values': []}, 'cabData.pickupTime': {'types': ['str'], 'presence_rate': '100%', 'sample_values': ['09:00']}, 'cabData.pickupLocation': {'types': ['str'], 'presence_rate': '100%', 'sample_values': ['Airport']}, 'cabData.additionalComments': {'types': ['str'], 'presence_rate': '100%', 'sample_values': ['Nil']}, 'hotelData': {'types': ['dict'], 'presence_rate': '100%', 'sample_values': []}, 'hotelData.isRequired': {'types': ['str'], 'presence_rate': '100%', 'sample_values': ['YES']}, 'hotelData._id': {'types': ['ObjectId'], 'presence_rate': '100%', 'sample_values': []}, 'hotelData.bookingLocation': {'types': ['str'], 'presence_rate': '100%', 'sample_values': ['HYD']}, 'hotelData.bookingDate': {'types': ['datetime'], 'presence_rate': '100%', 'sample_values': []}, 'hotelData.numberOfDays': {'types': ['int'], 'presence_rate': '100%', 'sample_values': []}, 'hotelData.numberOfRooms': {'types': ['int'], 'presence_rate': '100%', 'sample_values': []}, 'hotelData.additionalComments': {'types': ['str'], 'presence_rate': '100%', 'sample_values': ['nil']}, 'hotelData.boardingAndLodgingWBS': {'types': ['str'], 'presence_rate': '100%', 'sample_values': ['CC/TS/05']}, 'spvCode': {'types': ['str'], 'presence_rate': '100%', 'sample_values': ['1100 CHATAAPL']}, 'department': {'types': ['ObjectId'], 'presence_rate': '100%', 'sample_values': []}, 'employeeCode': {'types': ['ObjectId'], 'presence_rate': '100%', 'sample_values': []}, 'roadId': {'types': ['ObjectId'], 'presence_rate': '100%', 'sample_values': []}, 'createdBy': {'types': ['ObjectId'], 'presence_rate': '100%', 'sample_values': []}, 'status': {'types': ['str'], 'presence_rate': '100%', 'sample_values': ['SUBMITTED']}, 'createdAt': {'types': ['datetime'], 'presence_rate': '100%', 'sample_values': []}, 'updatedAt': {'types': ['datetime'], 'presence_rate': '100%', 'sample_values': []}, 'updatedBy': {'types': ['ObjectId'], 'presence_rate': '100%', 'sample_values': []}, 'title': {'types': ['str'], 'presence_rate': '100%', 'sample_values': ['TR-1']}, '__v': {'types': ['int'], 'presence_rate': '100%', 'sample_values': []}}","employees, users, roads",Confidential,ok
underpasses,Underpasses,Infrastructure & Assets,"Stores an inventory of underpass structures along the highway, detailing their specific location, type, physical dimensions, and construction date.",Underpass,"assetId, chainage, underpassType, constructionDate","__v, _id, assetId, carriagewayWidth, chainage, constructionDate, deckWidth, direction, images, remark, roadId, roadType, span, structureType, underpassType","{'chainage': {'types': ['int', 'float'], 'presence_rate': '99%', 'sample_values': []}, 'direction': {'types': ['str'], 'presence_rate': '99%', 'sample_values': ['BHS', 'Both', 'LHS', 'RHS']}, 'span': {'types': ['int', 'float'], 'presence_rate': '99%', 'sample_values': []}, 'roadType': {'types': ['str'], 'presence_rate': '99%', 'sample_values': ['BT', 'BT Road', 'Bituminous', 'Flexible', 'Flexible ', 'MCW']}, 'underpassType': {'types': ['str'], 'presence_rate': '100%', 'sample_values': ['Cattle', 'Pedestrian', 'Pedestrian / Cattle / Vehicular', 'Vehicular']}, 'carriagewayWidth': {'types': ['int', 'float'], 'presence_rate': '99%', 'sample_values': []}, 'deckWidth': {'types': ['int', 'float'], 'presence_rate': '99%', 'sample_values': []}, 'structureType': {'types': ['str'], 'presence_rate': '99%', 'sample_values': ['BOX', 'Box', 'Box Type', 'Flexible Pavement', 'RCC', 'RCC BOX']}, 'constructionDate': {'types': ['datetime'], 'presence_rate': '99%', 'sample_values': []}, 'remark': {'types': ['str'], 'presence_rate': '8%', 'sample_values': ['Handedover By NHAI']}, 'assetId': {'types': ['str'], 'presence_rate': '100%', 'sample_values': ['A-UP-1', 'A-UP-10', 'A-UP-11', 'A-UP-12', 'A-UP-13', 'A-UP-14']}, 'images': {'types': ['list'], 'presence_rate': '100%', 'sample_values': []}, '__v': {'types': ['int'], 'presence_rate': '100%', 'sample_values': []}, 'roadId': {'types': ['ObjectId'], 'presence_rate': '100%', 'sample_values': []}}",roads,Internal,ok
usedoils,Used Oil Records,Resources & Inventory,"This collection tracks the generation and disposal of used oil from servicing activities at various toll plazas. It includes quantities, servicing dates, selling dates, and photographic evidence.",Used Oil Record,"plazaCode, tollPlazaName, usedOilGeneratedQuantity, dateOfServicing, dateOfSelling","__v, _id, createdAt, createdBy, dateOfSelling, dateOfServicing, images, plazaCode, roadId, tollPlazaName, updatedAt, updatedBy, usedOilGeneratedQuantity","{'plazaCode': {'types': ['str'], 'presence_rate': '100%', 'sample_values': ['TP-1', 'TP-2', 'TP-3', 'TP-6']}, 'tollPlazaName': {'types': ['str'], 'presence_rate': '100%', 'sample_values': ['Bagsarai', 'Elechuru', 'Handia', 'Laxmipur', 'Ludhawai', 'Modugulapaly']}, 'usedOilGeneratedQuantity': {'types': ['int', 'float'], 'presence_rate': '100%', 'sample_values': []}, 'dateOfServicing': {'types': ['datetime'], 'presence_rate': '100%', 'sample_values': []}, 'createdAt': {'types': ['datetime'], 'presence_rate': '100%', 'sample_values': []}, 'images': {'types': ['list'], 'presence_rate': '100%', 'sample_values': []}, 'createdBy': {'types': ['ObjectId'], 'presence_rate': '100%', 'sample_values': []}, 'updatedAt': {'types': ['datetime'], 'presence_rate': '100%', 'sample_values': []}, 'updatedBy': {'types': ['ObjectId'], 'presence_rate': '100%', 'sample_values': []}, 'roadId': {'types': ['ObjectId'], 'presence_rate': '100%', 'sample_values': []}, '__v': {'types': ['int'], 'presence_rate': '100%', 'sample_values': []}, 'dateOfSelling': {'types': ['datetime'], 'presence_rate': '14%', 'sample_values': []}}","roads, users",Internal,ok
userhistories,User Histories,Administration,"This collection is an audit trail, recording the history of actions performed by users on various entities within the system. It logs what field was changed, the values before and after the change, the user who performed the action, and the target user or entity that was affected.",User History Record,"userId, targetUserId, action, field, createdAt","__v, _id, action, createdAt, field, roadId, targetUserId, userId, valueAfter, valueBefore","{'targetUserId': {'types': ['ObjectId'], 'presence_rate': '99%', 'sample_values': []}, 'valueBefore': {'types': ['str'], 'presence_rate': '91%', 'sample_values': ['', '6000111127', 'Maintenance Supervisor', 'SPV FINANCE,SPV INSURANCE,grn-ses', 'apel,datl,frhl,jmtl,ketl,mbel,mktl,nam,ndepl,wuptl,wvel,mhpl,gaepl,htl', 'apel,datl,frhl,jmtl,ketl,mktl,nam,ndepl,wuptl,wvel,gaepl']}, 'valueAfter': {'types': ['str'], 'presence_rate': '91%', 'sample_values': ['', '6364517e64a36acd069065fa', '9666186187', 'Contractor Supervisor', 'F&A', 'HO-Operations Coordinator,HO OPERATIONS SYSTEM']}, 'field': {'types': ['str'], 'presence_rate': '100%', 'sample_values': ['NEW USER', 'NEW VENDOR', 'mobileNumber', 'password', 'roads', 'role']}, 'action': {'types': ['str'], 'presence_rate': '100%', 'sample_values': ['Changed Employee  to ""Krishnaiah T C""', 'Edited Mobile Number from ""6000111127"" to ""9666186187""', 'New Vendor Added From Vendor Details', 'New Vendor added through Vendor script', 'Password has been reset', 'Password is changed']}, 'createdAt': {'types': ['datetime'], 'presence_rate': '100%', 'sample_values': []}, 'userId': {'types': ['ObjectId'], 'presence_rate': '99%', 'sample_values': []}, '__v': {'types': ['int'], 'presence_rate': '99%', 'sample_values': []}, 'roadId': {'types': ['ObjectId'], 'presence_rate': '1%', 'sample_values': []}}","users, roads",Confidential,ok
users,User Accounts,Administration,"Stores user accounts for the highway management system, including personal details, authentication credentials, assigned roles, and access permissions for specific roads. It also tracks user status and activity.",User Account,"name, mobileNumber, email, status, jobDescription","__v, _id, adminLastActive, allRoads, appLastActive, approverId, category, createdAt, createdBy, deleteReason, email, enableTracking, isCrashLytics, isVendor, jobDescription, lastActive, logoutNum, mobileNumber, name, oldIds, oldNames, otp, password, pushToken, reportingManagerId, roads, securityLevel, status, supervisorId, updatedAt, updatedBy, username, vendorCode, vendorEmployee, vendorId","{'enableTracking': {'types': ['bool'], 'presence_rate': '96%', 'sample_values': []}, 'name': {'types': ['str'], 'presence_rate': '100%', 'sample_values': ['A M Industrial Enterprises', 'AARYAN MOTORS', 'ABHAY FIRE SAFETY AND SERVICE', 'ABRARI GADJET TRADING PRIVATE LIMITED', 'ABSOLUTE PEOPLE SCREEN PRIVATE LIMI', 'ALO GHAR']}, 'username': {'types': ['str'], 'presence_rate': '5%', 'sample_values': ['bovin', 'crane3', 'karan', 'kunal', 'manojketl', 'prabhakaran']}, 'password': {'types': ['str'], 'presence_rate': '100%', 'sample_values': ['$2b$10$.SE2icLzkhqdjwmyInfLJO9TBb19Ozo6t/tGZwgVn/fPQa74lxhum', '$2b$10$.gYYhzvgG/VA6VINmv0IiubKNxDC8ZSekduwU0fmarvrXKjRnuxEC', '$2b$10$.lNw6ItGN2682Wl8qONLSOW1gRfUjgLqUqmFeBnAhtJBvFwgUoM8m', '$2b$10$.yygHlK5sR4I1VnNi.DVzeaoHsJwqYy5Zzv.sz8RyTi2BR/moXXe.', '$2b$10$0q3KywusloqwPUQxaCvDiOi7NHIpTGJSby2if5lj/1Q0Y2l492/fS', '$2b$10$1CbaMI/9OdhSOqx/cPPn8uSi.vDm8olEqJUTMCDqkS/zrg2ehdBEe']}, 'reportingManagerId': {'types': ['ObjectId'], 'presence_rate': '99%', 'sample_values': []}, 'mobileNumber': {'types': ['str'], 'presence_rate': '100%', 'sample_values': ['', '6000110261', '6000110316', '6000110404', '6000110421', '6000110475']}, 'email': {'types': ['str'], 'presence_rate': '96%', 'sample_values': ['', '110316@gmail.com', '110404@gmail.com', '110421@gmail.com', '110619@gmail.com', '110704@gmail.com']}, 'jobDescription': {'types': ['str'], 'presence_rate': '53%', 'sample_values': [' KA 01 MP 8207', '110261', '110316', '110404', '110421', '110475']}, 'logoutNum': {'types': ['int'], 'presence_rate': '90%', 'sample_values': []}, 'createdAt': {'types': ['datetime'], 'presence_rate': '100%', 'sample_values': []}, 'updatedAt': {'types': ['datetime'], 'presence_rate': '99%', 'sample_values': []}, 'createdBy': {'types': ['ObjectId'], 'presence_rate': '75%', 'sample_values': []}, '__v': {'types': ['int'], 'presence_rate': '93%', 'sample_values': []}, 'lastActive': {'types': ['datetime'], 'presence_rate': '59%', 'sample_values': []}, 'appLastActive': {'types': ['datetime'], 'presence_rate': '37%', 'sample_values': []}, 'pushToken': {'types': ['str'], 'presence_rate': '37%', 'sample_values': []}, 'adminLastActive': {'types': ['datetime'], 'presence_rate': '51%', 'sample_values': []}, 'roads': {'types': ['list'], 'presence_rate': '100%', 'sample_values': []}, 'oldNames': {'types': ['dict'], 'presence_rate': '6%', 'sample_values': []}, 'oldNames.61d306d92d54b10853bccd41': {'types': ['str'], 'presence_rate': '1%', 'sample_values': ['Bovin Kumar', 'Tanmoy kumar roy']}, 'oldIds': {'types': ['dict'], 'presence_rate': '6%', 'sample_values': []}, 'oldIds.61d306d92d54b10853bccd41': {'types': ['ObjectId'], 'presence_rate': '1%', 'sample_values': []}, 'otp': {'types': ['dict'], 'presence_rate': '23%', 'sample_values': []}, 'otp.otpCode': {'types': ['int'], 'presence_rate': '23%', 'sample_values': []}, 'otp.generatedTime': {'types': ['datetime'], 'presence_rate': '23%', 'sample_values': []}, 'allRoads': {'types': ['bool'], 'presence_rate': '96%', 'sample_values': []}, 'isCrashLytics': {'types': ['bool'], 'presence_rate': '63%', 'sample_values': []}, 'updatedBy': {'types': ['ObjectId'], 'presence_rate': '99%', 'sample_values': []}, 'vendorCode': {'types': ['str'], 'presence_rate': '69%', 'sample_values': ['110261', '110316', '110404', '110421', '110475', '110616']}, 'isVendor': {'types': ['bool'], 'presence_rate': '69%', 'sample_values': []}, 'vendorId': {'types': ['ObjectId'], 'presence_rate': '68%', 'sample_values': []}, 'vendorEmployee': {'types': ['ObjectId'], 'presence_rate': '14%', 'sample_values': []}, 'status': {'types': ['str'], 'presence_rate': '31%', 'sample_values': ['', 'ACTIVE', 'DELETED']}, 'oldNames.61d309329d480f08e4126839': {'types': ['str'], 'presence_rate': '1%', 'sample_values': ['Bovin Kumar', 'Chandraveer Singh']}, 'oldIds.61d309329d480f08e4126839': {'types': ['ObjectId'], 'presence_rate': '1%', 'sample_values': []}, 'oldNames.61d306f9616ce9085f1a28b9': {'types': ['str'], 'presence_rate': '1%', 'sample_values': ['Bovin Kumar', 'Kunal Agarwal']}, 'oldIds.61d306f9616ce9085f1a28b9': {'types': ['ObjectId'], 'presence_rate': '1%', 'sample_values': []}, 'oldNames.61d306a88d665d084749965f': {'types': ['str'], 'presence_rate': '2%', 'sample_values': ['Bovin - cube', 'Karan Saneja', 'Neterpal Singh']}, 'oldIds.61d306a88d665d084749965f': {'types': ['ObjectId'], 'presence_rate': '2%', 'sample_values': []}, 'deleteReason': {'types': ['str'], 'presence_rate': '3%', 'sample_values': ['Disabled user as user is not active from jan 2026']}, 'oldNames.61d3091270d81108d81538c5': {'types': ['str'], 'presence_rate': '1%', 'sample_values': ['Manoj Yohanand', 'SELVAPRABHAKARAN MUTHU KARUPPIAH']}, 'oldIds.61d3091270d81108d81538c5': {'types': ['ObjectId'], 'presence_rate': '1%', 'sample_values': []}, 'oldNames.61d308681f872e08b4a74efd': {'types': ['str'], 'presence_rate': '1%', 'sample_values': ['Bovin', 'Crane 3']}, 'oldIds.61d308681f872e08b4a74efd': {'types': ['ObjectId'], 'presence_rate': '1%', 'sample_values': []}, 'oldNames.61d307b3c1c073089ca40b33': {'types': ['str'], 'presence_rate': '1%', 'sample_values': ['Bovin Kumar']}, 'oldNames.61d305b0895e77083aeb40d6': {'types': ['str'], 'presence_rate': '1%', 'sample_values': ['Bovin Kumar']}, 'oldNames.61d30762052dd8086b7ecbe4': {'types': ['str'], 'presence_rate': '1%', 'sample_values': ['Bovin - cube', 'Manoj']}, 'oldNames.61d30786851a1308777c3a22': {'types': ['str'], 'presence_rate': '1%', 'sample_values': ['Bovin - cube']}, 'oldNames.61d308d314d50f08c0a90e5d': {'types': ['str'], 'presence_rate': '1%', 'sample_values': ['Bovin Kumar']}, 'oldNames.61d309697620ec08f05ae6bc': {'types': ['str'], 'presence_rate': '1%', 'sample_values': ['Bovin Kumar']}, 'oldIds.61d307b3c1c073089ca40b33': {'types': ['ObjectId'], 'presence_rate': '1%', 'sample_values': []}, 'oldIds.61d305b0895e77083aeb40d6': {'types': ['ObjectId'], 'presence_rate': '1%', 'sample_values': []}, 'oldIds.61d30762052dd8086b7ecbe4': {'types': ['ObjectId'], 'presence_rate': '1%', 'sample_values': []}, 'oldIds.61d30786851a1308777c3a22': {'types': ['ObjectId'], 'presence_rate': '1%', 'sample_values': []}, 'oldIds.61d308d314d50f08c0a90e5d': {'types': ['ObjectId'], 'presence_rate': '1%', 'sample_values': []}, 'oldIds.61d309697620ec08f05ae6bc': {'types': ['ObjectId'], 'presence_rate': '1%', 'sample_values': []}, 'oldNames.61d3081bf9229608a8b197a4': {'types': ['str'], 'presence_rate': '1%', 'sample_values': ['B.Manoj Yohanand']}, 'oldNames.61d308f52a58ce08ccef6dee': {'types': ['str'], 'presence_rate': '1%', 'sample_values': ['Manoj Yohanand']}, 'oldIds.61d3081bf9229608a8b197a4': {'types': ['ObjectId'], 'presence_rate': '1%', 'sample_values': []}, 'oldIds.61d308f52a58ce08ccef6dee': {'types': ['ObjectId'], 'presence_rate': '1%', 'sample_values': []}}","users, roads",Confidential,ok
usershifts,Vehicle Shifts,Administration,"Defines standard work shifts for various vehicle types, such as patrol vehicles and ambulances, operating on specific roads. Each record specifies the shift number, start and end times, and the associated road.",Shift Definition,"roadId, shiftNumber, vehicleType, startHour, endHour","__v, _id, active, createdAt, createdBy, endHour, endMinute, roadId, shiftNumber, startHour, startMinute, updatedAt, updatedBy, vehicleType","{'roadId': {'types': ['ObjectId'], 'presence_rate': '100%', 'sample_values': []}, 'shiftNumber': {'types': ['int'], 'presence_rate': '100%', 'sample_values': []}, 'vehicleType': {'types': ['str'], 'presence_rate': '100%', 'sample_values': ['Ambulance', 'Crane', 'Hydra', 'RPV']}, 'active': {'types': ['bool'], 'presence_rate': '100%', 'sample_values': []}, 'startHour': {'types': ['int'], 'presence_rate': '100%', 'sample_values': []}, 'startMinute': {'types': ['int'], 'presence_rate': '100%', 'sample_values': []}, 'endHour': {'types': ['int'], 'presence_rate': '100%', 'sample_values': []}, 'endMinute': {'types': ['int'], 'presence_rate': '100%', 'sample_values': []}, 'updatedAt': {'types': ['datetime'], 'presence_rate': '55%', 'sample_values': []}, 'updatedBy': {'types': ['ObjectId'], 'presence_rate': '55%', 'sample_values': []}, 'createdAt': {'types': ['datetime'], 'presence_rate': '31%', 'sample_values': []}, 'createdBy': {'types': ['ObjectId'], 'presence_rate': '31%', 'sample_values': []}, '__v': {'types': ['int'], 'presence_rate': '37%', 'sample_values': []}}","roads, users",Internal,ok
vehiclehistories,Vehicle Change History,Resources & Inventory,"A log of all changes made to vehicle records. Each document represents a single modification, tracking the field that was changed, its value before and after the change, the user who performed the action, and when it occurred.",Vehicle History Record,"vehicleId, userId, field, action, createdAt","__v, _id, action, createdAt, field, roadId, userId, valueAfter, valueBefore, vehicleId","{'userId': {'types': ['ObjectId'], 'presence_rate': '100%', 'sample_values': []}, 'vehicleId': {'types': ['ObjectId'], 'presence_rate': '100%', 'sample_values': []}, 'valueBefore': {'types': ['str'], 'presence_rate': '33%', 'sample_values': ['1622003122P105292776', '3003/M', '400000', '444256', 'AMB-2', 'AMB-3']}, 'valueAfter': {'types': ['str'], 'presence_rate': '89%', 'sample_values': ['', '10003/31/25/080354', '1033', '3003/MM-19849530/00/000', '399999', '63d8ac236404deb2e10e5255']}, 'field': {'types': ['str'], 'presence_rate': '100%', 'sample_values': ['NEW PUC', 'NEW VEHICLE', 'NEW VEHICLE FITNESS', 'NEW VEHICLE INSURANCE', 'contractorName', 'disposalDate']}, 'action': {'types': ['str'], 'presence_rate': '100%', 'sample_values': ['Edited Contractor Name  to ""MARKOLINES PAVEMENT TECHNOLOGIES""', 'Edited Odometer Reading from ""400000"" to ""399999"" in Checklist', 'Edited Odometer Reading from ""444256""\n                            to ""1033""', 'Edited Status from ""Operational""\n                            to ""Old""', 'Edited Vehicle Code from ""AMB-2""\n                            to ""-""', 'Edited Vehicle Code from ""AMB-2""\n                            to ""AMB-3""']}, 'createdAt': {'types': ['datetime'], 'presence_rate': '100%', 'sample_values': []}, 'roadId': {'types': ['ObjectId'], 'presence_rate': '100%', 'sample_values': []}, '__v': {'types': ['int'], 'presence_rate': '100%', 'sample_values': []}}","vehicles, users, roads",Internal,ok
vehicles,Vehicle Inventory,Resources & Inventory,"This collection contains a detailed inventory of all vehicles operated by Cube Highways. It tracks essential information such as registration details, ownership, type, operational status, and compliance documents like insurance, fitness certificates, and pollution under control (PUC) certificates.",Vehicle,"vehicleRegistrationNumber, vehicleType, status, vehicleInsuranceExpiryDate, vehicleFitnessExpiryDate","__v, _id, consumableType, contractorName, createdAt, createdBy, department, deployedDate, disposalDate, gpsStatus, images, isNewVehicle, odometerReading, pucExpiryDate, pucIssueDate, pucNumber, roadId, status, title, totalWeightage, updatedAt, updatedBy, vehicleCode, vehicleFitnessExpiryDate, vehicleFitnessIssueDate, vehicleFitnessNumber, vehicleFitnessOtherDetails, vehicleInsuranceExpiryDate, vehicleInsuranceIssueDate, vehicleInsuranceNumber, vehicleInsuranceOtherDetails, vehicleOwner, vehicleOwnerAddress, vehicleRegistrationDate, vehicleRegistrationExpiryDate, vehicleRegistrationNumber, vehicleStatus, vehicleType","{'status': {'types': ['str'], 'presence_rate': '100%', 'sample_values': ['Non-Operational', 'Old', 'Operational']}, 'isNewVehicle': {'types': ['bool'], 'presence_rate': '89%', 'sample_values': []}, 'vehicleType': {'types': ['str'], 'presence_rate': '100%', 'sample_values': ['Ambulance', 'Broomer', 'Bucket Lifter', 'Bus', 'Camper', 'Car']}, 'vehicleRegistrationNumber': {'types': ['str'], 'presence_rate': '100%', 'sample_values': ['00', '000', '2.5 Kva DG Site office ', 'AP 31TA 5544', 'AP 39 AY 6662', 'AP 40 FW 6366']}, 'vehicleRegistrationDate': {'types': ['datetime'], 'presence_rate': '100%', 'sample_values': []}, 'vehicleRegistrationExpiryDate': {'types': ['datetime'], 'presence_rate': '100%', 'sample_values': []}, 'vehicleOwner': {'types': ['str'], 'presence_rate': '100%', 'sample_values': ['7823021209', 'AJUHPL ', 'ASM', 'Aakash Tomar', 'Abbusddian Sk', 'Abdul Sattar']}, 'vehicleOwnerAddress': {'types': ['str'], 'presence_rate': '80%', 'sample_values': ['.', '16-5-252/B 3RD LANE OLD GUNTUR LB NAGAR GUNTUR ANDHRA PRADESH  522001', '205-206 KRISHNA TOWER 2/1 NEW, PALASIYA INDORE, INDORE MADHYA PRADESH 452001', '294 Vardhman nagar B Ajmer road jaipur \nRJ 302019', '35, Arjun Nagar, Tonk Road Durgapura Jaipur Rajasthan 322018', '6-3-609/15, 2ND FLR Ananda Nagar Colony, Khairatabad, Hyderabad, Telangana.']}, 'pucNumber': {'types': ['str'], 'presence_rate': '87%', 'sample_values': ['0', '00', '000', '0000', '001', '0065']}, 'pucIssueDate': {'types': ['datetime'], 'presence_rate': '100%', 'sample_values': []}, 'pucExpiryDate': {'types': ['datetime'], 'presence_rate': '100%', 'sample_values': []}, 'gpsStatus': {'types': ['str'], 'presence_rate': '100%', 'sample_values': ['Not Installed', 'Not Working', 'Working']}, 'vehicleInsuranceNumber': {'types': ['str'], 'presence_rate': '100%', 'sample_values': ['000', '0000000037852517', '00027830', '01635111170200', '01635111220300', '0163511140300']}, 'vehicleInsuranceIssueDate': {'types': ['datetime'], 'presence_rate': '100%', 'sample_values': []}, 'vehicleInsuranceExpiryDate': {'types': ['datetime'], 'presence_rate': '100%', 'sample_values': []}, 'vehicleInsuranceOtherDetails': {'types': ['str'], 'presence_rate': '100%', 'sample_values': ['.', '1 Year', 'ACE INSURANCE ', 'ATMS New vehicle ', 'Added ', 'Ambulance Insurance ']}, 'vehicleFitnessNumber': {'types': ['str'], 'presence_rate': '83%', 'sample_values': ['0', '00', '000', '0000', '00000', '001']}, 'vehicleFitnessIssueDate': {'types': ['datetime'], 'presence_rate': '100%', 'sample_values': []}, 'vehicleFitnessExpiryDate': {'types': ['datetime'], 'presence_rate': '100%', 'sample_values': []}, 'vehicleFitnessOtherDetails': {'types': ['str'], 'presence_rate': '82%', 'sample_values': ['.', 'ABC', 'AMBULANCE', 'Ambulance ', 'Bus', 'CERTIFICATE OF FITNESS']}, 'odometerReading': {'types': ['int', 'float'], 'presence_rate': '100%', 'sample_values': []}, 'images': {'types': ['list'], 'presence_rate': '100%', 'sample_values': []}, 'createdAt': {'types': ['datetime'], 'presence_rate': '100%', 'sample_values': []}, 'createdBy': {'types': ['ObjectId'], 'presence_rate': '100%', 'sample_values': []}, 'updatedAt': {'types': ['datetime'], 'presence_rate': '100%', 'sample_values': []}, 'updatedBy': {'types': ['ObjectId'], 'presence_rate': '100%', 'sample_values': []}, 'roadId': {'types': ['ObjectId'], 'presence_rate': '100%', 'sample_values': []}, 'title': {'types': ['str'], 'presence_rate': '100%', 'sample_values': ['AMB-1', 'AMB-2', 'AMB-3', 'AMB-4', 'AMB-6', 'AMB-7']}, '__v': {'types': ['int'], 'presence_rate': '100%', 'sample_values': []}, 'vehicleStatus': {'types': ['str'], 'presence_rate': '100%', 'sample_values': ['APPROVED', 'OPEN', 'SUBMITTED']}, 'consumableType': {'types': ['str'], 'presence_rate': '100%', 'sample_values': ['CNG', 'Diesel', 'EV', 'Petrol']}, 'deployedDate': {'types': ['datetime'], 'presence_rate': '86%', 'sample_values': []}, 'disposalDate': {'types': ['datetime'], 'presence_rate': '61%', 'sample_values': []}, 'vehicleCode': {'types': ['str'], 'presence_rate': '19%', 'sample_values': ['AMB-1', 'AMB-2', 'AMB-3', 'AMB-4', 'HYDRA-1', 'HYDRA-2']}, 'totalWeightage': {'types': ['int', 'float'], 'presence_rate': '35%', 'sample_values': []}, 'department': {'types': ['str'], 'presence_rate': '55%', 'sample_values': ['ATMS', 'Authority', 'Maintenance', 'Operation']}, 'contractorName': {'types': ['ObjectId'], 'presence_rate': '55%', 'sample_values': []}}","users, roads, contractors",Confidential,ok
watermeters,Water Meters,Infrastructure & Assets,"Stores information and readings for water meters installed along highways. Each record includes the meter's location, type, latest reading, and images for verification.",Water Meter,"title, meterReading, chainage, type, roadId","__v, _id, chainage, createdAt, createdBy, description, images, meterReading, plazaCode, plazaName, roadId, title, type, updatedAt, updatedBy","{'type': {'types': ['str'], 'presence_rate': '100%', 'sample_values': ['Others', 'Toilet Block', 'Toll Plaza']}, 'chainage': {'types': ['int', 'float'], 'presence_rate': '100%', 'sample_values': []}, 'meterReading': {'types': ['int', 'float'], 'presence_rate': '100%', 'sample_values': []}, 'plazaCode': {'types': ['str'], 'presence_rate': '49%', 'sample_values': ['TP-1', 'TP-2', 'TP-3']}, 'plazaName': {'types': ['str'], 'presence_rate': '49%', 'sample_values': ['Elechuru', 'Karabylu', 'Rajadhok', 'Tummalachervu', 'Western UP']}, 'description': {'types': ['str'], 'presence_rate': '100%', 'sample_values': ['', '105+240/RHS', '122+640/LHS Toilet block ', '122+640/LHS toilet block', '122+680/RHS', '122+680/RHS Toilet block']}, 'images': {'types': ['list'], 'presence_rate': '100%', 'sample_values': []}, 'createdAt': {'types': ['datetime'], 'presence_rate': '100%', 'sample_values': []}, 'createdBy': {'types': ['ObjectId'], 'presence_rate': '100%', 'sample_values': []}, 'updatedAt': {'types': ['datetime'], 'presence_rate': '100%', 'sample_values': []}, 'updatedBy': {'types': ['ObjectId'], 'presence_rate': '100%', 'sample_values': []}, 'roadId': {'types': ['ObjectId'], 'presence_rate': '100%', 'sample_values': []}, 'title': {'types': ['str'], 'presence_rate': '100%', 'sample_values': ['WM-1012', 'WM-102', 'WM-1020', 'WM-1030', 'WM-1037', 'WM-1047']}, '__v': {'types': ['int'], 'presence_rate': '100%', 'sample_values': []}}","roads, users, tollplazas",Internal,ok
workorderhistories,Work Order History,Inspections & Tasks,"This collection serves as an audit log, recording the history of changes made to work orders. Each document captures a specific modification, including the field that was altered, its value before and after the change, the user responsible, and the timestamp of the event.",Work Order History Record,"workOrderId, field, action, createdAt, userId","__v, _id, action, createdAt, field, roadId, userId, valueAfter, valueBefore, workOrderId","{'userId': {'types': ['ObjectId'], 'presence_rate': '86%', 'sample_values': []}, 'workOrderId': {'types': ['ObjectId'], 'presence_rate': '100%', 'sample_values': []}, 'valueBefore': {'types': ['str'], 'presence_rate': '55%', 'sample_values': ['', '0', '10000000', '1200000', '240000', '400000']}, 'valueAfter': {'types': ['str'], 'presence_rate': '81%', 'sample_values': ['', '0', '1000000', '10000000', '2023/HAM VRCIHDFC/Proposal-940', '360000']}, 'field': {'types': ['str'], 'presence_rate': '100%', 'sample_values': ['NEW WorkOrder', 'aggrementNumber', 'contractEndDate', 'contractStartDate', 'contractValue', 'description']}, 'action': {'types': ['str'], 'presence_rate': '100%', 'sample_values': ['Edited Aggrement Number from ""qqqqq"" to ""NA""', 'Edited Aggrement Number to ""2023/HAM VRCIHDFC/Proposal-940""', 'Edited Aggrement Number to ""CHTPL-Externa1-ENGINEERING/LIE/GWHPL/031""', 'Edited Aggrement Number to ""MIPL/23-24/291""', 'Edited Contract Value from ""0"" to ""10000000""', 'Edited Contract Value from ""10000000"" to ""1000000""']}, 'createdAt': {'types': ['datetime'], 'presence_rate': '100%', 'sample_values': []}, 'roadId': {'types': ['ObjectId'], 'presence_rate': '100%', 'sample_values': []}, '__v': {'types': ['int'], 'presence_rate': '86%', 'sample_values': []}}","workorders, users, roads",Confidential,ok
workorders,Work Orders,Inspections & Tasks,"This collection stores records of work orders issued for various highway management projects. Each document contains details such as the scope of work, contract value, key dates, status, and associated customer and project information.",Work Order,"status, contractValue, projectId, contractStartDate, contractEndDate","__v, _id, aggrementNumber, contractEndDate, contractStartDate, contractValue, createdAt, createdBy, customerName, description, files, legalVetting, location, nameOfSegment, otherProjectType, paymentScheduleType, projectId, projectType, roadId, scopeOfWork, segmentContactEmail, segmentContactNumber, segmentContactPerson, status, title, updatedAt, updatedBy, wbsCode, workOrderDate","{'status': {'types': ['str'], 'presence_rate': '100%', 'sample_values': ['IN-PROGRESS']}, 'customerName': {'types': ['ObjectId'], 'presence_rate': '100%', 'sample_values': []}, 'projectId': {'types': ['str'], 'presence_rate': '67%', 'sample_values': ['---', '----', 'NA', 'Proj-536', 'Proj-560', 'Proj-667']}, 'nameOfSegment': {'types': ['str'], 'presence_rate': '98%', 'sample_values': ['AT-ITS', 'EN-Engineering', 'TA-Traffic AI']}, 'segmentContactPerson': {'types': ['ObjectId'], 'presence_rate': '98%', 'sample_values': []}, 'segmentContactEmail': {'types': ['str'], 'presence_rate': '100%', 'sample_values': ['Abhishek.Gadekar@chtech.in', 'Abhishek.Tripathi@chtech.in', 'Abhishek.Tripathi@chtech.in ', 'Ankit.Saxena@chtech.in', 'Harish.Joshi@chtech.in', 'Kamlesh.Gupta@chtech.in']}, 'segmentContactNumber': {'types': ['str'], 'presence_rate': '100%', 'sample_values': ['8008627345', '8130228926', '8468906951', '8860247646', '8890630236', '9000136202']}, 'aggrementNumber': {'types': ['str'], 'presence_rate': '89%', 'sample_values': ['2021/HAM/HDFC/Proposal-872', '2021/HAM_DUHPL/Gawar/Proposal-850(R1)', '2021/HAM_GRAKHPL!HDFC/Proposai-804(R2)', '2021/HAM_HBHPL/Gawar/Proposal-832', '2021/HAM_HHHPL/Gawar/Proposal-819', '2022/HAM GR/HDFC/ProposaI-873']}, 'workOrderDate': {'types': ['datetime'], 'presence_rate': '96%', 'sample_values': []}, 'contractValue': {'types': ['str'], 'presence_rate': '96%', 'sample_values': ['1000000', '10000000', '1010000', '1200000', '146138.1', '1500000']}, 'contractStartDate': {'types': ['datetime'], 'presence_rate': '100%', 'sample_values': []}, 'contractEndDate': {'types': ['datetime'], 'presence_rate': '100%', 'sample_values': []}, 'wbsCode': {'types': ['str'], 'presence_rate': '57%', 'sample_values': ['', '1500/OT1/EN/ASRL/001', '1500/OT1/EN/GBHP/001', '1500/OT1/EN/GJRP/001', '1500/OT1/EN/GWHP/001', '1500/OT1/EN/HBHP/001']}, 'description': {'types': ['str'], 'presence_rate': '98%', 'sample_values': ['ATCC Vision based Supply\n', 'LIE of railway Projects of M/s.Angul Sukinda Railway Ltd. ', ""Lender's Engineer Services for\nKundli - Manesar Expressway"", 'Lenders Engineer Services for Supervision\nof O&M of Pune Satara Section of NH4', 'Prebid Engineering Services for\nSTRR in the State of Karnataka', 'Project Management Consultancy Services (Phase-I)']}, 'scopeOfWork': {'types': ['str'], 'presence_rate': '85%', 'sample_values': ['', 'Purchase of Material', 'Scope Of Works for Phase I: Consultancv Services for Periodic Maintenance ', 'Submission of Quarterly Reports both Technical and Financial ']}, 'location': {'types': ['str'], 'presence_rate': '100%', 'sample_values': ['Hyderabad', 'Noida']}, 'legalVetting': {'types': ['str'], 'presence_rate': '100%', 'sample_values': ['No']}, 'paymentScheduleType': {'types': ['str'], 'presence_rate': '100%', 'sample_values': ['milestone']}, 'files': {'types': ['list'], 'presence_rate': '100%', 'sample_values': []}, 'createdAt': {'types': ['datetime'], 'presence_rate': '100%', 'sample_values': []}, 'createdBy': {'types': ['ObjectId'], 'presence_rate': '100%', 'sample_values': []}, 'updatedAt': {'types': ['datetime'], 'presence_rate': '100%', 'sample_values': []}, 'updatedBy': {'types': ['ObjectId'], 'presence_rate': '100%', 'sample_values': []}, 'roadId': {'types': ['ObjectId'], 'presence_rate': '100%', 'sample_values': []}, 'title': {'types': ['str'], 'presence_rate': '100%', 'sample_values': ['WO-1', 'WO-10', 'WO-11', 'WO-12', 'WO-13', 'WO-14']}, '__v': {'types': ['int'], 'presence_rate': '100%', 'sample_values': []}, 'projectType': {'types': ['list'], 'presence_rate': '100%', 'sample_values': []}, 'otherProjectType': {'types': ['str'], 'presence_rate': '2%', 'sample_values': ['ITS']}}","customers, users, roads",Internal,ok
